NUM_SOLICITUD,SUCURSAL,STATUS_SOLICITUD,PUNTO_DECISION,APROBACION_TC,TIPO_CTE,LINEA_CREDITO_FINAL,CUENTA_ASIGNADA,MESES_VENCIDOS,SALDO_CUENTA,CAPACIDAD_TC,INGRESO_INFERIDO,COMPROBANTE_INGRESOS,SEGMENTO_CLIENTE,CLIENTE_CDE,SUMA_LINEAS_REVOLVENTES,NIVEL_RIESGO,CAPACIDAD_PAGO_TOTAL,SOLICITUDES_RECHAZADAS,SCORE_CLIENTE,SCORE_COMPORTAMIENTO,PEOR_MOP_TARJETAS,SUMA_SALDOS_TARJETAS,SUMA_PAGO_MIN_TARJETAS,PEOR_HISTORIA_CREDITO,SUMA_SALDOS_TOTAL,NUM_CREDITOS,EDAD,TIPO_VIVIENDA,ESCOLARIDAD
2.01311E+16,912,Cancelada,PS1,Rechazado,MALO,0,,,,,0,RECIBOS DE NOMINA,#N/A,NO_CLIENTE,0,Alto,0%,4,89,0,0,151248,2460,0,99279,0,31,Hipoteca,Posgrado
2.01406E+16,4369,Rechazada,PS1,Rechazado,MALO,0,,,,,0,PROPIEDAD ACTIVO FIJO,#N/A,NO_CLIENTE,0,Alto,0%,5,89,0,0,0,0,0,0,0,26,Propia,Preparatoria
2.01406E+16,4371,Rechazada,PS1,Rechazado,MALO,0,,,,,0,PROPIEDAD ACTIVO FIJO,#N/A,NO_CLIENTE,0,Alto,0%,5,89,0,0,0,0,0,21739,0,46,Renta,Licenciatura
2.01406E+16,148,Rechazada,PS1,Rechazado,MALO,0,,,,,0,PROPIEDAD ACTIVO FIJO,#N/A,NO_CLIENTE,0,Alto,0%,4,89,0,1,15690,1230,0,0,0,34,Propia,Posgrado
2.01406E+16,4357,Rechazada,PS1,Rechazado,MALO,0,,,,,0,RECIBOS DE NOMINA,#N/A,NO_CLIENTE,0,Alto,0%,5,89,0,0,0,0,0,0,0,25,Renta,Preparatoria
2.01406E+16,227,Rechazada,PS1,Rechazado,MALO,0,,,,,0,PROPIEDAD ACTIVO FIJO,#N/A,NO_CLIENTE,0,Alto,0%,4,89,0,1,17012,1090,0,70055,0,53,Hipoteca,Posgrado
2.01406E+16,4691,Rechazada,PS1,Rechazado,MALO,0,,,,,0,PROPIEDAD ACTIVO FIJO,#N/A,NO_CLIENTE,0,Alto,0%,5,89,0,0,0,0,0,6442,0,59,Renta,Preparatoria
2.01406E+16,64,Rechazada,PS1,Rechazado,MALO,0,,,,,0,PROPIEDAD ACTIVO FIJO,#N/A,NO_CLIENTE,0,Alto,0%,5,89,0,0,0,0,0,0,0,32,Renta,Licenciatura
2.01407E+16,4552,Rechazada,PS1,Rechazado,MALO,0,,,,,0,RECIBOS DE NOMINA,#N/A,NO_CLIENTE,0,Alto,0%,4,89,0,0,0,0,0,0,0,31,Propia,Preparatoria
2.01407E+16,272,Rechazada,PS1,Rechazado,MALO,0,,,,,0,RECIBOS DE NOMINA,#N/A,NO_CLIENTE,0,Alto,0%,5,89,0,0,0,0,0,0,0,35,Hipoteca,Posgrado
2.01407E+16,4263,Rechazada,PS1,Rechazado,MALO,0,,,,,0,PROPIEDAD ACTIVO FIJO,#N/A,NO_CLIENTE,0,Alto,0%,4,89,0,0,0,0,0,0,0,43,Familiares,Preparatoria
2.01407E+16,940,Rechazada,PS1,Rechazado,MALO,0,,,,,0,PROPIEDAD ACTIVO FIJO,#N/A,NO_CLIENTE,0,Alto,0%,5,89,0,0,0,0,0,0,0,57,Familiares,Posgrado
2.01407E+16,4359,Rechazada,PS1,Rechazado,MALO,0,,,,,0,RECIBOS DE NOMINA,#N/A,NO_CLIENTE,0,Alto,0%,5,89,0,0,0,0,0,0,0,53,Familiares,Licenciatura
2.01407E+16,4333,Rechazada,PS1,Rechazado,MALO,0,,,,,0,PROPIEDAD ACTIVO FIJO,#N/A,NO_CLIENTE,0,Alto,0%,4,89,0,0,14182,0,0,62328,0,41,Familiares,Secundaria
2.01407E+16,269,Rechazada,PS1,Rechazado,MALO,0,,,,,0,RECIBOS DE NOMINA,#N/A,NO_CLIENTE,0,Alto,0%,5,89,0,0,0,0,0,640,0,57,Renta,Preparatoria
2.01407E+16,626,Rechazada,PS1,Rechazado,MALO,0,,,,,0,PROPIEDAD ACTIVO FIJO,#N/A,NO_CLIENTE,0,Alto,0%,4,89,0,0,43161,0,0,30985,0,43,Renta,Preparatoria
2.01407E+16,4465,Rechazada,PS1,Rechazado,MALO,0,,,,,0,PROPIEDAD ACTIVO FIJO,#N/A,NO_CLIENTE,0,Alto,0%,5,89,0,0,0,0,0,0,0,59,Propia,Posgrado
2.01407E+16,817,Rechazada,PS1,Rechazado,MALO,0,,,,,0,RECIBOS DE NOMINA,#N/A,NO_CLIENTE,0,Alto,0%,5,89,0,0,7882,0,0,0,0,39,Familiares,Posgrado
2.01407E+16,4333,Rechazada,PS1,Rechazado,MALO,0,,,,,0,INVERSIONES,#N/A,NO_CLIENTE,0,Alto,0%,4,89,0,0,0,0,0,1169,0,37,Hipoteca,Licenciatura
2.01407E+16,607,Rechazada,PS1,Rechazado,MALO,0,,,,,0,RECIBOS DE NOMINA,#N/A,NO_CLIENTE,0,Alto,0%,4,89,0,0,0,0,0,0,0,59,Hipoteca,Posgrado
2.01407E+16,343,Rechazada,PS1,Rechazado,MALO,0,,,,,0,PROPIEDAD ACTIVO FIJO,#N/A,NO_CLIENTE,0,Alto,0%,5,89,0,0,0,0,0,0,0,49,Hipoteca,Preparatoria
2.01407E+16,269,Rechazada,PS1,Rechazado,MALO,0,,,,,0,RECIBOS DE NOMINA,#N/A,NO_CLIENTE,0,Alto,0%,5,89,0,0,0,0,0,0,0,59,Hipoteca,Posgrado
2.01407E+16,220,Rechazada,PS1,Rechazado,MALO,0,,,,,0,RECIBOS DE NOMINA,#N/A,NO_CLIENTE,0,Alto,0%,4,89,0,0,0,0,0,0,0,59,Propia,Licenciatura
2.01407E+16,12118,Rechazada,PS1,Rechazado,MALO,0,,,,,0,RECIBOS DE NOMINA,#N/A,NO_CLIENTE,0,Alto,0%,5,89,0,0,0,0,0,0,0,27,Familiares,Licenciatura
2.01407E+16,124,Rechazada,PS1,Rechazado,MALO,0,,,,,0,RECIBOS DE NOMINA,#N/A,NO_CLIENTE,0,Alto,0%,4,89,0,0,0,0,0,0,0,35,Renta,Preparatoria
2.01407E+16,190,Rechazada,PS1,Rechazado,MALO,0,,,,,0,RECIBOS DE NOMINA,#N/A,NO_CLIENTE,0,Alto,0%,5,89,0,0,0,0,0,0,0,49,Renta,Licenciatura
2.01407E+16,151,Rechazada,PS1,Rechazado,MALO,0,,,,,0,PAGOS PROV SEMESTRALES PF,#N/A,NO_CLIENTE,0,Alto,0%,5,89,0,0,0,0,0,0,0,35,Renta,Preparatoria
2.01407E+16,4062,Rechazada,PS1,Rechazado,MALO,0,,,,,0,PROPIEDAD ACTIVO FIJO,#N/A,NO_CLIENTE,0,Alto,0%,4,89,0,1,2139,250,0,0,0,54,Renta,Preparatoria
2.01407E+16,164,Rechazada,PS1,Rechazado,MALO,0,,,,,0,RECIBOS DE NOMINA,#N/A,NO_CLIENTE,0,Alto,0%,4,89,0,0,0,0,0,0,0,25,Familiares,Licenciatura
2.01407E+16,166,Rechazada,PS1,Rechazado,MALO,0,,,,,0,PROPIEDAD ACTIVO FIJO,#N/A,NO_CLIENTE,0,Alto,0%,5,89,0,0,0,0,0,0,0,32,Propia,Posgrado
2.01407E+16,4277,Rechazada,PS1,Rechazado,MALO,0,,,,,0,PAGOS PROV SEMESTRALES PF,#N/A,NO_CLIENTE,0,Alto,0%,5,89,0,0,0,0,0,0,0,47,Hipoteca,Posgrado
2.01407E+16,405,Rechazada,PS1,Rechazado,MALO,0,,,,,0,RECIBOS DE NOMINA,#N/A,NO_CLIENTE,0,Alto,0%,4,89,0,1,3214,250,0,0,0,26,Renta,Licenciatura
2.01407E+16,253,Rechazada,PS1,Rechazado,MALO,0,,,,,0,RECIBOS DE NOMINA,#N/A,NO_CLIENTE,0,Alto,0%,5,89,0,0,0,0,0,0,0,57,Hipoteca,Preparatoria
2.01407E+16,12123,Cancelada,PS1,Rechazado,MALO,0,,,,,0,SIN COMPROBANTE,#N/A,NO_CLIENTE,0,Alto,0%,4,89,0,0,0,0,0,0,0,52,Familiares,Licenciatura
2.01407E+16,9165,Cancelada,PS1,Rechazado,MALO,0,,,,,0,SIN COMPROBANTE,#N/A,NO_CLIENTE,0,Alto,0%,5,89,0,0,0,0,0,0,0,57,Renta,Posgrado
2.01407E+16,462,Rechazada,PS1,Rechazado,MALO,0,,,,,0,RECIBOS DE NOMINA,#N/A,NO_CLIENTE,0,Alto,0%,5,89,0,0,0,0,0,0,0,39,Renta,Posgrado
2.01407E+16,50012,Rechazada,PS1,Rechazado,MALO,0,,,,,0,SIN COMPROBANTE,#N/A,NO_CLIENTE,0,Alto,0%,4,89,0,0,0,0,0,0,0,59,Familiares,Preparatoria
2.01407E+16,20061,Rechazada,PS1,Rechazado,MALO,0,,,,,0,RECIBOS DE NOMINA,#N/A,NO_CLIENTE,0,Alto,0%,5,89,0,0,0,0,0,0,0,32,Familiares,Preparatoria
2.01407E+16,319,Rechazada,PS1,Rechazado,MALO,0,,,,,0,RECIBOS DE NOMINA,#N/A,NO_CLIENTE,0,Alto,0%,4,89,0,0,0,0,0,0,0,30,Propia,Licenciatura
2.01407E+16,752,Rechazada,PS1,Rechazado,MALO,0,,,,,0,RECIBOS DE NOMINA,#N/A,NO_CLIENTE,0,Alto,0%,5,89,0,0,0,0,0,0,0,60,Familiares,Posgrado
2.01407E+16,9193,Rechazada,PS1,Rechazado,MALO,0,,,,,0,PROPIEDAD ACTIVO FIJO,#N/A,NO_CLIENTE,0,Alto,0%,5,89,0,0,0,0,0,0,0,50,Familiares,Posgrado
2.01407E+16,641,Rechazada,PS1,Rechazado,MALO,0,,,,,0,PROPIEDAD ACTIVO FIJO,#N/A,NO_CLIENTE,0,Alto,0%,4,89,0,0,0,0,0,0,0,29,Renta,Preparatoria
2.01407E+16,7418,Rechazada,PS1,Rechazado,MALO,0,,,,,0,RECIBOS DE NOMINA,#N/A,NO_CLIENTE,0,Alto,0%,5,89,0,0,0,0,0,52761,0,45,Renta,Licenciatura
2.01407E+16,11703,Rechazada,PS1,Rechazado,MALO,0,,,,,0,PROPIEDAD ACTIVO FIJO,#N/A,NO_CLIENTE,0,Alto,0%,4,89,0,0,0,0,0,0,0,31,Renta,Posgrado
2.01407E+16,966,Rechazada,PS1,Rechazado,MALO,0,,,,,0,RECIBOS DE NOMINA,#N/A,NO_CLIENTE,0,Alto,0%,5,89,0,0,0,0,0,0,0,27,Propia,Licenciatura
2.01407E+16,207,Rechazada,PS1,Rechazado,MALO,0,,,,,0,PROPIEDAD ACTIVO FIJO,#N/A,NO_CLIENTE,0,Alto,0%,5,89,0,0,10996,0,0,0,0,56,Renta,Preparatoria
2.01407E+16,383,Rechazada,PS1,Rechazado,MALO,0,,,,,0,PROPIEDAD ACTIVO FIJO,#N/A,NO_CLIENTE,0,Alto,0%,4,89,0,0,44691,0,0,43447,0,55,Propia,Licenciatura
2.01407E+16,4339,Rechazada,PS1,Rechazado,MALO,0,,,,,0,RECIBOS DE NOMINA,#N/A,NO_CLIENTE,0,Alto,0%,4,89,0,0,0,0,0,0,0,44,Familiares,Posgrado
2.01407E+16,752,Rechazada,PS1,Rechazado,MALO,0,,,,,0,RECIBOS DE NOMINA,#N/A,NO_CLIENTE,0,Alto,0%,5,89,0,0,0,0,0,0,0,57,Propia,Posgrado
2.01407E+16,815,Rechazada,PS1,Rechazado,MALO,0,,,,,0,PROPIEDAD ACTIVO FIJO,#N/A,NO_CLIENTE,0,Alto,0%,5,89,0,1,3041,630,0,128806,0,39,Renta,Preparatoria
2.01407E+16,885,Rechazada,PS1,Rechazado,MALO,0,,,,,0,PROPIEDAD ACTIVO FIJO,#N/A,NO_CLIENTE,0,Alto,0%,4,89,0,0,0,0,0,0,0,47,Familiares,Posgrado
2.01407E+16,624,Rechazada,PS1,Rechazado,MALO,0,,,,,0,PROPIEDAD ACTIVO FIJO,#N/A,NO_CLIENTE,0,Alto,0%,5,89,0,0,0,0,0,0,0,58,Familiares,Posgrado
2.01407E+16,269,Rechazada,PS1,Rechazado,MALO,0,,,,,0,RECIBOS DE NOMINA,#N/A,NO_CLIENTE,0,Alto,0%,4,89,0,0,0,0,0,0,0,50,Propia,Posgrado
2.01407E+16,306,Rechazada,PS1,Rechazado,MALO,0,,,,,0,RECIBOS DE NOMINA,#N/A,NO_CLIENTE,0,Alto,0%,5,89,0,0,0,0,0,0,0,25,Familiares,Preparatoria
2.01407E+16,126,Rechazada,PS1,Rechazado,MALO,0,,,,,0,RECIBOS DE NOMINA,#N/A,NO_CLIENTE,0,Alto,0%,5,89,0,0,0,0,0,0,0,49,Propia,Posgrado
2.01407E+16,16,Rechazada,PS1,Rechazado,MALO,0,,,,,0,RECIBOS DE NOMINA,#N/A,NO_CLIENTE,0,Alto,0%,4,89,0,0,0,0,0,0,0,30,Propia,Preparatoria
2.01407E+16,424,Rechazada,PS1,Rechazado,MALO,0,,,,,0,PROPIEDAD ACTIVO FIJO,#N/A,NO_CLIENTE,0,Alto,0%,4,89,0,0,0,0,0,0,0,33,Renta,Licenciatura
2.01407E+16,9402,Rechazada,PS1,Rechazado,MALO,0,,,,,0,RECIBOS DE NOMINA,#N/A,NO_CLIENTE,0,Alto,0%,5,89,0,0,0,0,0,0,0,37,Hipoteca,Licenciatura
2.01407E+16,515,Rechazada,PS1,Rechazado,MALO,0,,,,,0,PROPIEDAD ACTIVO FIJO,#N/A,NO_CLIENTE,0,Alto,0%,5,89,0,1,8407,450,0,0,0,53,Familiares,Preparatoria
2.01407E+16,868,Rechazada,PS1,Rechazado,MALO,0,,,,,0,RECIBOS DE NOMINA,#N/A,NO_CLIENTE,0,Alto,0%,4,89,0,0,1042,0,0,95383,0,57,Renta,Posgrado
2.01407E+16,749,Rechazada,PS1,Rechazado,MALO,0,,,,,0,RECIBOS DE NOMINA,#N/A,NO_CLIENTE,0,Alto,0%,5,89,0,0,0,0,0,0,0,48,Familiares,Preparatoria
2.01407E+16,375,Rechazada,PS1,Rechazado,MALO,0,,,,,0,RECIBOS DE NOMINA,#N/A,NO_CLIENTE,0,Alto,0%,4,89,0,0,0,0,0,0,0,34,Propia,Posgrado
2.01407E+16,4257,Rechazada,PS1,Rechazado,MALO,0,,,,,0,PROPIEDAD ACTIVO FIJO,#N/A,NO_CLIENTE,0,Alto,0%,5,89,0,0,0,0,0,41802,0,27,Propia,Licenciatura
2.01407E+16,506,Rechazada,PS1,Rechazado,MALO,0,,,,,0,PROPIEDAD ACTIVO FIJO,#N/A,NO_CLIENTE,0,Alto,0%,5,89,0,1,19976,840,0,0,0,40,Renta,Licenciatura
2.01407E+16,951,Rechazada,PS1,Rechazado,MALO,0,,,,,0,RECIBOS DE NOMINA,#N/A,NO_CLIENTE,0,Alto,0%,4,89,0,1,1665,450,0,0,0,25,Renta,Posgrado
2.01407E+16,131,Rechazada,PS1,Rechazado,MALO,0,,,,,0,PROPIEDAD ACTIVO FIJO,#N/A,NO_CLIENTE,0,Alto,0%,5,89,0,0,0,0,0,0,0,56,Propia,Licenciatura
2.01407E+16,4152,Rechazada,PS1,Rechazado,MALO,0,,,,,0,RECIBOS DE NOMINA,#N/A,NO_CLIENTE,0,Alto,0%,4,89,0,0,0,0,0,0,0,46,Propia,Posgrado
2.01407E+16,400,Rechazada,PS1,Rechazado,MALO,0,,,,,0,RECIBOS DE NOMINA,#N/A,NO_CLIENTE,0,Alto,0%,5,89,0,0,0,0,0,0,0,40,Familiares,Preparatoria
2.01407E+16,435,Rechazada,PS1,Rechazado,MALO,0,,,,,0,PROPIEDAD ACTIVO FIJO,#N/A,NO_CLIENTE,0,Alto,0%,5,89,0,0,0,0,0,1958,0,33,Familiares,Licenciatura
2.01407E+16,6494,Rechazada,PS1,Rechazado,MALO,0,,,,,0,PROPIEDAD ACTIVO FIJO,#N/A,NO_CLIENTE,0,Alto,0%,4,89,0,1,33133,1460,0,286953,0,33,Renta,Posgrado
2.01407E+16,561,Rechazada,PS1,Rechazado,MALO,0,,,,,0,RECIBOS DE NOMINA,#N/A,NO_CLIENTE,0,Alto,0%,5,89,0,0,0,0,0,0,0,50,Propia,Licenciatura
2.01407E+16,568,Rechazada,PS1,Rechazado,MALO,0,,,,,0,PROPIEDAD ACTIVO FIJO,#N/A,NO_CLIENTE,0,Alto,0%,4,89,0,0,0,0,0,0,0,50,Renta,Licenciatura
2.01407E+16,354,Rechazada,PS1,Rechazado,MALO,0,,,,,0,PROPIEDAD ACTIVO FIJO,#N/A,NO_CLIENTE,0,Alto,0%,5,89,0,0,0,0,0,0,0,28,Renta,Licenciatura
2.01407E+16,4663,Rechazada,PS1,Rechazado,MALO,0,,,,,0,PROPIEDAD ACTIVO FIJO,#N/A,NO_CLIENTE,0,Alto,0%,5,89,0,2,1613,500,0,0,0,55,Renta,Preparatoria
2.01407E+16,310,Rechazada,PS1,Rechazado,MALO,0,,,,,0,RECIBOS DE NOMINA,#N/A,NO_CLIENTE,0,Alto,0%,4,89,0,0,0,0,0,0,0,57,Renta,Posgrado
2.01407E+16,447,Rechazada,PS1,Rechazado,MALO,0,,,,,0,RECIBOS DE NOMINA,#N/A,NO_CLIENTE,0,Alto,0%,4,89,0,0,0,0,0,0,0,45,Familiares,Posgrado
2.01407E+16,4823,Rechazada,PS1,Rechazado,MALO,0,,,,,0,PROPIEDAD ACTIVO FIJO,#N/A,NO_CLIENTE,0,Alto,0%,5,89,0,0,0,0,0,0,0,54,Propia,Licenciatura
2.01407E+16,4221,Rechazada,PS1,Rechazado,MALO,0,,,,,0,RECIBOS DE NOMINA,#N/A,NO_CLIENTE,0,Alto,0%,5,89,0,0,0,0,0,18932,0,34,Familiares,Posgrado
2.01407E+16,129,Rechazada,PS1,Rechazado,MALO,0,,,,,0,RECIBOS DE NOMINA,#N/A,NO_CLIENTE,0,Alto,0%,4,89,0,0,423,0,0,0,0,54,Renta,Licenciatura
2.01407E+16,4422,Rechazada,PS1,Rechazado,MALO,0,,,,,0,RECIBOS DE NOMINA,#N/A,NO_CLIENTE,0,Alto,0%,5,89,0,0,0,0,0,0,0,50,Renta,Preparatoria
2.01407E+16,303,Rechazada,PS1,Rechazado,MALO,0,,,,,0,RECIBOS DE NOMINA,#N/A,NO_CLIENTE,0,Alto,0%,4,89,0,0,0,0,0,0,0,60,Propia,Preparatoria
2.01407E+16,112,Rechazada,PS1,Rechazado,MALO,0,,,,,0,PROPIEDAD ACTIVO FIJO,#N/A,NO_CLIENTE,0,Alto,0%,5,89,0,0,0,0,0,0,0,31,Propia,Secundaria
2.01407E+16,824,Rechazada,PS1,Rechazado,MALO,0,,,,,0,RECIBOS DE NOMINA,#N/A,NO_CLIENTE,0,Alto,0%,5,89,0,0,0,0,0,20200,0,60,Renta,Posgrado
2.01407E+16,103,Rechazada,PS1,Rechazado,MALO,0,,,,,0,PROPIEDAD ACTIVO FIJO,#N/A,NO_CLIENTE,0,Alto,0%,4,89,0,0,0,0,0,81469,0,36,Hipoteca,Posgrado
2.01407E+16,4266,Rechazada,PS1,Rechazado,MALO,0,,,,,0,RECIBOS DE NOMINA,#N/A,NO_CLIENTE,0,Alto,0%,4,89,0,0,10389,0,0,0,0,36,Propia,Posgrado
2.01407E+16,5187,Rechazada,PS1,Rechazado,MALO,0,,,,,0,RECIBOS DE NOMINA,#N/A,NO_CLIENTE,0,Alto,0%,5,89,0,0,0,0,0,0,0,45,Familiares,Posgrado
2.01407E+16,472,Rechazada,PS1,Rechazado,MALO,0,,,,,0,RECIBOS DE NOMINA,#N/A,NO_CLIENTE,0,Alto,0%,5,89,0,0,0,0,0,0,0,32,Propia,Preparatoria
2.01407E+16,572,Rechazada,PS1,Rechazado,MALO,0,,,,,0,RECIBOS DE NOMINA,#N/A,NO_CLIENTE,0,Alto,0%,4,89,0,0,0,0,0,0,0,34,Propia,Posgrado
2.01407E+16,4474,Rechazada,PS1,Rechazado,MALO,0,,,,,0,PROPIEDAD ACTIVO FIJO,#N/A,NO_CLIENTE,0,Alto,0%,5,89,0,8,13465,13465,0,0,0,60,Familiares,Preparatoria
2.01407E+16,722,Rechazada,PS1,Rechazado,MALO,0,,,,,0,PAGOS PROV SEMESTRALES PF,#N/A,NO_CLIENTE,0,Alto,0%,4,89,0,1,4418,250,0,0,0,60,Familiares,Licenciatura
2.01408E+16,7448,Rechazada,PS1,Rechazado,MALO,0,,,,,0,RECIBOS DE NOMINA,#N/A,NO_CLIENTE,0,Alto,0%,5,89,0,0,15256,0,0,0,0,51,Familiares,Preparatoria
2.01408E+16,233,Rechazada,PS1,Rechazado,MALO,0,,,,,0,PROPIEDAD ACTIVO FIJO,#N/A,NO_CLIENTE,0,Alto,0%,5,89,0,0,0,0,0,0,0,46,Familiares,Licenciatura
2.01408E+16,5753,Rechazada,PS1,Rechazado,MALO,0,,,,,0,RECIBOS DE NOMINA,#N/A,NO_CLIENTE,0,Alto,0%,4,89,0,0,0,0,0,0,0,29,Propia,Posgrado
2.01408E+16,292,Rechazada,PS1,Rechazado,MALO,0,,,,,0,RECIBOS DE NOMINA,#N/A,NO_CLIENTE,0,Alto,0%,5,89,0,0,0,0,0,0,0,38,Hipoteca,Preparatoria
2.01408E+16,584,Rechazada,PS1,Rechazado,MALO,0,,,,,0,PROPIEDAD ACTIVO FIJO,#N/A,NO_CLIENTE,0,Alto,0%,4,89,0,0,0,0,0,0,0,54,Hipoteca,Licenciatura
2.01408E+16,370,Rechazada,PS1,Rechazado,MALO,0,,,,,0,PROPIEDAD ACTIVO FIJO,#N/A,NO_CLIENTE,0,Alto,0%,5,89,0,1,13097,1940,0,1320,0,59,Familiares,Posgrado
2.01408E+16,7176,Rechazada,PS1,Rechazado,MALO,0,,,,,0,PROPIEDAD ACTIVO FIJO,#N/A,NO_CLIENTE,0,Alto,0%,5,89,0,0,0,0,0,0,0,46,Propia,Posgrado
2.01408E+16,154,Rechazada,PS1,Rechazado,MALO,0,,,,,0,RECIBOS DE NOMINA,#N/A,NO_CLIENTE,0,Alto,0%,4,89,0,0,0,0,0,0,0,53,Renta,Licenciatura
2.01408E+16,113,Rechazada,PS1,Rechazado,MALO,0,,,,,0,PROPIEDAD ACTIVO FIJO,#N/A,NO_CLIENTE,0,Alto,0%,5,89,0,0,0,0,0,0,0,55,Familiares,Preparatoria
2.01408E+16,4019,Rechazada,PS1,Rechazado,MALO,0,,,,,0,RECIBOS DE NOMINA,#N/A,NO_CLIENTE,0,Alto,0%,4,89,0,0,0,0,0,0,0,40,Familiares,Licenciatura
2.01408E+16,626,Rechazada,PS1,Rechazado,MALO,0,,,,,0,RECIBOS DE NOMINA,#N/A,NO_CLIENTE,0,Alto,0%,5,89,0,0,0,0,0,0,0,47,Renta,Posgrado
2.01408E+16,4644,Rechazada,PS1,Rechazado,MALO,0,,,,,0,PROPIEDAD ACTIVO FIJO,#N/A,NO_CLIENTE,0,Alto,0%,5,89,0,0,0,0,0,0,0,42,Renta,Preparatoria
2.01408E+16,472,Rechazada,PS1,Rechazado,MALO,0,,,,,0,RECIBOS DE NOMINA,#N/A,NO_CLIENTE,0,Alto,0%,4,89,0,0,0,0,0,0,0,29,Renta,Licenciatura
2.01408E+16,389,Rechazada,PS1,Rechazado,MALO,0,,,,,0,RECIBOS DE NOMINA,#N/A,NO_CLIENTE,0,Alto,0%,4,89,0,0,0,0,0,0,0,45,Renta,Licenciatura
2.01408E+16,986,Rechazada,PS1,Rechazado,MALO,0,,,,,0,PROPIEDAD ACTIVO FIJO,#N/A,NO_CLIENTE,0,Alto,0%,5,89,0,0,0,0,0,0,0,26,Renta,Posgrado
2.01408E+16,626,Rechazada,PS1,Rechazado,MALO,0,,,,,0,RECIBOS DE NOMINA,#N/A,NO_CLIENTE,0,Alto,0%,5,89,0,0,0,0,0,0,0,30,Hipoteca,Posgrado
2.01408E+16,7134,Rechazada,PS1,Rechazado,MALO,0,,,,,0,RECIBOS DE NOMINA,#N/A,NO_CLIENTE,0,Alto,0%,4,89,0,0,0,0,0,0,0,27,Propia,Licenciatura
2.01408E+16,26002,Rechazada,PS1,Rechazado,MALO,0,,,,,0,SIN COMPROBANTE,#N/A,NO_CLIENTE,0,Alto,0%,5,89,0,0,0,0,0,0,0,38,Familiares,Preparatoria
2.01408E+16,6556,Rechazada,PS1,Rechazado,MALO,0,,,,,0,PROPIEDAD ACTIVO FIJO,#N/A,NO_CLIENTE,0,Alto,0%,4,89,0,0,0,0,0,0,0,48,Familiares,Posgrado
2.01408E+16,626,Rechazada,PS1,Rechazado,MALO,0,,,,,0,RECIBOS DE NOMINA,#N/A,NO_CLIENTE,0,Alto,0%,5,89,0,0,0,0,0,0,0,46,Hipoteca,Licenciatura
2.01408E+16,8147,Rechazada,PS1,Rechazado,MALO,0,,,,,0,RECIBOS DE NOMINA,#N/A,NO_CLIENTE,0,Alto,0%,5,89,0,0,0,0,0,0,0,43,Renta,Licenciatura
2.01408E+16,6472,Rechazada,PS1,Rechazado,MALO,0,,,,,0,RECIBOS DE NOMINA,#N/A,NO_CLIENTE,15000,Alto,0%,4,89,0,1,6366,250,0,0,0,36,Hipoteca,Preparatoria
2.01408E+16,641,Rechazada,PS1,Rechazado,MALO,0,,,,,0,PROPIEDAD ACTIVO FIJO,#N/A,NO_CLIENTE,8000,Alto,0%,4,89,0,2,5412,920,0,0,0,31,Hipoteca,Posgrado
2.01408E+16,120,Rechazada,PS1,Rechazado,MALO,0,,,,,0,RECIBOS DE NOMINA,#N/A,NO_CLIENTE,0,Alto,0%,5,89,0,0,0,0,0,20047,0,55,Propia,Licenciatura
2.01408E+16,7620,Rechazada,PS1,Rechazado,MALO,0,,,,,0,RECIBOS DE NOMINA,#N/A,NO_CLIENTE,0,Alto,0%,5,89,0,0,0,0,0,0,0,40,Renta,Licenciatura
2.01408E+16,7629,Rechazada,PS1,Rechazado,MALO,0,,,,,0,PROPIEDAD ACTIVO FIJO,#N/A,NO_CLIENTE,0,Alto,0%,4,89,0,0,0,0,0,0,0,52,Renta,Posgrado
2.01408E+16,8175,Rechazada,PS1,Rechazado,MALO,0,,,,,0,PROPIEDAD ACTIVO FIJO,#N/A,NO_CLIENTE,0,Alto,0%,5,89,0,0,0,0,0,0,0,28,Propia,Licenciatura
2.01408E+16,7588,Rechazada,PS1,Rechazado,MALO,0,,,,,0,PROPIEDAD ACTIVO FIJO,#N/A,NO_CLIENTE,0,Alto,0%,4,89,0,0,0,0,0,0,0,58,Renta,Posgrado
2.01408E+16,845,Rechazada,PS1,Rechazado,MALO,0,,,,,0,RECIBOS DE NOMINA,#N/A,NO_CLIENTE,0,Alto,0%,5,89,0,0,0,0,0,0,0,30,Hipoteca,Licenciatura
2.01408E+16,6446,Rechazada,PS1,Rechazado,MALO,0,,,,,0,PROPIEDAD ACTIVO FIJO,#N/A,NO_CLIENTE,0,Alto,0%,5,89,0,0,0,0,0,0,0,48,Propia,Preparatoria
2.01408E+16,7761,Rechazada,PS1,Rechazado,MALO,0,,,,,0,RECIBOS DE NOMINA,#N/A,NO_CLIENTE,0,Alto,0%,4,89,0,0,0,0,0,0,0,34,Propia,Posgrado
2.01408E+16,26,Rechazada,PS1,Rechazado,MALO,0,,,,,0,PAGOS PROV SEMESTRALES PF,#N/A,NO_CLIENTE,0,Alto,0%,5,89,0,0,0,0,0,0,0,36,Hipoteca,Licenciatura
2.01408E+16,8166,Rechazada,PS1,Rechazado,MALO,0,,,,,0,PROPIEDAD ACTIVO FIJO,#N/A,NO_CLIENTE,3000,Alto,0%,4,89,0,1,1670,250,0,0,0,41,Renta,Posgrado
2.01408E+16,7920,Rechazada,PS1,Rechazado,MALO,0,,,,,0,RECIBOS DE NOMINA,#N/A,NO_CLIENTE,0,Alto,0%,5,89,0,0,0,0,0,0,0,41,Propia,Licenciatura
2.01408E+16,8156,Rechazada,PS1,Rechazado,MALO,0,,,,,0,PROPIEDAD ACTIVO FIJO,#N/A,NO_CLIENTE,18700,Alto,0%,5,89,0,0,18065,0,0,0,0,31,Hipoteca,Licenciatura
2.01408E+16,7727,Rechazada,PS1,Rechazado,MALO,0,,,,,0,RECIBOS DE NOMINA,#N/A,NO_CLIENTE,0,Alto,0%,4,89,0,0,0,0,0,0,0,28,Hipoteca,Preparatoria
2.01408E+16,8164,Rechazada,PS1,Rechazado,MALO,0,,,,,0,PROPIEDAD ACTIVO FIJO,#N/A,NO_CLIENTE,0,Alto,0%,5,89,0,0,0,0,0,0,0,35,Propia,Preparatoria
2.01408E+16,7622,Rechazada,PS1,Rechazado,MALO,0,,,,,0,PROPIEDAD ACTIVO FIJO,#N/A,NO_CLIENTE,0,Alto,0%,4,89,0,0,0,0,0,0,0,48,Propia,Preparatoria
2.01408E+16,7910,Rechazada,PS1,Rechazado,MALO,0,,,,,0,PROPIEDAD ACTIVO FIJO,#N/A,NO_CLIENTE,0,Alto,0%,5,89,0,0,0,0,0,0,0,49,Familiares,Posgrado
2.01408E+16,7794,Rechazada,PS1,Rechazado,MALO,0,,,,,0,RECIBOS DE NOMINA,#N/A,NO_CLIENTE,15600,Alto,0%,5,89,0,1,4437,250,0,0,0,39,Renta,Preparatoria
2.01408E+16,9260,Rechazada,PS1,Rechazado,MALO,0,,,,,0,PROPIEDAD ACTIVO FIJO,#N/A,NO_CLIENTE,0,Alto,0%,4,89,0,0,0,0,0,0,0,47,Propia,Preparatoria
2.01408E+16,9184,Rechazada,PS1,Rechazado,MALO,0,,,,,0,PROPIEDAD ACTIVO FIJO,#N/A,NO_CLIENTE,0,Alto,0%,4,89,0,0,0,0,0,0,0,30,Hipoteca,Posgrado
2.01408E+16,8121,Rechazada,PS1,Rechazado,MALO,0,,,,,0,PROPIEDAD ACTIVO FIJO,#N/A,NO_CLIENTE,0,Alto,0%,5,89,0,0,0,0,0,0,0,27,Renta,Licenciatura
2.01408E+16,8016,Rechazada,PS1,Rechazado,MALO,0,,,,,0,RECIBOS DE NOMINA,#N/A,NO_CLIENTE,0,Alto,0%,5,89,0,0,0,0,0,0,0,59,Hipoteca,Licenciatura
2.01408E+16,19081,Rechazada,PS1,Rechazado,MALO,0,,,,,0,RECIBOS DE NOMINA,#N/A,NO_CLIENTE,0,Alto,0%,4,89,0,0,0,0,0,0,0,57,Familiares,Licenciatura
2.01408E+16,5751,Rechazada,PS1,Rechazado,MALO,0,,,,,0,PROPIEDAD ACTIVO FIJO,#N/A,NO_CLIENTE,0,Alto,0%,5,89,0,0,0,0,0,0,0,31,Familiares,Licenciatura
2.01408E+16,7772,Rechazada,PS1,Rechazado,MALO,0,,,,,0,PROPIEDAD ACTIVO FIJO,#N/A,NO_CLIENTE,0,Alto,0%,4,89,0,0,0,0,0,0,0,54,Renta,Posgrado
2.01408E+16,7618,Rechazada,PS1,Rechazado,MALO,0,,,,,0,RECIBOS DE NOMINA,#N/A,NO_CLIENTE,0,Alto,0%,5,89,0,0,0,0,0,0,0,30,Renta,Posgrado
2.01408E+16,9232,Rechazada,PS1,Rechazado,MALO,0,,,,,0,RECIBOS DE NOMINA,#N/A,NO_CLIENTE,0,Alto,0%,5,89,0,0,0,0,0,0,0,40,Familiares,Licenciatura
2.01408E+16,9171,Rechazada,PS1,Rechazado,MALO,0,,,,,0,RECIBOS DE NOMINA,#N/A,NO_CLIENTE,2000,Alto,0%,4,89,0,0,0,0,0,0,0,26,Propia,Preparatoria
2.01408E+16,5751,Rechazada,PS1,Rechazado,MALO,0,,,,,0,PROPIEDAD ACTIVO FIJO,#N/A,NO_CLIENTE,0,Alto,0%,4,89,0,0,0,0,0,0,0,57,Propia,Preparatoria
2.01408E+16,7678,Rechazada,PS1,Rechazado,MALO,0,,,,,0,PROPIEDAD ACTIVO FIJO,#N/A,NO_CLIENTE,0,Alto,0%,5,89,0,0,0,0,0,0,0,39,Renta,Posgrado
2.01408E+16,9280,Rechazada,PS1,Rechazado,MALO,0,,,,,0,PROPIEDAD ACTIVO FIJO,#N/A,NO_CLIENTE,0,Alto,0%,5,89,0,0,0,0,0,0,0,30,Familiares,Preparatoria
2.01408E+16,9232,Rechazada,PS1,Rechazado,MALO,0,,,,,0,PROPIEDAD ACTIVO FIJO,#N/A,NO_CLIENTE,0,Alto,0%,4,89,0,0,0,0,0,0,0,50,Propia,Preparatoria
2.01408E+16,7727,Rechazada,PS1,Rechazado,MALO,0,,,,,0,RECIBOS DE NOMINA,#N/A,NO_CLIENTE,0,Alto,0%,5,89,0,0,0,0,0,0,0,34,Hipoteca,Preparatoria
2.01408E+16,9144,Rechazada,PS1,Rechazado,MALO,0,,,,,0,RECIBOS DE NOMINA,#N/A,NO_CLIENTE,0,Alto,0%,4,89,0,0,0,0,0,0,0,55,Familiares,Posgrado
2.01408E+16,8122,Rechazada,PS1,Rechazado,MALO,0,,,,,0,PROPIEDAD ACTIVO FIJO,#N/A,NO_CLIENTE,0,Alto,0%,5,89,0,0,0,0,0,0,0,49,Propia,Posgrado
2.01408E+16,7719,Rechazada,PS1,Rechazado,MALO,0,,,,,0,PROPIEDAD ACTIVO FIJO,#N/A,NO_CLIENTE,0,Alto,0%,5,89,0,0,0,0,0,0,0,36,Renta,Posgrado
2.01408E+16,5998,Rechazada,PS1,Rechazado,MALO,0,,,,,0,RECIBOS DE NOMINA,#N/A,NO_CLIENTE,0,Alto,0%,4,89,0,0,0,0,0,0,0,60,Hipoteca,Licenciatura
2.01408E+16,4184,Rechazada,PS1,Rechazado,MALO,0,,,,,0,RECIBOS DE NOMINA,#N/A,NO_CLIENTE,0,Alto,0%,5,89,0,0,0,0,0,0,0,53,Renta,Posgrado
2.01408E+16,269,Rechazada,PS1,Rechazado,MALO,0,,,,,0,RECIBOS DE NOMINA,#N/A,NO_CLIENTE,0,Alto,0%,4,89,0,0,0,0,0,0,0,28,Familiares,Posgrado
2.01408E+16,4088,Rechazada,PS1,Rechazado,MALO,0,,,,,0,PROPIEDAD ACTIVO FIJO,#N/A,NO_CLIENTE,20500,Alto,0%,5,89,0,0,0,0,0,9469,0,40,Familiares,Preparatoria
2.01408E+16,879,Rechazada,PS1,Rechazado,MALO,0,,,,,0,RECIBOS DE NOMINA,#N/A,NO_CLIENTE,0,Alto,0%,5,89,0,0,0,0,0,0,0,36,Hipoteca,Preparatoria
2.01408E+16,7178,Rechazada,PS1,Rechazado,MALO,0,,,,,0,RECIBOS DE NOMINA,#N/A,NO_CLIENTE,0,Alto,0%,4,89,0,0,0,0,0,0,0,44,Hipoteca,Licenciatura
2.01408E+16,6430,Rechazada,PS1,Rechazado,MALO,0,,,,,0,RECIBOS DE NOMINA,#N/A,NO_CLIENTE,0,Alto,0%,5,89,0,0,0,0,0,0,0,27,Hipoteca,Licenciatura
2.01408E+16,625,Rechazada,PS1,Rechazado,MALO,0,,,,,0,PAGOS PROV SEMESTRALES PF,#N/A,NO_CLIENTE,0,Alto,0%,4,89,0,0,0,0,0,0,0,41,Hipoteca,Posgrado
2.01408E+16,819,Rechazada,PS1,Rechazado,MALO,0,,,,,0,PROPIEDAD ACTIVO FIJO,#N/A,NO_CLIENTE,15000,Alto,0%,5,89,0,0,13161,0,0,0,0,45,Hipoteca,Preparatoria
2.01408E+16,772,Rechazada,PS1,Rechazado,MALO,0,,,,,0,RECIBOS DE NOMINA,#N/A,NO_CLIENTE,0,Alto,0%,5,89,0,0,0,0,0,0,0,41,Hipoteca,Preparatoria
2.01408E+16,963,Rechazada,PS1,Rechazado,MALO,0,,,,,0,RECIBOS DE NOMINA,#N/A,NO_CLIENTE,0,Alto,0%,4,89,0,0,0,0,0,0,0,27,Familiares,Posgrado
2.01408E+16,4184,Rechazada,PS1,Rechazado,MALO,0,,,,,0,PROPIEDAD ACTIVO FIJO,#N/A,NO_CLIENTE,52500,Alto,0%,4,89,0,0,38411,0,0,0,0,31,Renta,Preparatoria
2.01408E+16,566,Rechazada,PS1,Rechazado,MALO,0,,,,,0,RECIBOS DE NOMINA,#N/A,NO_CLIENTE,93000,Alto,0%,5,89,0,0,10935,0,0,0,0,30,Hipoteca,Licenciatura
2.01408E+16,36,Rechazada,PS1,Rechazado,MALO,0,,,,,0,RECIBOS DE NOMINA,#N/A,NO_CLIENTE,0,Alto,0%,5,89,0,0,0,0,0,0,0,43,Propia,Licenciatura
2.01408E+16,522,Rechazada,PS1,Rechazado,MALO,0,,,,,0,RECIBOS DE NOMINA,#N/A,NO_CLIENTE,296000,Alto,0%,4,89,0,1,30397,1830,0,17050,0,25,Renta,Licenciatura
2.01408E+16,344,Rechazada,PS1,Rechazado,MALO,0,,,,,0,PROPIEDAD ACTIVO FIJO,#N/A,NO_CLIENTE,0,Alto,0%,5,89,0,0,0,0,0,0,0,48,Renta,Posgrado
2.01408E+16,7557,Rechazada,PS1,Rechazado,MALO,0,,,,,0,PROPIEDAD ACTIVO FIJO,#N/A,NO_CLIENTE,0,Alto,0%,4,89,0,0,0,0,0,0,0,48,Hipoteca,Preparatoria
2.01408E+16,892,Rechazada,PS1,Rechazado,MALO,0,,,,,0,RECIBOS DE NOMINA,#N/A,NO_CLIENTE,0,Alto,0%,5,89,0,0,0,0,0,0,0,28,Renta,Preparatoria
2.01408E+16,523,Rechazada,PS1,Rechazado,MALO,0,,,,,0,PROPIEDAD ACTIVO FIJO,#N/A,NO_CLIENTE,0,Alto,0%,5,89,0,0,0,0,0,18788,0,47,Propia,Preparatoria
2.01408E+16,8217,Rechazada,PS1,Rechazado,MALO,0,,,,,0,RECIBOS DE NOMINA,#N/A,NO_CLIENTE,0,Alto,0%,4,89,0,0,0,0,0,0,0,51,Familiares,Licenciatura
2.01408E+16,218,Rechazada,PS1,Rechazado,MALO,0,,,,,0,RECIBOS DE NOMINA,#N/A,NO_CLIENTE,0,Alto,0%,5,89,0,0,0,0,0,0,0,52,Familiares,Preparatoria
2.01408E+16,7892,Rechazada,PS1,Rechazado,MALO,0,,,,,0,PROPIEDAD ACTIVO FIJO,#N/A,NO_CLIENTE,0,Alto,0%,5,89,0,0,0,0,0,0,0,54,Familiares,Licenciatura
2.01408E+16,7660,Rechazada,PS1,Rechazado,MALO,0,,,,,0,PROPIEDAD ACTIVO FIJO,#N/A,NO_CLIENTE,0,Alto,0%,4,89,0,0,0,0,0,0,0,36,Hipoteca,Posgrado
2.01408E+16,7830,Rechazada,PS1,Rechazado,MALO,0,,,,,0,PROPIEDAD ACTIVO FIJO,#N/A,NO_CLIENTE,0,Alto,0%,5,89,0,0,0,0,0,0,0,52,Familiares,Posgrado
2.01408E+16,9171,Rechazada,PS1,Rechazado,MALO,0,,,,,0,RECIBOS DE NOMINA,#N/A,NO_CLIENTE,0,Alto,0%,4,89,0,0,0,0,0,0,0,46,Familiares,Posgrado
2.01408E+16,9041,Rechazada,PS1,Rechazado,MALO,0,,,,,0,RECIBOS DE NOMINA,#N/A,NO_CLIENTE,0,Alto,0%,5,89,0,0,0,0,0,0,0,49,Propia,Preparatoria
2.01408E+16,7624,Rechazada,PS1,Rechazado,MALO,0,,,,,0,RECIBOS DE NOMINA,#N/A,NO_CLIENTE,0,Alto,0%,5,89,0,0,0,0,0,0,0,39,Renta,Preparatoria
2.01408E+16,7628,Rechazada,PS1,Rechazado,MALO,0,,,,,0,RECIBOS DE NOMINA,#N/A,NO_CLIENTE,0,Alto,0%,4,89,0,0,0,0,0,0,0,48,Hipoteca,Posgrado
2.01408E+16,4657,Rechazada,PS1,Rechazado,MALO,0,,,,,0,RECIBOS DE NOMINA,#N/A,NO_CLIENTE,10000,Alto,0%,5,89,0,0,0,0,0,0,0,31,Renta,Preparatoria
2.01408E+16,7501,Rechazada,PS1,Rechazado,MALO,0,,,,,0,RECIBOS DE NOMINA,#N/A,NO_CLIENTE,0,Alto,0%,4,89,0,0,0,0,0,0,0,52,Propia,Licenciatura
2.01408E+16,9436,Rechazada,PS1,Rechazado,MALO,0,,,,,0,PROPIEDAD ACTIVO FIJO,#N/A,NO_CLIENTE,17800,Alto,0%,5,89,0,1,16686,500,0,127570,0,45,Propia,Licenciatura
2.01408E+16,4444,Rechazada,PS1,Rechazado,MALO,0,,,,,0,PROPIEDAD ACTIVO FIJO,#N/A,NO_CLIENTE,25000,Alto,0%,5,89,0,1,13968,320,0,33932,0,30,Renta,Licenciatura
2.01408E+16,586,Rechazada,PS1,Rechazado,MALO,0,,,,,0,RECIBOS DE NOMINA,#N/A,NO_CLIENTE,0,Alto,0%,4,89,0,0,0,0,0,0,0,41,Hipoteca,Posgrado
2.01408E+16,9639,Rechazada,PS1,Rechazado,MALO,0,,,,,0,RECIBOS DE NOMINA,#N/A,NO_CLIENTE,0,Alto,0%,5,89,0,0,0,0,0,0,0,37,Propia,Posgrado
2.01408E+16,4197,Rechazada,PS1,Rechazado,MALO,0,,,,,0,RECIBOS DE NOMINA,#N/A,NO_CLIENTE,0,Alto,0%,4,89,0,0,0,0,0,0,0,52,Renta,Preparatoria
2.01408E+16,4115,Rechazada,PS1,Rechazado,MALO,0,,,,,0,RECIBOS DE NOMINA,#N/A,NO_CLIENTE,0,Alto,0%,5,89,0,0,0,0,0,10869,0,40,Propia,Licenciatura
2.01408E+16,643,Rechazada,PS1,Rechazado,MALO,0,,,,,0,PROPIEDAD ACTIVO FIJO,#N/A,NO_CLIENTE,0,Alto,0%,5,89,0,0,0,0,0,0,0,50,Renta,Licenciatura
2.01408E+16,4137,Rechazada,PS1,Rechazado,MALO,0,,,,,0,RECIBOS DE NOMINA,#N/A,NO_CLIENTE,0,Alto,0%,4,89,0,0,0,0,0,0,0,45,Renta,Preparatoria
2.01408E+16,306,Rechazada,PS1,Rechazado,MALO,0,,,,,0,RECIBOS DE NOMINA,#N/A,NO_CLIENTE,0,Alto,0%,4,89,0,0,0,0,0,51041,0,37,Familiares,Posgrado
2.01408E+16,4771,Rechazada,PS1,Rechazado,MALO,0,,,,,0,PROPIEDAD ACTIVO FIJO,#N/A,NO_CLIENTE,13500,Alto,0%,5,89,0,1,2157,250,0,0,0,49,Hipoteca,Licenciatura
2.01408E+16,33,Rechazada,PS1,Rechazado,MALO,0,,,,,0,RECIBOS DE NOMINA,#N/A,NO_CLIENTE,0,Alto,0%,5,89,0,0,0,0,0,0,0,53,Familiares,Posgrado
2.01408E+16,73,Rechazada,PS1,Rechazado,MALO,0,,,,,0,RECIBOS DE NOMINA,#N/A,NO_CLIENTE,0,Alto,0%,4,89,0,0,0,0,0,14239,0,47,Propia,Preparatoria
2.01408E+16,588,Rechazada,PS1,Rechazado,MALO,0,,,,,0,PROPIEDAD ACTIVO FIJO,#N/A,NO_CLIENTE,33200,Alto,0%,5,89,0,1,19259,1250,0,0,0,33,Familiares,Preparatoria
2.01408E+16,4382,Rechazada,PS1,Rechazado,MALO,0,,,,,0,RECIBOS DE NOMINA,#N/A,NO_CLIENTE,0,Alto,0%,4,89,0,0,0,0,0,11112,0,46,Familiares,Licenciatura
2.01408E+16,88,Rechazada,PS1,Rechazado,MALO,0,,,,,0,PROPIEDAD ACTIVO FIJO,#N/A,NO_CLIENTE,6100,Alto,0%,5,89,0,0,192,0,0,0,0,46,Propia,Posgrado
2.01408E+16,347,Rechazada,PS1,Rechazado,MALO,0,,,,,0,PROPIEDAD ACTIVO FIJO,#N/A,NO_CLIENTE,15000,Alto,0%,5,89,0,1,14853,890,0,202000,0,56,Familiares,Licenciatura
2.01408E+16,4779,Rechazada,PS1,Rechazado,MALO,0,,,,,0,RECIBOS DE NOMINA,#N/A,NO_CLIENTE,0,Alto,0%,4,89,0,0,0,0,0,0,0,56,Familiares,Licenciatura
2.01408E+16,414,Rechazada,PS1,Rechazado,MALO,0,,,,,0,RECIBOS DE NOMINA,#N/A,NO_CLIENTE,0,Alto,0%,4,89,0,0,0,0,0,0,0,46,Familiares,Posgrado
2.01408E+16,462,Rechazada,PS1,Rechazado,MALO,0,,,,,0,RECIBOS DE NOMINA,#N/A,NO_CLIENTE,0,Alto,0%,5,89,0,0,0,0,0,0,0,44,Renta,Licenciatura
2.01408E+16,272,Rechazada,PS1,Rechazado,MALO,0,,,,,0,RECIBOS DE NOMINA,#N/A,NO_CLIENTE,0,Alto,0%,5,89,0,0,0,0,0,0,0,43,Hipoteca,Posgrado
2.01408E+16,139,Rechazada,PS1,Rechazado,MALO,0,,,,,0,RECIBOS DE NOMINA,#N/A,NO_CLIENTE,0,Alto,0%,4,89,0,0,0,0,0,7476,0,57,Renta,Preparatoria
2.01408E+16,4428,Rechazada,PS1,Rechazado,MALO,0,,,,,0,RECIBOS DE NOMINA,#N/A,NO_CLIENTE,0,Alto,0%,5,89,0,0,0,0,0,0,0,57,Renta,Posgrado
2.01408E+16,6467,Rechazada,PS1,Rechazado,MALO,0,,,,,0,RECIBOS DE NOMINA,#N/A,NO_CLIENTE,0,Alto,0%,4,89,0,0,0,0,0,0,0,52,Renta,Preparatoria
2.01408E+16,4149,Rechazada,PS1,Rechazado,MALO,0,,,,,0,PAGOS PROV SEMESTRALES PF,#N/A,NO_CLIENTE,0,Alto,0%,5,89,0,0,0,0,0,54966,0,57,Propia,Preparatoria
2.01408E+16,7706,En_proceso,CN0,Rechazado,MALO,0,,,,,0,PROPIEDAD ACTIVO FIJO,Medio C,NO_CLIENTE,0,Alto,0%,5,89,0,0,0,0,0,0,0,58,Familiares,Licenciatura
2.01406E+16,4226,Rechazada,CN0,Rechazado,MALO,0,,,,,0,PROPIEDAD ACTIVO FIJO,Alto C,CLIENTE_BANCO,0,Alto,0%,4,89,0,0,11336,20,0,0,0,31,Hipoteca,Posgrado
2.01407E+16,5111,En_proceso,CN0,Rechazado,MALO,0,,,,,0,RECIBOS DE NOMINA,Medio D,NO_CLIENTE,0,Alto,0%,5,89,0,0,0,0,0,0,0,53,Familiares,Preparatoria
2.01407E+16,7616,En_proceso,CN0,Rechazado,MALO,0,,,,,0,INVERSIONES,Alto C,NO_CLIENTE,0,Alto,0%,4,89,0,0,0,0,0,0,0,57,Propia,Preparatoria
2.01407E+16,9180,En_proceso,CN0,Rechazado,MALO,0,,,,,0,INVERSIONES,Alto C,NO_CLIENTE,0,Alto,0%,5,89,0,0,0,0,0,0,0,41,Propia,Licenciatura
2.01406E+16,4454,Rechazada,CN0,Rechazado,MALO,0,,,,,0,PROPIEDAD ACTIVO FIJO,Medio B,NO_CLIENTE,0,Alto,0%,5,89,0,0,0,0,0,0,0,40,Propia,Secundaria
2.01408E+16,7992,En_proceso,CN0,Rechazado,MALO,0,,,,,0,RECIBOS DE NOMINA,Medio B,NO_CLIENTE,0,Alto,0%,4,89,0,0,0,0,0,0,0,53,Hipoteca,Licenciatura
2.01312E+16,662,Cancelada,PS1,Rechazado,MALO,0,,,,,0,RECIBOS DE NOMINA,#N/A,NO_CLIENTE,0,Alto,0%,5,90,0,0,0,0,0,0,0,49,Renta,Licenciatura
2.01406E+16,374,Rechazada,PS1,Rechazado,MALO,0,,,,,0,PROPIEDAD ACTIVO FIJO,#N/A,NO_CLIENTE,0,Alto,0%,4,90,0,0,711,0,0,0,0,36,Renta,Licenciatura
2.01406E+16,6561,Rechazada,PS1,Rechazado,MALO,0,,,,,0,PROPIEDAD ACTIVO FIJO,#N/A,NO_CLIENTE,0,Alto,0%,5,90,0,1,5783,750,0,185692,0,33,Hipoteca,Licenciatura
2.01406E+16,4498,Rechazada,PS1,Rechazado,MALO,0,,,,,0,RECIBOS DE NOMINA,#N/A,NO_CLIENTE,0,Alto,0%,5,90,0,0,0,0,0,0,0,48,Renta,Preparatoria
2.01406E+16,781,Rechazada,PS1,Rechazado,MALO,0,,,,,0,PROPIEDAD ACTIVO FIJO,#N/A,NO_CLIENTE,0,Alto,0%,4,90,0,0,0,0,0,0,0,46,Hipoteca,Preparatoria
2.01406E+16,107,Rechazada,PS1,Rechazado,MALO,0,,,,,0,RECIBOS DE NOMINA,#N/A,NO_CLIENTE,0,Alto,0%,4,90,0,0,0,0,0,11858,0,32,Renta,Preparatoria
2.01406E+16,4277,Rechazada,PS1,Rechazado,MALO,0,,,,,0,RECIBOS DE NOMINA,#N/A,NO_CLIENTE,0,Alto,0%,5,90,0,0,0,0,0,0,0,34,Familiares,Licenciatura
2.01407E+16,785,Rechazada,PS1,Rechazado,MALO,0,,,,,0,PROPIEDAD ACTIVO FIJO,#N/A,NO_CLIENTE,0,Alto,0%,5,90,0,0,0,0,0,0,0,43,Renta,Posgrado
2.01407E+16,6674,Rechazada,PS1,Rechazado,MALO,0,,,,,0,PROPIEDAD ACTIVO FIJO,#N/A,NO_CLIENTE,0,Alto,0%,4,90,0,0,6132,0,0,0,0,29,Propia,Posgrado
2.01407E+16,542,Rechazada,PS1,Rechazado,MALO,0,,,,,0,PROPIEDAD ACTIVO FIJO,#N/A,NO_CLIENTE,0,Alto,0%,5,90,0,1,3128,320,0,0,0,59,Hipoteca,Posgrado
2.01407E+16,7476,Rechazada,PS1,Rechazado,MALO,0,,,,,0,RECIBOS DE NOMINA,#N/A,NO_CLIENTE,0,Alto,0%,4,90,0,0,0,0,0,0,0,42,Propia,Preparatoria
2.01407E+16,9113,Rechazada,PS1,Rechazado,MALO,0,,,,,0,RECIBOS DE NOMINA,#N/A,NO_CLIENTE,0,Alto,0%,5,90,0,0,0,0,0,0,0,53,Familiares,Posgrado
2.01407E+16,8175,Rechazada,PS1,Rechazado,MALO,0,,,,,0,RECIBOS DE NOMINA,#N/A,NO_CLIENTE,0,Alto,0%,5,90,0,0,0,0,0,0,0,52,Hipoteca,Posgrado
2.01407E+16,6611,Rechazada,PS1,Rechazado,MALO,0,,,,,0,RECIBOS DE NOMINA,#N/A,NO_CLIENTE,0,Alto,0%,4,90,0,0,0,0,0,0,0,33,Propia,Preparatoria
2.01407E+16,435,Rechazada,PS1,Rechazado,MALO,0,,,,,0,PROPIEDAD ACTIVO FIJO,#N/A,NO_CLIENTE,5000,Alto,0%,3,90,0,1,5114,390,0,0,0,28,Propia,Posgrado
2.01407E+16,845,Rechazada,PS1,Rechazado,MALO,0,,,,,0,RECIBOS DE NOMINA,#N/A,NO_CLIENTE,0,Alto,0%,2,90,0,0,0,0,0,0,0,29,Renta,Secundaria
2.01407E+16,798,Rechazada,PS1,Rechazado,MALO,0,,,,,0,RECIBOS DE NOMINA,#N/A,NO_CLIENTE,0,Alto,0%,3,90,0,0,0,0,0,0,0,46,Propia,Licenciatura
2.01407E+16,207,Rechazada,PS1,Rechazado,MALO,0,,,,,0,PROPIEDAD ACTIVO FIJO,#N/A,NO_CLIENTE,0,Alto,0%,4,90,0,0,0,0,0,0,0,57,Hipoteca,Licenciatura
2.01407E+16,4552,Rechazada,PS1,Rechazado,MALO,0,,,,,0,RECIBOS DE NOMINA,#N/A,NO_CLIENTE,0,Alto,0%,3,90,0,0,0,0,0,0,0,37,Hipoteca,Licenciatura
2.01407E+16,7441,Rechazada,PS1,Rechazado,MALO,0,,,,,0,PROPIEDAD ACTIVO FIJO,#N/A,NO_CLIENTE,0,Alto,0%,3,90,0,0,0,0,0,0,0,29,Familiares,Preparatoria
2.01407E+16,4083,Rechazada,PS1,Rechazado,MALO,0,,,,,0,RECIBOS DE NOMINA,#N/A,NO_CLIENTE,0,Alto,0%,2,90,0,0,0,0,0,0,0,31,Hipoteca,Posgrado
2.01407E+16,690,Rechazada,PS1,Rechazado,MALO,0,,,,,0,RECIBOS DE NOMINA,#N/A,NO_CLIENTE,0,Alto,0%,3,90,0,0,0,0,0,0,0,31,Hipoteca,Preparatoria
2.01407E+16,112,Rechazada,PS1,Rechazado,MALO,0,,,,,0,PROPIEDAD ACTIVO FIJO,#N/A,NO_CLIENTE,360500,Alto,0%,2,90,0,1,39106,1350,0,143010,0,57,Renta,Preparatoria
2.01407E+16,46,Rechazada,PS1,Rechazado,MALO,0,,,,,0,RECIBOS DE NOMINA,#N/A,NO_CLIENTE,0,Alto,0%,1,90,0,0,0,0,0,0,0,39,Renta,Posgrado
2.01407E+16,891,Rechazada,PS1,Rechazado,MALO,0,,,,,0,PROPIEDAD ACTIVO FIJO,#N/A,NO_CLIENTE,0,Alto,0%,2,90,0,0,0,0,0,0,0,27,Renta,Licenciatura
2.01407E+16,4766,Rechazada,PS1,Rechazado,MALO,0,,,,,0,PROPIEDAD ACTIVO FIJO,#N/A,NO_CLIENTE,0,Alto,0%,3,90,0,1,11774,530,0,23326,0,27,Propia,Posgrado
2.01407E+16,673,Rechazada,PS1,Rechazado,MALO,0,,,,,0,RECIBOS DE NOMINA,#N/A,NO_CLIENTE,0,Alto,0%,2,90,0,0,0,0,0,0,0,33,Hipoteca,Licenciatura
2.01407E+16,304,Rechazada,PS1,Rechazado,MALO,0,,,,,0,PROPIEDAD ACTIVO FIJO,#N/A,NO_CLIENTE,0,Alto,0%,1,90,0,0,0,0,0,0,0,36,Propia,Posgrado
2.01407E+16,551,Rechazada,PS1,Rechazado,MALO,0,,,,,0,RECIBOS DE NOMINA,#N/A,NO_CLIENTE,0,Alto,0%,4,90,0,2,5459,800,0,0,0,32,Propia,Preparatoria
2.01407E+16,7441,Rechazada,PS1,Rechazado,MALO,0,,,,,0,PROPIEDAD ACTIVO FIJO,#N/A,NO_CLIENTE,0,Alto,0%,3,90,0,0,768,0,0,0,0,35,Hipoteca,Preparatoria
2.01407E+16,4690,Rechazada,PS1,Rechazado,MALO,0,,,,,0,RECIBOS DE NOMINA,#N/A,NO_CLIENTE,0,Alto,0%,2,90,0,0,0,0,0,0,0,47,Renta,Licenciatura
2.01407E+16,353,Rechazada,PS1,Rechazado,MALO,0,,,,,0,RECIBOS DE NOMINA,#N/A,NO_CLIENTE,0,Alto,0%,3,90,0,1,21764,1310,0,13015,0,49,Familiares,Posgrado
2.01407E+16,4002,Rechazada,PS1,Rechazado,MALO,0,,,,,0,RECIBOS DE NOMINA,#N/A,NO_CLIENTE,0,Alto,0%,4,90,0,0,0,0,0,0,0,36,Familiares,Preparatoria
2.01407E+16,50006,Cancelada,PS1,Rechazado,MALO,0,,,,,0,SIN COMPROBANTE,#N/A,NO_CLIENTE,0,Alto,0%,3,90,0,1,15349,680,0,0,0,30,Renta,Posgrado
2.01407E+16,50012,Cancelada,PS1,Rechazado,MALO,0,,,,,0,SIN COMPROBANTE,#N/A,NO_CLIENTE,0,Alto,0%,3,90,0,0,0,0,0,0,0,55,Propia,Preparatoria
2.01407E+16,85000,Cancelada,PS1,Rechazado,MALO,0,,,,,0,SIN COMPROBANTE,#N/A,NO_CLIENTE,0,Alto,0%,2,90,0,0,0,0,0,0,0,46,Hipoteca,Licenciatura
2.01407E+16,127,Rechazada,PS1,Rechazado,MALO,0,,,,,0,CTA NOMINA DIGITAL,#N/A,NO_CLIENTE,0,Alto,0%,3,90,0,0,0,0,0,0,0,58,Propia,Posgrado
2.01407E+16,7774,Cancelada,PS1,Rechazado,MALO,0,,,,,0,RECIBOS DE NOMINA,#N/A,NO_CLIENTE,0,Alto,0%,2,90,0,0,0,0,0,0,0,28,Familiares,Posgrado
2.01407E+16,319,Rechazada,PS1,Rechazado,MALO,0,,,,,0,RECIBOS DE NOMINA,#N/A,NO_CLIENTE,0,Alto,0%,1,90,0,0,4153,0,0,0,0,46,Hipoteca,Preparatoria
2.01407E+16,220,Rechazada,PS1,Rechazado,MALO,0,,,,,0,RECIBOS DE NOMINA,#N/A,NO_CLIENTE,0,Alto,0%,2,90,0,0,0,0,0,0,0,38,Renta,Preparatoria
2.01407E+16,4271,Rechazada,PS1,Rechazado,MALO,0,,,,,0,PROPIEDAD ACTIVO FIJO,#N/A,NO_CLIENTE,0,Alto,0%,3,90,0,1,1428,250,0,0,0,33,Familiares,Licenciatura
2.01407E+16,57,Rechazada,PS1,Rechazado,MALO,0,,,,,0,RECIBOS DE NOMINA,#N/A,NO_CLIENTE,0,Alto,0%,2,90,0,8,2297,1610,0,65212,0,45,Renta,Posgrado
2.01407E+16,4173,Rechazada,PS1,Rechazado,MALO,0,,,,,0,PROPIEDAD ACTIVO FIJO,#N/A,NO_CLIENTE,0,Alto,0%,1,90,0,1,11398,910,0,0,0,45,Hipoteca,Preparatoria
2.01407E+16,7418,Rechazada,PS1,Rechazado,MALO,0,,,,,0,RECIBOS DE NOMINA,#N/A,NO_CLIENTE,0,Alto,0%,4,90,0,0,0,0,0,0,0,29,Hipoteca,Secundaria
2.01407E+16,14080,Rechazada,PS1,Rechazado,MALO,0,,,,,0,RECIBOS DE NOMINA,#N/A,NO_CLIENTE,0,Alto,0%,3,90,0,0,0,0,0,0,0,39,Propia,Licenciatura
2.01407E+16,4393,Rechazada,PS1,Rechazado,MALO,0,,,,,0,PROPIEDAD ACTIVO FIJO,#N/A,NO_CLIENTE,0,Alto,0%,2,90,0,1,60125,2080,0,0,0,35,Familiares,Posgrado
2.01407E+16,4197,Rechazada,PS1,Rechazado,MALO,0,,,,,0,PROPIEDAD ACTIVO FIJO,#N/A,NO_CLIENTE,94000,Alto,0%,3,90,0,0,0,0,0,0,0,49,Propia,Secundaria
2.01407E+16,584,Rechazada,PS1,Rechazado,MALO,0,,,,,0,PAGOS PROV SEMESTRALES PF,#N/A,NO_CLIENTE,0,Alto,0%,4,90,0,0,0,0,0,0,0,46,Hipoteca,Posgrado
2.01407E+16,178,Rechazada,PS1,Rechazado,MALO,0,,,,,0,RECIBOS DE NOMINA,#N/A,NO_CLIENTE,0,Alto,0%,3,90,0,1,8170,560,0,0,0,40,Propia,Licenciatura
2.01407E+16,133,Rechazada,PS1,Rechazado,MALO,0,,,,,0,RECIBOS DE NOMINA,#N/A,NO_CLIENTE,0,Alto,0%,3,90,0,0,0,0,0,0,0,47,Hipoteca,Posgrado
2.01407E+16,852,En_proceso,PS1,Rechazado,MALO,0,,,,,0,RECIBOS DE NOMINA,#N/A,NO_CLIENTE,0,Alto,0%,2,90,0,0,0,0,0,7696,0,37,Familiares,Preparatoria
2.01407E+16,752,Rechazada,PS1,Rechazado,MALO,0,,,,,0,PROPIEDAD ACTIVO FIJO,#N/A,NO_CLIENTE,0,Alto,0%,3,90,0,0,0,0,0,0,0,36,Familiares,Licenciatura
2.01407E+16,9603,Rechazada,PS1,Rechazado,MALO,0,,,,,0,PROPIEDAD ACTIVO FIJO,#N/A,NO_CLIENTE,0,Alto,0%,2,90,0,0,0,0,0,0,0,28,Propia,Posgrado
2.01407E+16,551,Rechazada,PS1,Rechazado,MALO,0,,,,,0,RECIBOS DE NOMINA,#N/A,NO_CLIENTE,0,Alto,0%,1,90,0,0,0,0,0,18831,0,36,Familiares,Preparatoria
2.01407E+16,102,Rechazada,PS1,Rechazado,MALO,0,,,,,0,PROPIEDAD ACTIVO FIJO,#N/A,NO_CLIENTE,0,Alto,0%,2,90,0,0,0,0,0,0,0,47,Renta,Preparatoria
2.01407E+16,368,Rechazada,PS1,Rechazado,MALO,0,,,,,0,PROPIEDAD ACTIVO FIJO,#N/A,NO_CLIENTE,0,Alto,0%,3,90,0,1,9924,500,0,0,0,53,Hipoteca,Posgrado
2.01407E+16,673,Rechazada,PS1,Rechazado,MALO,0,,,,,0,RECIBOS DE NOMINA,#N/A,NO_CLIENTE,0,Alto,0%,2,90,0,0,0,0,0,0,0,39,Familiares,Licenciatura
2.01407E+16,4643,Rechazada,PS1,Rechazado,MALO,0,,,,,0,RECIBOS DE NOMINA,#N/A,NO_CLIENTE,0,Alto,0%,1,90,0,0,0,0,0,0,0,36,Familiares,Preparatoria
2.01407E+16,142,Rechazada,PS1,Rechazado,MALO,0,,,,,0,PROPIEDAD ACTIVO FIJO,#N/A,NO_CLIENTE,0,Alto,0%,4,90,0,0,0,0,0,0,0,36,Renta,Posgrado
2.01407E+16,435,Rechazada,PS1,Rechazado,MALO,0,,,,,0,PAGOS PROV SEMESTRALES PF,#N/A,NO_CLIENTE,0,Alto,0%,3,90,0,0,0,0,0,0,0,27,Renta,Preparatoria
2.01407E+16,165,Rechazada,PS1,Rechazado,MALO,0,,,,,0,PROPIEDAD ACTIVO FIJO,#N/A,NO_CLIENTE,0,Alto,0%,2,90,0,1,14198,890,0,12526,0,56,Propia,Preparatoria
2.01407E+16,951,Rechazada,PS1,Rechazado,MALO,0,,,,,0,PROPIEDAD ACTIVO FIJO,#N/A,NO_CLIENTE,0,Alto,0%,3,90,0,0,0,0,0,0,0,30,Propia,Preparatoria
2.01407E+16,918,Rechazada,PS1,Rechazado,MALO,0,,,,,0,RECIBOS DE NOMINA,#N/A,NO_CLIENTE,0,Alto,0%,4,90,0,0,0,0,0,0,0,44,Propia,Preparatoria
2.01407E+16,817,Rechazada,PS1,Rechazado,MALO,0,,,,,0,RECIBOS DE NOMINA,#N/A,NO_CLIENTE,0,Alto,0%,3,90,0,0,0,0,0,0,0,44,Renta,Posgrado
2.01407E+16,4393,Rechazada,PS1,Rechazado,MALO,0,,,,,0,RECIBOS DE NOMINA,#N/A,NO_CLIENTE,0,Alto,0%,3,90,0,0,0,0,0,0,0,32,Renta,Preparatoria
2.01407E+16,302,Rechazada,PS1,Rechazado,MALO,0,,,,,0,PROPIEDAD ACTIVO FIJO,#N/A,NO_CLIENTE,0,Alto,0%,2,90,0,0,0,0,0,0,0,40,Hipoteca,Preparatoria
2.01407E+16,269,Rechazada,PS1,Rechazado,MALO,0,,,,,0,RECIBOS DE NOMINA,#N/A,NO_CLIENTE,0,Alto,0%,3,90,0,0,0,0,0,0,0,31,Familiares,Licenciatura
2.01407E+16,868,Rechazada,PS1,Rechazado,MALO,0,,,,,0,RECIBOS DE NOMINA,#N/A,NO_CLIENTE,0,Alto,0%,2,90,0,0,0,0,0,0,0,41,Renta,Preparatoria
2.01407E+16,997,Rechazada,PS1,Rechazado,MALO,0,,,,,0,RECIBOS DE NOMINA,#N/A,NO_CLIENTE,0,Alto,0%,1,90,0,0,0,0,0,0,0,41,Hipoteca,Preparatoria
2.01407E+16,7989,Rechazada,PS1,Rechazado,MALO,0,,,,,0,RECIBOS DE NOMINA,#N/A,NO_CLIENTE,0,Alto,0%,2,90,0,0,0,0,0,0,0,35,Propia,Licenciatura
2.01407E+16,9171,Rechazada,PS1,Rechazado,MALO,0,,,,,0,RECIBOS DE NOMINA,#N/A,NO_CLIENTE,0,Alto,0%,3,90,0,0,0,0,0,0,0,41,Familiares,Posgrado
2.01407E+16,477,Rechazada,PS1,Rechazado,MALO,0,,,,,0,RECIBOS DE NOMINA,#N/A,NO_CLIENTE,0,Alto,0%,2,90,0,1,7836,38,0,0,0,60,Renta,Posgrado
2.01407E+16,4333,Rechazada,PS1,Rechazado,MALO,0,,,,,0,RECIBOS DE NOMINA,#N/A,NO_CLIENTE,0,Alto,0%,1,90,0,0,0,0,0,0,0,31,Propia,Preparatoria
2.01407E+16,4683,Rechazada,PS1,Rechazado,MALO,0,,,,,0,INVERSIONES,#N/A,NO_CLIENTE,0,Alto,0%,4,90,0,0,0,0,0,0,0,48,Familiares,Licenciatura
2.01407E+16,973,Rechazada,PS1,Rechazado,MALO,0,,,,,0,PROPIEDAD ACTIVO FIJO,#N/A,NO_CLIENTE,0,Alto,0%,3,90,0,0,0,0,0,0,0,53,Hipoteca,Posgrado
2.01407E+16,648,Rechazada,PS1,Rechazado,MALO,0,,,,,0,RECIBOS DE NOMINA,#N/A,NO_CLIENTE,0,Alto,0%,2,90,0,0,0,0,0,0,0,36,Propia,Preparatoria
2.01407E+16,331,Rechazada,PS1,Rechazado,MALO,0,,,,,0,RECIBOS DE NOMINA,#N/A,NO_CLIENTE,0,Alto,0%,3,90,0,0,0,0,0,0,0,29,Propia,Secundaria
2.01407E+16,673,Rechazada,PS1,Rechazado,MALO,0,,,,,0,PROPIEDAD ACTIVO FIJO,#N/A,NO_CLIENTE,0,Alto,0%,4,90,0,0,0,0,0,0,0,48,Renta,Preparatoria
2.01407E+16,4035,Rechazada,PS1,Rechazado,MALO,0,,,,,0,PROPIEDAD ACTIVO FIJO,#N/A,NO_CLIENTE,0,Alto,0%,3,90,0,0,0,0,0,0,0,37,Familiares,Posgrado
2.01407E+16,780,Rechazada,PS1,Rechazado,MALO,0,,,,,0,PROPIEDAD ACTIVO FIJO,#N/A,NO_CLIENTE,0,Alto,0%,3,90,0,1,8925,1920,0,154204,0,54,Propia,Licenciatura
2.01407E+16,951,Rechazada,PS1,Rechazado,MALO,0,,,,,0,PROPIEDAD ACTIVO FIJO,#N/A,NO_CLIENTE,0,Alto,0%,2,90,0,1,7451,530,0,79713,0,53,Familiares,Licenciatura
2.01407E+16,269,Rechazada,PS1,Rechazado,MALO,0,,,,,0,RECIBOS DE NOMINA,#N/A,NO_CLIENTE,0,Alto,0%,3,90,0,0,0,0,0,0,0,26,Renta,Licenciatura
2.01407E+16,454,Rechazada,PS1,Rechazado,MALO,0,,,,,0,PAGOS PROV SEMESTRALES PF,#N/A,NO_CLIENTE,0,Alto,0%,2,90,0,1,1267,250,0,0,0,45,Propia,Licenciatura
2.01407E+16,4064,Rechazada,PS1,Rechazado,MALO,0,,,,,0,RECIBOS DE NOMINA,#N/A,NO_CLIENTE,0,Alto,0%,1,90,0,0,0,0,0,29937,0,26,Propia,Licenciatura
2.01407E+16,4080,Rechazada,PS1,Rechazado,MALO,0,,,,,0,RECIBOS DE NOMINA,#N/A,NO_CLIENTE,0,Alto,0%,2,90,0,1,637,637,0,31646,0,41,Renta,Preparatoria
2.01407E+16,4080,Rechazada,PS1,Rechazado,MALO,0,,,,,0,RECIBOS DE NOMINA,#N/A,NO_CLIENTE,0,Alto,0%,3,90,0,0,0,0,0,0,0,51,Hipoteca,Posgrado
2.01407E+16,435,Rechazada,PS1,Rechazado,MALO,0,,,,,0,PAGOS PROV SEMESTRALES PF,#N/A,NO_CLIENTE,0,Alto,0%,2,90,0,0,0,0,0,0,0,53,Familiares,Posgrado
2.01407E+16,269,Rechazada,PS1,Rechazado,MALO,0,,,,,0,RECIBOS DE NOMINA,#N/A,NO_CLIENTE,0,Alto,0%,1,90,0,0,0,0,0,0,0,59,Renta,Preparatoria
2.01407E+16,486,Rechazada,PS1,Rechazado,MALO,0,,,,,0,PROPIEDAD ACTIVO FIJO,#N/A,NO_CLIENTE,0,Alto,0%,4,90,0,0,0,0,0,0,0,51,Renta,Preparatoria
2.01407E+16,4467,Rechazada,PS1,Rechazado,MALO,0,,,,,0,INVERSIONES,#N/A,NO_CLIENTE,0,Alto,0%,3,90,0,0,0,0,0,0,0,52,Propia,Preparatoria
2.01408E+16,197,Rechazada,PS1,Rechazado,MALO,0,,,,,0,RECIBOS DE NOMINA,#N/A,NO_CLIENTE,0,Alto,0%,2,90,0,0,0,0,0,3552,0,46,Familiares,Preparatoria
2.01408E+16,41,Rechazada,PS1,Rechazado,MALO,0,,,,,0,RECIBOS DE NOMINA,#N/A,NO_CLIENTE,0,Alto,0%,3,90,0,0,0,0,0,0,0,46,Hipoteca,Posgrado
2.01408E+16,8173,Rechazada,PS1,Rechazado,MALO,0,,,,,0,RECIBOS DE NOMINA,#N/A,NO_CLIENTE,0,Alto,0%,4,90,0,0,0,0,0,0,0,49,Propia,Preparatoria
2.01408E+16,979,Rechazada,PS1,Rechazado,MALO,0,,,,,0,RECIBOS DE NOMINA,#N/A,NO_CLIENTE,0,Alto,0%,3,90,0,0,0,0,0,0,0,26,Renta,Posgrado
2.01408E+16,181,Rechazada,PS1,Rechazado,MALO,0,,,,,0,RECIBOS DE NOMINA,#N/A,NO_CLIENTE,0,Alto,0%,3,90,0,0,0,0,0,0,0,55,Renta,Preparatoria
2.01408E+16,777,Rechazada,PS1,Rechazado,MALO,0,,,,,0,RECIBOS DE NOMINA,#N/A,NO_CLIENTE,0,Alto,0%,2,90,0,0,0,0,0,20767,0,29,Propia,Posgrado
2.01408E+16,4349,Rechazada,PS1,Rechazado,MALO,0,,,,,0,PROPIEDAD ACTIVO FIJO,#N/A,NO_CLIENTE,0,Alto,0%,3,90,0,0,0,0,0,0,0,41,Renta,Licenciatura
2.01408E+16,427,Rechazada,PS1,Rechazado,MALO,0,,,,,0,PROPIEDAD ACTIVO FIJO,#N/A,NO_CLIENTE,0,Alto,0%,2,90,0,1,9752,250,0,37984,0,45,Familiares,Licenciatura
2.01408E+16,4534,Rechazada,PS1,Rechazado,MALO,0,,,,,0,RECIBOS DE NOMINA,#N/A,NO_CLIENTE,0,Alto,0%,1,90,0,0,0,0,0,0,0,35,Renta,Posgrado
2.01408E+16,413,Rechazada,PS1,Rechazado,MALO,0,,,,,0,PROPIEDAD ACTIVO FIJO,#N/A,NO_CLIENTE,0,Alto,0%,2,90,0,0,0,0,0,0,0,30,Propia,Preparatoria
2.01408E+16,4207,Rechazada,PS1,Rechazado,MALO,0,,,,,0,PROPIEDAD ACTIVO FIJO,#N/A,NO_CLIENTE,0,Alto,0%,3,90,0,0,0,0,0,0,0,34,Renta,Preparatoria
2.01408E+16,4498,Rechazada,PS1,Rechazado,MALO,0,,,,,0,PROPIEDAD ACTIVO FIJO,#N/A,NO_CLIENTE,0,Alto,0%,2,90,0,0,0,0,0,0,0,36,Familiares,Preparatoria
2.01408E+16,151,Rechazada,PS1,Rechazado,MALO,0,,,,,0,RECIBOS DE NOMINA,#N/A,NO_CLIENTE,0,Alto,0%,1,90,0,0,0,0,0,0,0,55,Familiares,Licenciatura
2.01408E+16,568,Rechazada,PS1,Rechazado,MALO,0,,,,,0,RECIBOS DE NOMINA,#N/A,NO_CLIENTE,0,Alto,0%,4,90,0,0,0,0,0,0,0,33,Propia,Posgrado
2.01408E+16,93,Rechazada,PS1,Rechazado,MALO,0,,,,,0,RECIBOS DE NOMINA,#N/A,NO_CLIENTE,0,Alto,0%,3,90,0,0,0,0,0,0,0,35,Renta,Posgrado
2.01408E+16,7919,Rechazada,PS1,Rechazado,MALO,0,,,,,0,RECIBOS DE NOMINA,#N/A,NO_CLIENTE,0,Alto,0%,2,90,0,0,0,0,0,0,0,54,Renta,Licenciatura
2.01408E+16,89,Rechazada,PS1,Rechazado,MALO,0,,,,,0,PROPIEDAD ACTIVO FIJO,#N/A,NO_CLIENTE,0,Alto,0%,3,90,0,0,0,0,0,0,0,59,Familiares,Preparatoria
2.01408E+16,951,Rechazada,PS1,Rechazado,MALO,0,,,,,0,RECIBOS DE NOMINA,#N/A,NO_CLIENTE,0,Alto,0%,4,90,0,0,0,0,0,0,0,37,Renta,Posgrado
2.01408E+16,456,Rechazada,PS1,Rechazado,MALO,0,,,,,0,PROPIEDAD ACTIVO FIJO,#N/A,NO_CLIENTE,0,Alto,0%,3,90,0,0,0,0,0,0,0,27,Hipoteca,Posgrado
2.01408E+16,853,Rechazada,PS1,Rechazado,MALO,0,,,,,0,PROPIEDAD ACTIVO FIJO,#N/A,NO_CLIENTE,0,Alto,0%,3,90,0,0,0,0,0,0,0,59,Familiares,Posgrado
2.01408E+16,124,Rechazada,PS1,Rechazado,MALO,0,,,,,0,RECIBOS DE NOMINA,#N/A,NO_CLIENTE,0,Alto,0%,2,90,0,0,0,0,0,0,0,53,Renta,Licenciatura
2.01408E+16,4766,Rechazada,PS1,Rechazado,MALO,0,,,,,0,INVERSIONES,#N/A,NO_CLIENTE,0,Alto,0%,3,90,0,0,0,0,0,0,0,53,Familiares,Preparatoria
2.01408E+16,107,Rechazada,PS1,Rechazado,MALO,0,,,,,0,RECIBOS DE NOMINA,#N/A,NO_CLIENTE,0,Alto,0%,2,90,0,0,0,0,0,0,0,51,Familiares,Licenciatura
2.01408E+16,435,Rechazada,PS1,Rechazado,MALO,0,,,,,0,PROPIEDAD ACTIVO FIJO,#N/A,NO_CLIENTE,0,Alto,0%,1,90,0,0,0,0,0,0,0,37,Renta,Posgrado
2.01408E+16,162,Rechazada,PS1,Rechazado,MALO,0,,,,,0,RECIBOS DE NOMINA,#N/A,NO_CLIENTE,0,Alto,0%,2,90,0,0,0,0,0,0,0,38,Hipoteca,Preparatoria
2.01408E+16,7720,Rechazada,PS1,Rechazado,MALO,0,,,,,0,RECIBOS DE NOMINA,#N/A,NO_CLIENTE,0,Alto,0%,3,90,0,0,0,0,0,22188,0,51,Familiares,Licenciatura
2.01408E+16,841,Rechazada,PS1,Rechazado,MALO,0,,,,,0,RECIBOS DE NOMINA,#N/A,NO_CLIENTE,0,Alto,0%,2,90,0,0,0,0,0,0,0,50,Propia,Posgrado
2.01408E+16,7649,Rechazada,PS1,Rechazado,MALO,0,,,,,0,RECIBOS DE NOMINA,#N/A,NO_CLIENTE,0,Alto,0%,1,90,0,0,0,0,0,3915,0,37,Familiares,Licenciatura
2.01408E+16,174,Rechazada,PS1,Rechazado,MALO,0,,,,,0,RECIBOS DE NOMINA,#N/A,NO_CLIENTE,16000,Alto,0%,4,90,0,1,2815,250,0,0,0,36,Familiares,Posgrado
2.01408E+16,174,Rechazada,PS1,Rechazado,MALO,0,,,,,0,RECIBOS DE NOMINA,#N/A,NO_CLIENTE,0,Alto,0%,3,90,0,0,0,0,0,0,0,35,Propia,Preparatoria
2.01408E+16,471,Rechazada,PS1,Rechazado,MALO,0,,,,,0,RECIBOS DE NOMINA,#N/A,NO_CLIENTE,0,Alto,0%,2,90,0,0,0,0,0,0,0,48,Hipoteca,Preparatoria
2.01408E+16,124,Rechazada,PS1,Rechazado,MALO,0,,,,,0,RECIBOS DE NOMINA,#N/A,NO_CLIENTE,0,Alto,0%,3,90,0,0,0,0,0,0,0,56,Hipoteca,Posgrado
2.01408E+16,9287,Rechazada,PS1,Rechazado,MALO,0,,,,,0,RECIBOS DE NOMINA,#N/A,NO_CLIENTE,0,Alto,0%,4,90,0,0,0,0,0,0,0,29,Hipoteca,Preparatoria
2.01408E+16,4644,Rechazada,PS1,Rechazado,MALO,0,,,,,0,PROPIEDAD ACTIVO FIJO,#N/A,NO_CLIENTE,28000,Alto,0%,3,90,0,0,1193,0,0,0,0,25,Propia,Licenciatura
2.01408E+16,7761,Rechazada,PS1,Rechazado,MALO,0,,,,,0,RECIBOS DE NOMINA,#N/A,NO_CLIENTE,0,Alto,0%,3,90,0,0,0,0,0,0,0,52,Familiares,Preparatoria
2.01408E+16,7629,Rechazada,PS1,Rechazado,MALO,0,,,,,0,PROPIEDAD ACTIVO FIJO,#N/A,NO_CLIENTE,0,Alto,0%,2,90,0,0,0,0,0,0,0,36,Familiares,Preparatoria
2.01408E+16,9396,Rechazada,PS1,Rechazado,MALO,0,,,,,0,RECIBOS DE NOMINA,#N/A,NO_CLIENTE,0,Alto,0%,3,90,0,0,0,0,0,0,0,57,Familiares,Licenciatura
2.01408E+16,9166,Rechazada,PS1,Rechazado,MALO,0,,,,,0,PROPIEDAD ACTIVO FIJO,#N/A,NO_CLIENTE,0,Alto,0%,2,90,0,0,0,0,0,0,0,35,Propia,Licenciatura
2.01408E+16,9260,Rechazada,PS1,Rechazado,MALO,0,,,,,0,PROPIEDAD ACTIVO FIJO,#N/A,NO_CLIENTE,0,Alto,0%,1,90,0,0,0,0,0,0,0,39,Hipoteca,Licenciatura
2.01408E+16,8166,Rechazada,PS1,Rechazado,MALO,0,,,,,0,PROPIEDAD ACTIVO FIJO,#N/A,NO_CLIENTE,0,Alto,0%,2,90,0,0,0,0,0,0,0,33,Hipoteca,Licenciatura
2.01408E+16,7796,Rechazada,PS1,Rechazado,MALO,0,,,,,0,RECIBOS DE NOMINA,#N/A,NO_CLIENTE,0,Alto,0%,3,90,0,0,0,0,0,0,0,41,Renta,Preparatoria
2.01408E+16,8118,Rechazada,PS1,Rechazado,MALO,0,,,,,0,RECIBOS DE NOMINA,#N/A,NO_CLIENTE,0,Alto,0%,2,90,0,0,0,0,0,0,0,29,Renta,Preparatoria
2.01408E+16,131,Rechazada,PS1,Rechazado,MALO,0,,,,,0,RECIBOS DE NOMINA,#N/A,NO_CLIENTE,0,Alto,0%,1,90,0,0,0,0,0,0,0,58,Renta,Licenciatura
2.01408E+16,8118,Rechazada,PS1,Rechazado,MALO,0,,,,,0,RECIBOS DE NOMINA,#N/A,NO_CLIENTE,0,Alto,0%,4,90,0,0,0,0,0,0,0,46,Renta,Preparatoria
2.01408E+16,7796,Rechazada,PS1,Rechazado,MALO,0,,,,,0,RECIBOS DE NOMINA,#N/A,NO_CLIENTE,0,Alto,0%,3,90,0,0,0,0,0,0,0,25,Familiares,Preparatoria
2.01408E+16,8164,Rechazada,PS1,Rechazado,MALO,0,,,,,0,PROPIEDAD ACTIVO FIJO,#N/A,NO_CLIENTE,0,Alto,0%,2,90,0,0,0,0,0,0,0,58,Renta,Posgrado
2.01408E+16,7799,Rechazada,PS1,Rechazado,MALO,0,,,,,0,RECIBOS DE NOMINA,#N/A,NO_CLIENTE,0,Alto,0%,3,90,0,0,0,0,0,0,0,28,Familiares,Preparatoria
2.01408E+16,10025,Rechazada,PS1,Rechazado,MALO,0,,,,,0,RECIBOS DE NOMINA,#N/A,NO_CLIENTE,20600,Alto,0%,4,90,0,0,14270,0,0,0,0,49,Propia,Posgrado
2.01408E+16,7637,Rechazada,PS1,Rechazado,MALO,0,,,,,0,PROPIEDAD ACTIVO FIJO,#N/A,NO_CLIENTE,0,Alto,0%,3,90,0,0,0,0,0,0,0,33,Renta,Licenciatura
2.01408E+16,8164,Rechazada,PS1,Rechazado,MALO,0,,,,,0,PROPIEDAD ACTIVO FIJO,#N/A,NO_CLIENTE,0,Alto,0%,3,90,0,0,0,0,0,0,0,42,Hipoteca,Licenciatura
2.01408E+16,8162,Rechazada,PS1,Rechazado,MALO,0,,,,,0,RECIBOS DE NOMINA,#N/A,NO_CLIENTE,0,Alto,0%,2,90,0,0,0,0,0,0,0,38,Propia,Posgrado
2.01408E+16,7791,Rechazada,PS1,Rechazado,MALO,0,,,,,0,RECIBOS DE NOMINA,#N/A,NO_CLIENTE,0,Alto,0%,3,90,0,0,0,0,0,0,0,52,Familiares,Preparatoria
2.01408E+16,7791,Rechazada,PS1,Rechazado,MALO,0,,,,,0,RECIBOS DE NOMINA,#N/A,NO_CLIENTE,0,Alto,0%,2,90,0,0,0,0,0,0,0,39,Hipoteca,Posgrado
2.01408E+16,10025,Rechazada,PS1,Rechazado,MALO,0,,,,,0,RECIBOS DE NOMINA,#N/A,NO_CLIENTE,0,Alto,0%,1,90,0,0,0,0,0,0,0,25,Familiares,Preparatoria
2.01408E+16,7588,Rechazada,PS1,Rechazado,MALO,0,,,,,0,RECIBOS DE NOMINA,#N/A,NO_CLIENTE,0,Alto,0%,2,90,0,0,0,0,0,0,0,49,Hipoteca,Posgrado
2.01408E+16,8133,Rechazada,PS1,Rechazado,MALO,0,,,,,0,PROPIEDAD ACTIVO FIJO,#N/A,NO_CLIENTE,0,Alto,0%,3,90,0,0,0,0,0,0,0,56,Renta,Licenciatura
2.01408E+16,7769,Rechazada,PS1,Rechazado,MALO,0,,,,,0,RECIBOS DE NOMINA,#N/A,NO_CLIENTE,0,Alto,0%,2,90,0,0,0,0,0,0,0,31,Familiares,Posgrado
2.01408E+16,8161,Rechazada,PS1,Rechazado,MALO,0,,,,,0,RECIBOS DE NOMINA,#N/A,NO_CLIENTE,0,Alto,0%,1,90,0,0,0,0,0,0,0,53,Familiares,Preparatoria
2.01408E+16,4478,Rechazada,PS1,Rechazado,MALO,0,,,,,0,RECIBOS DE NOMINA,#N/A,NO_CLIENTE,0,Alto,0%,4,90,0,0,0,0,0,0,0,58,Hipoteca,Licenciatura
2.01408E+16,383,Rechazada,PS1,Rechazado,MALO,0,,,,,0,PROPIEDAD ACTIVO FIJO,#N/A,NO_CLIENTE,5000,Alto,0%,3,90,0,0,5237,0,0,0,0,55,Propia,Licenciatura
2.01408E+16,310,Rechazada,PS1,Rechazado,MALO,0,,,,,0,RECIBOS DE NOMINA,#N/A,NO_CLIENTE,0,Alto,0%,2,90,0,0,0,0,0,0,0,32,Familiares,Preparatoria
2.01408E+16,100,Rechazada,PS1,Rechazado,MALO,0,,,,,0,PROPIEDAD ACTIVO FIJO,#N/A,NO_CLIENTE,3000,Alto,0%,3,90,0,0,2317,0,0,0,0,48,Familiares,Licenciatura
2.01408E+16,129,Rechazada,PS1,Rechazado,MALO,0,,,,,0,INVERSIONES,#N/A,NO_CLIENTE,0,Alto,0%,4,90,0,0,0,0,0,46213,0,30,Renta,Preparatoria
2.01408E+16,4120,Rechazada,PS1,Rechazado,MALO,0,,,,,0,RECIBOS DE NOMINA,#N/A,NO_CLIENTE,0,Alto,0%,3,90,0,0,0,0,0,0,0,49,Hipoteca,Posgrado
2.01408E+16,486,Rechazada,PS1,Rechazado,MALO,0,,,,,0,RECIBOS DE NOMINA,#N/A,NO_CLIENTE,0,Alto,0%,3,90,0,0,0,0,0,0,0,59,Renta,Preparatoria
2.01408E+16,764,Rechazada,PS1,Rechazado,MALO,0,,,,,0,RECIBOS DE NOMINA,#N/A,NO_CLIENTE,0,Alto,0%,2,90,0,0,0,0,0,0,0,50,Renta,Posgrado
2.01408E+16,4699,Rechazada,PS1,Rechazado,MALO,0,,,,,0,RECIBOS DE NOMINA,#N/A,NO_CLIENTE,0,Alto,0%,3,90,0,0,0,0,0,0,0,35,Renta,Preparatoria
2.01408E+16,706,Rechazada,PS1,Rechazado,MALO,0,,,,,0,RECIBOS DE NOMINA,#N/A,NO_CLIENTE,0,Alto,0%,2,90,0,0,0,0,0,0,0,40,Renta,Posgrado
2.01408E+16,767,Rechazada,PS1,Rechazado,MALO,0,,,,,0,PROPIEDAD ACTIVO FIJO,#N/A,NO_CLIENTE,0,Alto,0%,1,90,0,0,0,0,0,0,0,34,Hipoteca,Posgrado
2.01408E+16,4877,Rechazada,PS1,Rechazado,MALO,0,,,,,0,RECIBOS DE NOMINA,#N/A,NO_CLIENTE,0,Alto,0%,2,90,0,0,0,0,0,0,0,32,Hipoteca,Posgrado
2.01408E+16,4635,Rechazada,PS1,Rechazado,MALO,0,,,,,0,RECIBOS DE NOMINA,#N/A,NO_CLIENTE,0,Alto,0%,3,90,0,0,0,0,0,0,0,43,Propia,Preparatoria
2.01408E+16,7557,Rechazada,PS1,Rechazado,MALO,0,,,,,0,RECIBOS DE NOMINA,#N/A,NO_CLIENTE,0,Alto,0%,2,90,0,0,0,0,0,0,0,28,Hipoteca,Posgrado
2.01408E+16,28,Rechazada,PS1,Rechazado,MALO,0,,,,,0,RECIBOS DE NOMINA,#N/A,NO_CLIENTE,0,Alto,0%,1,90,0,0,0,0,0,13347,0,53,Hipoteca,Posgrado
2.01408E+16,4252,Rechazada,PS1,Rechazado,MALO,0,,,,,0,PROPIEDAD ACTIVO FIJO,#N/A,NO_CLIENTE,0,Alto,0%,4,90,0,0,0,0,0,0,0,52,Propia,Posgrado
2.01408E+16,520,Rechazada,PS1,Rechazado,MALO,0,,,,,0,RECIBOS DE NOMINA,#N/A,NO_CLIENTE,40000,Alto,0%,3,90,0,0,0,0,0,0,0,44,Hipoteca,Posgrado
2.01408E+16,729,Rechazada,PS1,Rechazado,MALO,0,,,,,0,RECIBOS DE NOMINA,#N/A,NO_CLIENTE,0,Alto,0%,2,90,0,0,0,0,0,0,0,55,Propia,Preparatoria
2.01408E+16,4874,Rechazada,PS1,Rechazado,MALO,0,,,,,0,INVERSIONES,#N/A,NO_CLIENTE,0,Alto,0%,3,90,0,0,0,0,0,0,0,26,Familiares,Licenciatura
2.01408E+16,93,Rechazada,PS1,Rechazado,MALO,0,,,,,0,RECIBOS DE NOMINA,#N/A,NO_CLIENTE,0,Alto,0%,4,90,0,0,0,0,0,0,0,31,Propia,Licenciatura
2.01408E+16,325,Rechazada,PS1,Rechazado,MALO,0,,,,,0,PAGOS PROV SEMESTRALES PF,#N/A,NO_CLIENTE,0,Alto,0%,3,90,0,0,0,0,0,0,0,45,Renta,Posgrado
2.01408E+16,8147,Rechazada,PS1,Rechazado,MALO,0,,,,,0,RECIBOS DE NOMINA,#N/A,NO_CLIENTE,37300,Alto,0%,3,90,0,1,28899,2140,0,64783,0,52,Hipoteca,Licenciatura
2.01408E+16,9261,Rechazada,PS1,Rechazado,MALO,0,,,,,0,PROPIEDAD ACTIVO FIJO,#N/A,NO_CLIENTE,0,Alto,0%,2,90,0,0,0,0,0,0,0,26,Hipoteca,Licenciatura
2.01408E+16,7788,Rechazada,PS1,Rechazado,MALO,0,,,,,0,RECIBOS DE NOMINA,#N/A,NO_CLIENTE,0,Alto,0%,3,90,0,0,0,0,0,0,0,44,Propia,Licenciatura
2.01408E+16,413,Rechazada,PS1,Rechazado,MALO,0,,,,,0,PROPIEDAD ACTIVO FIJO,#N/A,NO_CLIENTE,0,Alto,0%,2,90,0,0,0,0,0,0,0,37,Familiares,Posgrado
2.01408E+16,7759,Rechazada,PS1,Rechazado,MALO,0,,,,,0,PROPIEDAD ACTIVO FIJO,#N/A,NO_CLIENTE,0,Alto,0%,1,90,0,0,0,0,0,0,0,47,Propia,Licenciatura
2.01408E+16,8147,Rechazada,PS1,Rechazado,MALO,0,,,,,0,RECIBOS DE NOMINA,#N/A,NO_CLIENTE,0,Alto,0%,2,90,0,0,0,0,0,0,0,35,Propia,Posgrado
2.01408E+16,7589,Rechazada,PS1,Rechazado,MALO,0,,,,,0,PROPIEDAD ACTIVO FIJO,#N/A,NO_CLIENTE,10000,Alto,0%,3,90,0,0,5691,0,0,0,0,54,Renta,Preparatoria
2.01408E+16,5438,Rechazada,PS1,Rechazado,MALO,0,,,,,0,RECIBOS DE NOMINA,#N/A,NO_CLIENTE,0,Alto,0%,2,90,0,0,0,0,0,31066,0,47,Familiares,Licenciatura
2.01408E+16,54,Rechazada,PS1,Rechazado,MALO,0,,,,,0,PROPIEDAD ACTIVO FIJO,#N/A,NO_CLIENTE,31000,Alto,0%,1,90,0,0,30342,0,0,17500,0,42,Renta,Posgrado
2.01408E+16,9195,Rechazada,PS1,Rechazado,MALO,0,,,,,0,RECIBOS DE NOMINA,#N/A,NO_CLIENTE,0,Alto,0%,4,90,0,0,0,0,0,0,0,54,Propia,Posgrado
2.01408E+16,928,Rechazada,PS1,Rechazado,MALO,0,,,,,0,RECIBOS DE NOMINA,#N/A,NO_CLIENTE,10000,Alto,0%,3,90,0,1,5346,460,0,0,0,31,Renta,Licenciatura
2.01408E+16,6440,Rechazada,PS1,Rechazado,MALO,0,,,,,0,PROPIEDAD ACTIVO FIJO,#N/A,NO_CLIENTE,0,Alto,0%,2,90,0,0,0,0,0,0,0,56,Propia,Licenciatura
2.01408E+16,497,Rechazada,PS1,Rechazado,MALO,0,,,,,0,RECIBOS DE NOMINA,#N/A,NO_CLIENTE,3000,Alto,0%,3,90,0,1,3537,100,0,0,0,51,Familiares,Preparatoria
2.01408E+16,7163,Rechazada,PS1,Rechazado,MALO,0,,,,,0,PROPIEDAD ACTIVO FIJO,#N/A,NO_CLIENTE,23900,Alto,0%,4,90,0,1,9850,808,0,0,0,44,Renta,Posgrado
2.01408E+16,129,Rechazada,PS1,Rechazado,MALO,0,,,,,0,RECIBOS DE NOMINA,#N/A,NO_CLIENTE,0,Alto,0%,3,90,0,0,0,0,0,0,0,59,Renta,Preparatoria
2.01408E+16,53,Rechazada,PS1,Rechazado,MALO,0,,,,,0,RECIBOS DE NOMINA,#N/A,NO_CLIENTE,0,Alto,0%,3,90,0,0,0,0,0,0,0,37,Hipoteca,Licenciatura
2.01408E+16,4295,Rechazada,PS1,Rechazado,MALO,0,,,,,0,RECIBOS DE NOMINA,#N/A,NO_CLIENTE,0,Alto,0%,2,90,0,0,0,0,0,0,0,27,Hipoteca,Posgrado
2.01408E+16,401,Rechazada,PS1,Rechazado,MALO,0,,,,,0,RECIBOS DE NOMINA,#N/A,NO_CLIENTE,15000,Alto,0%,3,90,0,1,13068,820,0,0,0,34,Hipoteca,Preparatoria
2.01408E+16,4552,Rechazada,PS1,Rechazado,MALO,0,,,,,0,PROPIEDAD ACTIVO FIJO,#N/A,NO_CLIENTE,0,Alto,0%,2,90,0,0,0,0,0,0,0,60,Hipoteca,Licenciatura
2.01408E+16,4087,Rechazada,PS1,Rechazado,MALO,0,,,,,0,RECIBOS DE NOMINA,#N/A,NO_CLIENTE,3000,Alto,0%,4,90,0,1,2932,260,0,0,0,26,Familiares,Posgrado
2.01408E+16,542,Rechazada,PS1,Rechazado,MALO,0,,,,,0,RECIBOS DE NOMINA,#N/A,NO_CLIENTE,0,Alto,0%,5,90,0,0,0,0,0,0,0,48,Renta,Posgrado
2.01408E+16,8185,Rechazada,PS1,Rechazado,MALO,0,,,,,0,RECIBOS DE NOMINA,#N/A,NO_CLIENTE,0,Alto,0%,5,90,0,0,0,0,0,0,0,26,Renta,Licenciatura
2.01408E+16,459,Rechazada,PS1,Rechazado,MALO,0,,,,,0,RECIBOS DE NOMINA,#N/A,NO_CLIENTE,0,Alto,0%,4,90,0,0,0,0,0,0,0,30,Hipoteca,Preparatoria
2.01408E+16,532,Rechazada,PS1,Rechazado,MALO,0,,,,,0,PROPIEDAD ACTIVO FIJO,#N/A,NO_CLIENTE,142900,Alto,0%,5,90,0,3,114888,18750,0,42374,0,28,Familiares,Posgrado
2.01408E+16,307,Rechazada,PS1,Rechazado,MALO,0,,,,,0,RECIBOS DE NOMINA,#N/A,NO_CLIENTE,0,Alto,0%,4,90,0,0,0,0,0,0,0,29,Familiares,Preparatoria
2.01408E+16,180,Rechazada,PS1,Rechazado,MALO,0,,,,,0,RECIBOS DE NOMINA,#N/A,NO_CLIENTE,0,Alto,0%,5,90,0,0,0,0,0,0,0,52,Renta,Preparatoria
2.01408E+16,259,Rechazada,PS1,Rechazado,MALO,0,,,,,0,RECIBOS DE NOMINA,#N/A,NO_CLIENTE,0,Alto,0%,5,90,0,0,0,0,0,0,0,60,Familiares,Preparatoria
2.01408E+16,4534,Rechazada,PS1,Rechazado,MALO,0,,,,,0,RECIBOS DE NOMINA,#N/A,NO_CLIENTE,0,Alto,0%,4,90,0,0,0,0,0,0,0,49,Renta,Posgrado
2.01408E+16,159,Rechazada,PS1,Rechazado,MALO,0,,,,,0,RECIBOS DE NOMINA,#N/A,NO_CLIENTE,0,Alto,0%,5,90,0,0,0,0,0,92484,0,59,Renta,Preparatoria
2.01408E+16,4400,Rechazada,PS1,Rechazado,MALO,0,,,,,0,PROPIEDAD ACTIVO FIJO,#N/A,NO_CLIENTE,0,Alto,0%,4,90,0,0,0,0,0,0,0,55,Hipoteca,Licenciatura
2.01408E+16,4416,Rechazada,PS1,Rechazado,MALO,0,,,,,0,PROPIEDAD ACTIVO FIJO,#N/A,NO_CLIENTE,5000,Alto,0%,5,90,0,2,1224,500,0,0,0,45,Familiares,Posgrado
2.01408E+16,4877,Rechazada,PS1,Rechazado,MALO,0,,,,,0,RECIBOS DE NOMINA,#N/A,NO_CLIENTE,0,Alto,0%,5,90,0,0,0,0,0,0,0,29,Propia,Preparatoria
2.01408E+16,4265,Rechazada,PS1,Rechazado,MALO,0,,,,,0,RECIBOS DE NOMINA,#N/A,NO_CLIENTE,10003,Alto,0%,4,90,0,0,6802,0,0,52325,0,50,Propia,Preparatoria
2.01401E+16,4603,Rechazada,CN0,Rechazado,MALO,0,,,,,8553,PROPIEDAD ACTIVO FIJO,Medio B,CLIENTE_BANCO,10000,Alto,0%,5,90,0,8,14113,14113,0,0,0,58,Propia,Licenciatura
2.01406E+16,109,Rechazada,CN0,Rechazado,MALO,0,,,,,0,RECIBOS DE NOMINA,Alto C,NO_CLIENTE,0,Alto,0%,4,90,0,0,0,0,0,0,0,31,Hipoteca,Licenciatura
2.01408E+16,8147,En_proceso,CN0,Rechazado,MALO,0,,,,,0,INVERSIONES,Alto C,NO_CLIENTE,0,Alto,0%,5,90,0,0,0,0,0,0,0,36,Hipoteca,Preparatoria
2.01311E+16,8188,Rechazada,CN0,Rechazado,MALO,0,,,,,0,RECIBOS DE NOMINA,Medio B,NO_CLIENTE,0,Alto,0%,5,90,0,0,0,0,0,0,0,40,Renta,Licenciatura
2.01407E+16,9144,En_proceso,CN0,Rechazado,MALO,0,,,,,0,INVERSIONES,Alto C,NO_CLIENTE,0,Alto,0%,4,90,0,0,0,0,0,0,0,30,Renta,Licenciatura
2.01406E+16,7124,Rechazada,CN0,Rechazado,MALO,0,,,,,0,RECIBOS DE NOMINA,Alto C,NO_CLIENTE,0,Alto,0%,4,90,0,0,0,0,0,0,0,47,Hipoteca,Posgrado
2.01406E+16,309,Rechazada,CN0,Rechazado,MALO,0,,,,,0,RECIBOS DE NOMINA,Alto C,NO_CLIENTE,0,Alto,0%,5,90,0,0,0,0,0,0,0,38,Renta,Licenciatura
2.01312E+16,662,Cancelada,PS1,Rechazado,MALO,0,,,,,0,PROPIEDAD ACTIVO FIJO,#N/A,NO_CLIENTE,0,Alto,0%,5,91,0,0,0,0,0,0,0,48,Renta,Posgrado
2.01406E+16,643,Rechazada,PS1,Rechazado,MALO,0,,,,,0,PROPIEDAD ACTIVO FIJO,#N/A,NO_CLIENTE,0,Alto,0%,4,91,0,0,0,0,0,27177,0,50,Familiares,Preparatoria
2.01406E+16,290,Rechazada,PS1,Rechazado,MALO,0,,,,,0,RECIBOS DE NOMINA,#N/A,NO_CLIENTE,0,Alto,0%,5,91,0,0,0,0,0,0,0,47,Propia,Secundaria
2.01406E+16,109,Rechazada,PS1,Rechazado,MALO,0,,,,,0,PROPIEDAD ACTIVO FIJO,#N/A,NO_CLIENTE,0,Alto,0%,4,91,0,0,0,0,0,0,0,42,Familiares,Posgrado
2.01406E+16,803,Rechazada,PS1,Rechazado,MALO,0,,,,,0,INVERSIONES,#N/A,NO_CLIENTE,0,Alto,0%,5,91,0,0,0,0,0,0,0,36,Propia,Licenciatura
2.01406E+16,217,Rechazada,PS1,Rechazado,MALO,0,,,,,0,PROPIEDAD ACTIVO FIJO,#N/A,NO_CLIENTE,0,Alto,0%,5,91,0,0,0,0,0,41415,0,56,Hipoteca,Posgrado
2.01406E+16,4181,Rechazada,PS1,Rechazado,MALO,0,,,,,0,PROPIEDAD ACTIVO FIJO,#N/A,NO_CLIENTE,0,Alto,0%,4,91,0,0,4895,0,0,0,0,42,Familiares,Preparatoria
2.01407E+16,253,Rechazada,PS1,Rechazado,MALO,0,,,,,0,PAGOS PROV SEMESTRALES PF,#N/A,NO_CLIENTE,0,Alto,0%,4,91,0,0,0,0,0,0,0,28,Familiares,Posgrado
2.01407E+16,178,Rechazada,PS1,Rechazado,MALO,0,,,,,0,RECIBOS DE NOMINA,#N/A,NO_CLIENTE,0,Alto,0%,5,91,0,0,0,0,0,0,0,40,Renta,Licenciatura
2.01407E+16,754,Rechazada,PS1,Rechazado,MALO,0,,,,,0,RECIBOS DE NOMINA,#N/A,NO_CLIENTE,0,Alto,0%,5,91,0,0,0,0,0,0,0,33,Renta,Licenciatura
2.01407E+16,234,Rechazada,PS1,Rechazado,MALO,0,,,,,0,PROPIEDAD ACTIVO FIJO,#N/A,NO_CLIENTE,0,Alto,0%,4,91,0,0,0,0,0,0,0,39,Hipoteca,Preparatoria
2.01407E+16,131,Rechazada,PS1,Rechazado,MALO,0,,,,,0,RECIBOS DE NOMINA,#N/A,NO_CLIENTE,0,Alto,0%,5,91,0,0,0,0,0,0,0,48,Propia,Licenciatura
2.01407E+16,6567,Rechazada,PS1,Rechazado,MALO,0,,,,,0,RECIBOS DE NOMINA,#N/A,NO_CLIENTE,0,Alto,0%,4,91,0,0,0,0,0,0,0,36,Propia,Preparatoria
2.01407E+16,21,Rechazada,PS1,Rechazado,MALO,0,,,,,0,RECIBOS DE NOMINA,#N/A,NO_CLIENTE,0,Alto,0%,5,91,0,0,0,0,0,0,0,38,Propia,Posgrado
2.01407E+16,951,Rechazada,PS1,Rechazado,MALO,0,,,,,0,RECIBOS DE NOMINA,#N/A,NO_CLIENTE,0,Alto,0%,5,91,0,0,0,0,0,0,0,59,Familiares,Licenciatura
2.01407E+16,4546,Rechazada,PS1,Rechazado,MALO,0,,,,,0,RECIBOS DE NOMINA,#N/A,NO_CLIENTE,0,Alto,0%,4,91,0,0,0,0,0,0,0,45,Propia,Preparatoria
2.01407E+16,781,Rechazada,PS1,Rechazado,MALO,0,,,,,0,PROPIEDAD ACTIVO FIJO,#N/A,NO_CLIENTE,0,Alto,0%,5,91,0,1,2496,480,0,0,0,54,Familiares,Licenciatura
2.01407E+16,4436,Rechazada,PS1,Rechazado,MALO,0,,,,,0,RECIBOS DE NOMINA,#N/A,NO_CLIENTE,0,Alto,0%,4,91,0,0,0,0,0,0,0,53,Familiares,Preparatoria
2.01407E+16,885,Rechazada,PS1,Rechazado,MALO,0,,,,,0,RECIBOS DE NOMINA,#N/A,NO_CLIENTE,0,Alto,0%,5,91,0,0,0,0,0,0,0,44,Renta,Posgrado
2.01407E+16,4424,Rechazada,PS1,Rechazado,MALO,0,,,,,0,RECIBOS DE NOMINA,#N/A,NO_CLIENTE,0,Alto,0%,5,91,0,0,0,0,0,0,0,53,Renta,Preparatoria
2.01407E+16,781,Rechazada,PS1,Rechazado,MALO,0,,,,,0,RECIBOS DE NOMINA,#N/A,NO_CLIENTE,0,Alto,0%,4,91,0,0,0,0,0,0,0,49,Renta,Preparatoria
2.01407E+16,347,Rechazada,PS1,Rechazado,MALO,0,,,,,0,PROPIEDAD ACTIVO FIJO,#N/A,NO_CLIENTE,0,Alto,0%,5,91,0,0,0,0,0,0,0,44,Renta,Posgrado
2.01407E+16,220,Rechazada,PS1,Rechazado,MALO,0,,,,,0,RECIBOS DE NOMINA,#N/A,NO_CLIENTE,0,Alto,0%,4,91,0,0,0,0,0,0,0,45,Propia,Preparatoria
2.01407E+16,750,Rechazada,PS1,Rechazado,MALO,0,,,,,0,PAGOS PROV SEMESTRALES PF,#N/A,NO_CLIENTE,0,Alto,0%,5,91,0,0,0,0,0,0,0,26,Familiares,Preparatoria
2.01407E+16,468,Rechazada,PS1,Rechazado,MALO,0,,,,,0,RECIBOS DE NOMINA,#N/A,NO_CLIENTE,0,Alto,0%,5,91,0,0,0,0,0,0,0,55,Propia,Licenciatura
2.01407E+16,4395,Rechazada,PS1,Rechazado,MALO,0,,,,,0,RECIBOS DE NOMINA,#N/A,NO_CLIENTE,0,Alto,0%,4,91,0,8,20898,20898,0,0,0,33,Renta,Posgrado
2.01407E+16,4518,Rechazada,PS1,Rechazado,MALO,0,,,,,0,PROPIEDAD ACTIVO FIJO,#N/A,NO_CLIENTE,0,Alto,0%,4,91,0,0,0,0,0,434240,0,58,Hipoteca,Posgrado
2.01407E+16,6559,Rechazada,PS1,Rechazado,MALO,0,,,,,0,RECIBOS DE NOMINA,#N/A,NO_CLIENTE,0,Alto,0%,5,91,0,0,0,0,0,0,0,57,Propia,Posgrado
2.01407E+16,4308,Rechazada,PS1,Rechazado,MALO,0,,,,,0,PROPIEDAD ACTIVO FIJO,#N/A,NO_CLIENTE,0,Alto,0%,5,91,0,0,30501,0,0,0,0,58,Familiares,Licenciatura
2.01407E+16,951,Rechazada,PS1,Rechazado,MALO,0,,,,,0,RECIBOS DE NOMINA,#N/A,NO_CLIENTE,0,Alto,0%,4,91,0,8,7613,7613,0,35551,0,33,Propia,Licenciatura
2.01407E+16,131,Rechazada,PS1,Rechazado,MALO,0,,,,,0,RECIBOS DE NOMINA,#N/A,NO_CLIENTE,0,Alto,0%,5,91,0,0,0,0,0,0,0,43,Propia,Preparatoria
2.01407E+16,336,Rechazada,PS1,Rechazado,MALO,0,,,,,0,INVERSIONES,#N/A,NO_CLIENTE,0,Alto,0%,4,91,0,0,0,0,0,0,0,26,Renta,Licenciatura
2.01407E+16,7528,Rechazada,PS1,Rechazado,MALO,0,,,,,0,PROPIEDAD ACTIVO FIJO,#N/A,NO_CLIENTE,0,Alto,0%,5,91,0,0,0,0,0,0,0,47,Hipoteca,Licenciatura
2.01407E+16,50012,Cancelada,PS1,Rechazado,MALO,0,,,,,0,SIN COMPROBANTE,#N/A,NO_CLIENTE,0,Alto,0%,5,91,0,0,0,0,0,0,0,25,Renta,Posgrado
2.01407E+16,50012,Cancelada,PS1,Rechazado,MALO,0,,,,,0,SIN COMPROBANTE,#N/A,NO_CLIENTE,0,Alto,0%,4,91,0,0,0,0,0,0,0,53,Familiares,Posgrado
2.01407E+16,4556,Rechazada,PS1,Rechazado,MALO,0,,,,,0,RECIBOS DE NOMINA,#N/A,NO_CLIENTE,0,Alto,0%,3,91,0,0,0,0,0,0,0,44,Renta,Preparatoria
2.01407E+16,729,Cancelada,PS1,Rechazado,MALO,0,,,,,0,RECIBOS DE NOMINA,#N/A,NO_CLIENTE,0,Alto,0%,2,91,0,0,0,0,0,0,0,35,Propia,Posgrado
2.01407E+16,166,Rechazada,PS1,Rechazado,MALO,0,,,,,0,PROPIEDAD ACTIVO FIJO,#N/A,NO_CLIENTE,0,Alto,0%,3,91,0,1,2614,250,0,41235,0,58,Hipoteca,Preparatoria
2.01407E+16,127,Rechazada,PS1,Rechazado,MALO,0,,,,,0,CTA NOMINA DIGITAL,#N/A,NO_CLIENTE,0,Alto,0%,4,91,0,0,0,0,0,0,0,26,Renta,Preparatoria
2.01407E+16,773,Rechazada,PS1,Rechazado,MALO,0,,,,,0,PROPIEDAD ACTIVO FIJO,#N/A,NO_CLIENTE,0,Alto,0%,3,91,0,0,0,0,0,998,0,48,Hipoteca,Preparatoria
2.01407E+16,4593,Rechazada,PS1,Rechazado,MALO,0,,,,,0,RECIBOS DE NOMINA,#N/A,NO_CLIENTE,0,Alto,0%,3,91,0,0,0,0,0,0,0,49,Propia,Posgrado
2.01407E+16,165,Rechazada,PS1,Rechazado,MALO,0,,,,,0,PROPIEDAD ACTIVO FIJO,#N/A,NO_CLIENTE,0,Alto,0%,2,91,0,0,0,0,0,0,0,25,Propia,Licenciatura
2.01407E+16,14084,Rechazada,PS1,Rechazado,MALO,0,,,,,0,RECIBOS DE NOMINA,#N/A,NO_CLIENTE,0,Alto,0%,3,91,0,0,0,0,0,0,0,53,Hipoteca,Posgrado
2.01407E+16,420,Rechazada,PS1,Rechazado,MALO,0,,,,,0,PAGOS PROV SEMESTRALES PF,#N/A,NO_CLIENTE,0,Alto,0%,2,91,0,0,0,0,0,0,0,31,Hipoteca,Posgrado
2.01407E+16,965,Rechazada,PS1,Rechazado,MALO,0,,,,,0,PROPIEDAD ACTIVO FIJO,#N/A,NO_CLIENTE,0,Alto,0%,1,91,0,0,0,0,0,55398,0,52,Familiares,Licenciatura
2.01407E+16,961,Rechazada,PS1,Rechazado,MALO,0,,,,,0,RECIBOS DE NOMINA,#N/A,NO_CLIENTE,0,Alto,0%,2,91,0,0,6834,0,0,0,0,56,Hipoteca,Licenciatura
2.01407E+16,547,Rechazada,PS1,Rechazado,MALO,0,,,,,0,PROPIEDAD ACTIVO FIJO,#N/A,NO_CLIENTE,0,Alto,0%,3,91,0,1,857,348,0,0,0,31,Propia,Licenciatura
2.01407E+16,4643,Rechazada,PS1,Rechazado,MALO,0,,,,,0,INVERSIONES,#N/A,NO_CLIENTE,0,Alto,0%,2,91,0,0,0,0,0,0,0,37,Propia,Licenciatura
2.01407E+16,58,Rechazada,PS1,Rechazado,MALO,0,,,,,0,RECIBOS DE NOMINA,#N/A,NO_CLIENTE,0,Alto,0%,1,91,0,0,0,0,0,0,0,31,Renta,Licenciatura
2.01407E+16,86,Rechazada,PS1,Rechazado,MALO,0,,,,,0,RECIBOS DE NOMINA,#N/A,NO_CLIENTE,0,Alto,0%,4,91,0,0,0,0,0,0,0,60,Propia,Preparatoria
2.01407E+16,4263,Rechazada,PS1,Rechazado,MALO,0,,,,,0,PROPIEDAD ACTIVO FIJO,#N/A,NO_CLIENTE,0,Alto,0%,3,91,0,0,14326,0,0,136383,0,31,Familiares,Posgrado
2.01407E+16,298,Rechazada,PS1,Rechazado,MALO,0,,,,,0,PROPIEDAD ACTIVO FIJO,#N/A,NO_CLIENTE,0,Alto,0%,2,91,0,0,0,0,0,0,0,58,Familiares,Posgrado
2.01407E+16,944,Rechazada,PS1,Rechazado,MALO,0,,,,,0,RECIBOS DE NOMINA,#N/A,NO_CLIENTE,0,Alto,0%,3,91,0,0,0,0,0,0,0,53,Hipoteca,Preparatoria
2.01407E+16,7445,Rechazada,PS1,Rechazado,MALO,0,,,,,0,RECIBOS DE NOMINA,#N/A,NO_CLIENTE,0,Alto,0%,4,91,0,0,0,0,0,0,0,29,Hipoteca,Preparatoria
2.01407E+16,4413,Rechazada,PS1,Rechazado,MALO,0,,,,,0,RECIBOS DE NOMINA,#N/A,NO_CLIENTE,0,Alto,0%,3,91,0,1,5853,250,0,0,0,25,Propia,Licenciatura
2.01407E+16,8199,Rechazada,PS1,Rechazado,MALO,0,,,,,0,RECIBOS DE NOMINA,#N/A,NO_CLIENTE,0,Alto,0%,3,91,0,0,0,0,0,0,0,56,Familiares,Licenciatura
2.01407E+16,7445,Rechazada,PS1,Rechazado,MALO,0,,,,,0,RECIBOS DE NOMINA,#N/A,NO_CLIENTE,0,Alto,0%,2,91,0,0,0,0,0,0,0,52,Renta,Licenciatura
2.01407E+16,673,Rechazada,PS1,Rechazado,MALO,0,,,,,0,PROPIEDAD ACTIVO FIJO,#N/A,NO_CLIENTE,0,Alto,0%,3,91,0,1,399,250,0,0,0,46,Renta,Posgrado
2.01407E+16,575,Rechazada,PS1,Rechazado,MALO,0,,,,,0,RECIBOS DE NOMINA,#N/A,NO_CLIENTE,0,Alto,0%,2,91,0,0,0,0,0,0,0,32,Renta,Licenciatura
2.01407E+16,4437,Rechazada,PS1,Rechazado,MALO,0,,,,,0,PROPIEDAD ACTIVO FIJO,#N/A,NO_CLIENTE,0,Alto,0%,1,91,0,0,0,0,0,0,0,33,Familiares,Preparatoria
2.01407E+16,690,Rechazada,PS1,Rechazado,MALO,0,,,,,0,RECIBOS DE NOMINA,#N/A,NO_CLIENTE,0,Alto,0%,2,91,0,0,0,0,0,0,0,29,Propia,Preparatoria
2.01407E+16,17,Rechazada,PS1,Rechazado,MALO,0,,,,,0,RECIBOS DE NOMINA,#N/A,NO_CLIENTE,0,Alto,0%,3,91,0,0,0,0,0,0,0,43,Renta,Licenciatura
2.01407E+16,7504,Rechazada,PS1,Rechazado,MALO,0,,,,,0,PROPIEDAD ACTIVO FIJO,#N/A,NO_CLIENTE,0,Alto,0%,2,91,0,0,0,0,0,0,0,57,Renta,Posgrado
2.01407E+16,269,Rechazada,PS1,Rechazado,MALO,0,,,,,0,RECIBOS DE NOMINA,#N/A,NO_CLIENTE,0,Alto,0%,1,91,0,1,1097,250,0,0,0,56,Propia,Preparatoria
2.01407E+16,310,Rechazada,PS1,Rechazado,MALO,0,,,,,0,RECIBOS DE NOMINA,#N/A,NO_CLIENTE,0,Alto,0%,4,91,0,0,0,0,0,0,0,50,Renta,Preparatoria
2.01407E+16,40,Rechazada,PS1,Rechazado,MALO,0,,,,,0,RECIBOS DE NOMINA,#N/A,NO_CLIENTE,0,Alto,0%,3,91,0,0,0,0,0,0,0,51,Renta,Posgrado
2.01407E+16,4546,Rechazada,PS1,Rechazado,MALO,0,,,,,0,RECIBOS DE NOMINA,#N/A,NO_CLIENTE,0,Alto,0%,2,91,0,0,0,0,0,0,0,52,Propia,Posgrado
2.01407E+16,4726,Rechazada,PS1,Rechazado,MALO,0,,,,,0,RECIBOS DE NOMINA,#N/A,NO_CLIENTE,0,Alto,0%,3,91,0,0,0,0,0,0,0,34,Renta,Posgrado
2.01407E+16,4371,Rechazada,PS1,Rechazado,MALO,0,,,,,0,PROPIEDAD ACTIVO FIJO,#N/A,NO_CLIENTE,0,Alto,0%,4,91,0,1,22645,1080,0,0,0,60,Hipoteca,Licenciatura
2.01407E+16,8214,Rechazada,PS1,Rechazado,MALO,0,,,,,0,INVERSIONES,#N/A,NO_CLIENTE,0,Alto,0%,3,91,0,0,0,0,0,40103,0,60,Familiares,Preparatoria
2.01407E+16,561,Rechazada,PS1,Rechazado,MALO,0,,,,,0,RECIBOS DE NOMINA,#N/A,NO_CLIENTE,0,Alto,0%,3,91,0,0,0,0,0,0,0,37,Hipoteca,Posgrado
2.01407E+16,4896,Rechazada,PS1,Rechazado,MALO,0,,,,,0,RECIBOS DE NOMINA,#N/A,NO_CLIENTE,0,Alto,0%,2,91,0,0,0,0,0,0,0,32,Hipoteca,Licenciatura
2.01407E+16,938,Rechazada,PS1,Rechazado,MALO,0,,,,,0,PROPIEDAD ACTIVO FIJO,#N/A,NO_CLIENTE,0,Alto,0%,3,91,0,1,42127,2510,0,88172,0,56,Hipoteca,Preparatoria
2.01407E+16,9033,Rechazada,PS1,Rechazado,MALO,0,,,,,0,RECIBOS DE NOMINA,#N/A,NO_CLIENTE,0,Alto,0%,2,91,0,0,0,0,0,0,0,30,Renta,Licenciatura
2.01407E+16,52,Rechazada,PS1,Rechazado,MALO,0,,,,,0,RECIBOS DE NOMINA,#N/A,NO_CLIENTE,0,Alto,0%,1,91,0,0,0,0,0,0,0,59,Familiares,Posgrado
2.01407E+16,269,Rechazada,PS1,Rechazado,MALO,0,,,,,0,RECIBOS DE NOMINA,#N/A,NO_CLIENTE,0,Alto,0%,2,91,0,0,0,0,0,0,0,28,Hipoteca,Posgrado
2.01407E+16,920,Rechazada,PS1,Rechazado,MALO,0,,,,,0,PROPIEDAD ACTIVO FIJO,#N/A,NO_CLIENTE,0,Alto,0%,3,91,0,0,0,0,0,0,0,38,Renta,Licenciatura
2.01407E+16,951,Rechazada,PS1,Rechazado,MALO,0,,,,,0,RECIBOS DE NOMINA,#N/A,NO_CLIENTE,0,Alto,0%,2,91,0,0,0,0,0,0,0,56,Familiares,Licenciatura
2.01407E+16,426,Rechazada,PS1,Rechazado,MALO,0,,,,,0,RECIBOS DE NOMINA,#N/A,NO_CLIENTE,0,Alto,0%,1,91,0,0,0,0,0,0,0,36,Renta,Licenciatura
2.01407E+16,4896,Rechazada,PS1,Rechazado,MALO,0,,,,,0,RECIBOS DE NOMINA,#N/A,NO_CLIENTE,0,Alto,0%,4,91,0,0,0,0,0,12723,0,51,Hipoteca,Licenciatura
2.01407E+16,4496,Rechazada,PS1,Rechazado,MALO,0,,,,,0,RECIBOS DE NOMINA,#N/A,NO_CLIENTE,0,Alto,0%,3,91,0,0,0,0,0,0,0,30,Hipoteca,Preparatoria
2.01407E+16,536,Rechazada,PS1,Rechazado,MALO,0,,,,,0,PROPIEDAD ACTIVO FIJO,#N/A,NO_CLIENTE,0,Alto,0%,2,91,0,8,12278,9810,0,0,0,36,Propia,Licenciatura
2.01407E+16,4431,Rechazada,PS1,Rechazado,MALO,0,,,,,0,RECIBOS DE NOMINA,#N/A,NO_CLIENTE,0,Alto,0%,3,91,0,0,0,0,0,0,0,46,Hipoteca,Posgrado
2.01407E+16,4257,Rechazada,PS1,Rechazado,MALO,0,,,,,0,PROPIEDAD ACTIVO FIJO,#N/A,NO_CLIENTE,0,Alto,0%,4,91,0,1,8968,250,0,0,0,57,Familiares,Posgrado
2.01407E+16,191,Rechazada,PS1,Rechazado,MALO,0,,,,,0,RECIBOS DE NOMINA,#N/A,NO_CLIENTE,0,Alto,0%,3,91,0,0,0,0,0,25029,0,37,Propia,Posgrado
2.01407E+16,220,Rechazada,PS1,Rechazado,MALO,0,,,,,0,RECIBOS DE NOMINA,#N/A,NO_CLIENTE,0,Alto,0%,3,91,0,0,0,0,0,0,0,25,Propia,Licenciatura
2.01407E+16,370,Rechazada,PS1,Rechazado,MALO,0,,,,,0,RECIBOS DE NOMINA,#N/A,NO_CLIENTE,0,Alto,0%,2,91,0,0,0,0,0,0,0,28,Familiares,Posgrado
2.01407E+16,4793,Rechazada,PS1,Rechazado,MALO,0,,,,,0,PROPIEDAD ACTIVO FIJO,#N/A,NO_CLIENTE,0,Alto,0%,3,91,0,0,0,0,0,0,0,37,Hipoteca,Posgrado
2.01407E+16,9167,Rechazada,PS1,Rechazado,MALO,0,,,,,0,RECIBOS DE NOMINA,#N/A,NO_CLIENTE,0,Alto,0%,2,91,0,0,0,0,0,0,0,42,Hipoteca,Preparatoria
2.01407E+16,7637,Rechazada,PS1,Rechazado,MALO,0,,,,,0,PROPIEDAD ACTIVO FIJO,#N/A,NO_CLIENTE,0,Alto,0%,1,91,0,0,0,0,0,0,0,51,Hipoteca,Licenciatura
2.01408E+16,4779,Rechazada,PS1,Rechazado,MALO,0,,,,,0,RECIBOS DE NOMINA,#N/A,NO_CLIENTE,0,Alto,0%,2,91,0,0,0,0,0,0,0,60,Familiares,Preparatoria
2.01408E+16,4361,Rechazada,PS1,Rechazado,MALO,0,,,,,0,PROPIEDAD ACTIVO FIJO,#N/A,NO_CLIENTE,0,Alto,0%,3,91,0,0,12393,0,0,25663,0,50,Propia,Posgrado
2.01408E+16,648,Rechazada,PS1,Rechazado,MALO,0,,,,,0,PROPIEDAD ACTIVO FIJO,#N/A,NO_CLIENTE,0,Alto,0%,2,91,0,1,1099,250,0,0,0,48,Familiares,Posgrado
2.01408E+16,508,Rechazada,PS1,Rechazado,MALO,0,,,,,0,RECIBOS DE NOMINA,#N/A,NO_CLIENTE,0,Alto,0%,1,91,0,0,0,0,0,0,0,42,Renta,Posgrado
2.01408E+16,4194,Rechazada,PS1,Rechazado,MALO,0,,,,,0,RECIBOS DE NOMINA,#N/A,NO_CLIENTE,0,Alto,0%,4,91,0,0,0,0,0,0,0,53,Hipoteca,Preparatoria
2.01408E+16,4443,Rechazada,PS1,Rechazado,MALO,0,,,,,0,PROPIEDAD ACTIVO FIJO,#N/A,NO_CLIENTE,0,Alto,0%,3,91,0,1,3051,380,0,23623,0,52,Hipoteca,Licenciatura
2.01408E+16,4443,Rechazada,PS1,Rechazado,MALO,0,,,,,0,PROPIEDAD ACTIVO FIJO,#N/A,NO_CLIENTE,0,Alto,0%,2,91,0,0,0,0,0,0,0,53,Hipoteca,Preparatoria
2.01408E+16,313,Rechazada,PS1,Rechazado,MALO,0,,,,,0,RECIBOS DE NOMINA,#N/A,NO_CLIENTE,0,Alto,0%,3,91,0,0,0,0,0,0,0,34,Propia,Licenciatura
2.01408E+16,968,Rechazada,PS1,Rechazado,MALO,0,,,,,0,PROPIEDAD ACTIVO FIJO,#N/A,NO_CLIENTE,0,Alto,0%,4,91,0,0,0,0,0,0,0,40,Familiares,Preparatoria
2.01408E+16,520,Rechazada,PS1,Rechazado,MALO,0,,,,,0,RECIBOS DE NOMINA,#N/A,NO_CLIENTE,0,Alto,0%,3,91,0,0,0,0,0,0,0,54,Hipoteca,Posgrado
2.01408E+16,390,Rechazada,PS1,Rechazado,MALO,0,,,,,0,PROPIEDAD ACTIVO FIJO,#N/A,NO_CLIENTE,0,Alto,0%,3,91,0,1,2333,340,0,0,1,55,Familiares,Posgrado
2.01408E+16,370,Rechazada,PS1,Rechazado,MALO,0,,,,,0,RECIBOS DE NOMINA,#N/A,NO_CLIENTE,0,Alto,0%,2,91,0,0,0,0,0,0,0,45,Hipoteca,Licenciatura
2.01408E+16,4271,Rechazada,PS1,Rechazado,MALO,0,,,,,0,RECIBOS DE NOMINA,#N/A,NO_CLIENTE,0,Alto,0%,3,91,0,0,0,0,0,0,0,44,Hipoteca,Licenciatura
2.01408E+16,44,Rechazada,PS1,Rechazado,MALO,0,,,,,0,RECIBOS DE NOMINA,#N/A,NO_CLIENTE,0,Alto,0%,2,91,0,0,0,0,0,0,0,34,Renta,Preparatoria
2.01408E+16,682,Rechazada,PS1,Rechazado,MALO,0,,,,,0,RECIBOS DE NOMINA,#N/A,NO_CLIENTE,0,Alto,0%,1,91,0,0,0,0,0,0,0,25,Propia,Licenciatura
2.01408E+16,780,Rechazada,PS1,Rechazado,MALO,0,,,,,0,RECIBOS DE NOMINA,#N/A,NO_CLIENTE,0,Alto,0%,2,91,0,0,0,0,0,0,0,54,Renta,Posgrado
2.01408E+16,937,Rechazada,PS1,Rechazado,MALO,0,,,,,0,RECIBOS DE NOMINA,#N/A,NO_CLIENTE,76000,Alto,0%,3,91,0,0,0,0,0,0,0,25,Renta,Licenciatura
2.01408E+16,4073,Rechazada,PS1,Rechazado,MALO,0,,,,,0,RECIBOS DE NOMINA,#N/A,NO_CLIENTE,0,Alto,0%,2,91,0,0,0,0,0,0,0,27,Familiares,Posgrado
2.01408E+16,335,Rechazada,PS1,Rechazado,MALO,0,,,,,0,RECIBOS DE NOMINA,#N/A,NO_CLIENTE,0,Alto,0%,1,91,0,0,0,0,0,0,0,47,Renta,Preparatoria
2.01408E+16,853,Rechazada,PS1,Rechazado,MALO,0,,,,,0,PROPIEDAD ACTIVO FIJO,#N/A,NO_CLIENTE,0,Alto,0%,4,91,0,0,0,0,0,8716,0,29,Propia,Licenciatura
2.01408E+16,107,Rechazada,PS1,Rechazado,MALO,0,,,,,0,PROPIEDAD ACTIVO FIJO,#N/A,NO_CLIENTE,11300,Alto,0%,3,91,0,0,6962,0,0,0,0,47,Propia,Preparatoria
2.01408E+16,171,Rechazada,PS1,Rechazado,MALO,0,,,,,0,RECIBOS DE NOMINA,#N/A,NO_CLIENTE,0,Alto,0%,2,91,0,0,0,0,0,0,0,37,Propia,Preparatoria
2.01408E+16,289,Rechazada,PS1,Rechazado,MALO,0,,,,,0,RECIBOS DE NOMINA,#N/A,NO_CLIENTE,0,Alto,0%,3,91,0,0,0,0,0,0,0,60,Renta,Posgrado
2.01408E+16,4289,Rechazada,PS1,Rechazado,MALO,0,,,,,0,PROPIEDAD ACTIVO FIJO,#N/A,NO_CLIENTE,130000,Alto,0%,4,91,0,1,52854,1630,0,177181,0,48,Propia,Posgrado
2.01408E+16,4644,Rechazada,PS1,Rechazado,MALO,0,,,,,0,RECIBOS DE NOMINA,#N/A,NO_CLIENTE,0,Alto,0%,3,91,0,0,0,0,0,0,0,29,Familiares,Licenciatura
2.01408E+16,7829,Rechazada,PS1,Rechazado,MALO,0,,,,,0,RECIBOS DE NOMINA,#N/A,NO_CLIENTE,0,Alto,0%,3,91,0,0,0,0,0,0,0,52,Propia,Preparatoria
2.01408E+16,8175,Rechazada,PS1,Rechazado,MALO,0,,,,,0,PROPIEDAD ACTIVO FIJO,#N/A,NO_CLIENTE,6000,Alto,0%,2,91,0,1,1356,250,0,0,0,35,Familiares,Licenciatura
2.01408E+16,7591,Rechazada,PS1,Rechazado,MALO,0,,,,,0,PROPIEDAD ACTIVO FIJO,#N/A,NO_CLIENTE,0,Alto,0%,3,91,0,0,0,0,0,0,0,41,Familiares,Posgrado
2.01408E+16,124,Rechazada,PS1,Rechazado,MALO,0,,,,,0,RECIBOS DE NOMINA,#N/A,NO_CLIENTE,0,Alto,0%,2,91,0,0,0,0,0,0,0,39,Propia,Posgrado
2.01408E+16,7569,Rechazada,PS1,Rechazado,MALO,0,,,,,0,RECIBOS DE NOMINA,#N/A,NO_CLIENTE,0,Alto,0%,1,91,0,0,0,0,0,0,0,52,Renta,Preparatoria
2.01408E+16,7796,Rechazada,PS1,Rechazado,MALO,0,,,,,0,RECIBOS DE NOMINA,#N/A,NO_CLIENTE,0,Alto,0%,2,91,0,0,0,0,0,0,0,36,Familiares,Posgrado
2.01408E+16,344,Rechazada,PS1,Rechazado,MALO,0,,,,,0,PROPIEDAD ACTIVO FIJO,#N/A,NO_CLIENTE,73500,Alto,0%,3,91,0,1,9638,920,0,0,0,32,Propia,Posgrado
2.01408E+16,8153,Rechazada,PS1,Rechazado,MALO,0,,,,,0,RECIBOS DE NOMINA,#N/A,NO_CLIENTE,0,Alto,0%,2,91,0,0,0,0,0,0,0,57,Familiares,Posgrado
2.01408E+16,86,Rechazada,PS1,Rechazado,MALO,0,,,,,0,RECIBOS DE NOMINA,#N/A,NO_CLIENTE,0,Alto,0%,1,91,0,0,0,0,0,53143,0,42,Propia,Licenciatura
2.01408E+16,8166,Rechazada,PS1,Rechazado,MALO,0,,,,,0,PROPIEDAD ACTIVO FIJO,#N/A,NO_CLIENTE,0,Alto,0%,4,91,0,0,0,0,0,0,0,35,Hipoteca,Posgrado
2.01408E+16,7769,Rechazada,PS1,Rechazado,MALO,0,,,,,0,RECIBOS DE NOMINA,#N/A,NO_CLIENTE,0,Alto,0%,3,91,0,0,0,0,0,0,0,59,Familiares,Posgrado
2.01408E+16,9256,Rechazada,PS1,Rechazado,MALO,0,,,,,0,RECIBOS DE NOMINA,#N/A,NO_CLIENTE,0,Alto,0%,2,91,0,0,0,0,0,0,0,56,Propia,Licenciatura
2.01408E+16,8153,Rechazada,PS1,Rechazado,MALO,0,,,,,0,RECIBOS DE NOMINA,#N/A,NO_CLIENTE,0,Alto,0%,3,91,0,0,0,0,0,0,0,57,Propia,Licenciatura
2.01408E+16,8162,Rechazada,PS1,Rechazado,MALO,0,,,,,0,RECIBOS DE NOMINA,#N/A,NO_CLIENTE,0,Alto,0%,4,91,0,0,0,0,0,0,0,47,Propia,Posgrado
2.01408E+16,131,Rechazada,PS1,Rechazado,MALO,0,,,,,0,RECIBOS DE NOMINA,#N/A,NO_CLIENTE,0,Alto,0%,3,91,0,0,0,0,0,0,0,41,Propia,Licenciatura
2.01408E+16,7769,Rechazada,PS1,Rechazado,MALO,0,,,,,0,RECIBOS DE NOMINA,#N/A,NO_CLIENTE,0,Alto,0%,3,91,0,0,0,0,0,0,0,51,Hipoteca,Posgrado
2.01408E+16,7766,Rechazada,PS1,Rechazado,MALO,0,,,,,0,RECIBOS DE NOMINA,#N/A,NO_CLIENTE,0,Alto,0%,2,91,0,0,0,0,0,0,0,59,Propia,Licenciatura
2.01408E+16,8164,Rechazada,PS1,Rechazado,MALO,0,,,,,0,PROPIEDAD ACTIVO FIJO,#N/A,NO_CLIENTE,0,Alto,0%,3,91,0,0,0,0,0,0,0,54,Hipoteca,Posgrado
2.01408E+16,9037,Rechazada,PS1,Rechazado,MALO,0,,,,,0,RECIBOS DE NOMINA,#N/A,NO_CLIENTE,0,Alto,0%,2,91,0,0,0,0,0,0,0,30,Renta,Preparatoria
2.01408E+16,7918,Rechazada,PS1,Rechazado,MALO,0,,,,,0,RECIBOS DE NOMINA,#N/A,NO_CLIENTE,0,Alto,0%,1,91,0,0,0,0,0,0,0,40,Renta,Posgrado
2.01408E+16,8122,Rechazada,PS1,Rechazado,MALO,0,,,,,0,PROPIEDAD ACTIVO FIJO,#N/A,NO_CLIENTE,0,Alto,0%,2,91,0,0,0,0,0,0,0,30,Propia,Preparatoria
2.01408E+16,8122,Rechazada,PS1,Rechazado,MALO,0,,,,,0,PROPIEDAD ACTIVO FIJO,#N/A,NO_CLIENTE,0,Alto,0%,3,91,0,0,0,0,0,0,0,42,Hipoteca,Posgrado
2.01408E+16,14028,Rechazada,PS1,Rechazado,MALO,0,,,,,0,RECIBOS DE NOMINA,#N/A,NO_CLIENTE,0,Alto,0%,2,91,0,0,0,0,0,0,0,50,Renta,Licenciatura
2.01408E+16,7799,Rechazada,PS1,Rechazado,MALO,0,,,,,0,RECIBOS DE NOMINA,#N/A,NO_CLIENTE,0,Alto,0%,1,91,0,0,0,0,0,0,0,52,Hipoteca,Posgrado
2.01408E+16,8122,Rechazada,PS1,Rechazado,MALO,0,,,,,0,PROPIEDAD ACTIVO FIJO,#N/A,NO_CLIENTE,0,Alto,0%,4,91,0,0,0,0,0,0,0,43,Propia,Preparatoria
2.01408E+16,8162,Rechazada,PS1,Rechazado,MALO,0,,,,,0,RECIBOS DE NOMINA,#N/A,NO_CLIENTE,0,Alto,0%,3,91,0,0,0,0,0,0,0,57,Familiares,Licenciatura
2.01408E+16,9152,Rechazada,PS1,Rechazado,MALO,0,,,,,0,RECIBOS DE NOMINA,#N/A,NO_CLIENTE,0,Alto,0%,2,91,0,0,0,0,0,0,0,30,Renta,Posgrado
2.01408E+16,7618,Rechazada,PS1,Rechazado,MALO,0,,,,,0,RECIBOS DE NOMINA,#N/A,NO_CLIENTE,0,Alto,0%,3,91,0,0,0,0,0,0,0,31,Renta,Licenciatura
2.01408E+16,7588,Rechazada,PS1,Rechazado,MALO,0,,,,,0,RECIBOS DE NOMINA,#N/A,NO_CLIENTE,0,Alto,0%,4,91,0,0,0,0,0,0,0,36,Hipoteca,Posgrado
2.01408E+16,8147,Rechazada,PS1,Rechazado,MALO,0,,,,,0,RECIBOS DE NOMINA,#N/A,NO_CLIENTE,0,Alto,0%,3,91,0,0,0,0,0,0,0,46,Propia,Licenciatura
2.01408E+16,9175,Rechazada,PS1,Rechazado,MALO,0,,,,,0,RECIBOS DE NOMINA,#N/A,NO_CLIENTE,0,Alto,0%,3,91,0,0,0,0,0,0,0,31,Familiares,Preparatoria
2.01408E+16,10025,Rechazada,PS1,Rechazado,MALO,0,,,,,0,RECIBOS DE NOMINA,#N/A,NO_CLIENTE,4000,Alto,0%,2,91,0,1,412,257,0,0,0,45,Familiares,Preparatoria
2.01408E+16,7797,Rechazada,PS1,Rechazado,MALO,0,,,,,0,RECIBOS DE NOMINA,#N/A,NO_CLIENTE,0,Alto,0%,3,91,0,0,0,0,0,0,0,45,Propia,Preparatoria
2.01408E+16,9749,Rechazada,PS1,Rechazado,MALO,0,,,,,0,PROPIEDAD ACTIVO FIJO,#N/A,NO_CLIENTE,0,Alto,0%,2,91,0,0,0,0,0,0,0,39,Propia,Posgrado
2.01408E+16,9406,Rechazada,PS1,Rechazado,MALO,0,,,,,0,RECIBOS DE NOMINA,#N/A,NO_CLIENTE,0,Alto,0%,1,91,0,0,0,0,0,0,0,28,Hipoteca,Licenciatura
2.01408E+16,5185,Rechazada,PS1,Rechazado,MALO,0,,,,,0,RECIBOS DE NOMINA,#N/A,NO_CLIENTE,0,Alto,0%,2,91,0,0,0,0,0,0,0,46,Hipoteca,Preparatoria
2.01408E+16,546,Rechazada,PS1,Rechazado,MALO,0,,,,,0,RECIBOS DE NOMINA,#N/A,NO_CLIENTE,0,Alto,0%,3,91,0,0,0,0,0,0,0,39,Renta,Posgrado
2.01408E+16,844,Rechazada,PS1,Rechazado,MALO,0,,,,,0,PAGOS PROV SEMESTRALES PF,#N/A,NO_CLIENTE,0,Alto,0%,2,91,0,0,0,0,0,8291,0,42,Propia,Preparatoria
2.01408E+16,8187,Rechazada,PS1,Rechazado,MALO,0,,,,,0,RECIBOS DE NOMINA,#N/A,NO_CLIENTE,0,Alto,0%,1,91,0,0,0,0,0,0,0,42,Propia,Posgrado
2.01408E+16,794,Rechazada,PS1,Rechazado,MALO,0,,,,,0,RECIBOS DE NOMINA,#N/A,NO_CLIENTE,0,Alto,0%,4,91,0,0,0,0,0,0,0,28,Hipoteca,Posgrado
2.01408E+16,807,Rechazada,PS1,Rechazado,MALO,0,,,,,0,PAGOS PROV SEMESTRALES PF,#N/A,NO_CLIENTE,0,Alto,0%,3,91,0,0,0,0,0,0,0,45,Renta,Preparatoria
2.01408E+16,319,Rechazada,PS1,Rechazado,MALO,0,,,,,0,RECIBOS DE NOMINA,#N/A,NO_CLIENTE,0,Alto,0%,2,91,0,0,0,0,0,0,0,59,Hipoteca,Licenciatura
2.01408E+16,4270,Rechazada,PS1,Rechazado,MALO,0,,,,,0,PROPIEDAD ACTIVO FIJO,#N/A,NO_CLIENTE,0,Alto,0%,3,91,0,0,0,0,0,46788,0,31,Renta,Preparatoria
2.01408E+16,773,Rechazada,PS1,Rechazado,MALO,0,,,,,0,PROPIEDAD ACTIVO FIJO,#N/A,NO_CLIENTE,0,Alto,0%,4,91,0,0,0,0,0,0,0,45,Hipoteca,Preparatoria
2.01408E+16,4120,Rechazada,PS1,Rechazado,MALO,0,,,,,0,RECIBOS DE NOMINA,#N/A,NO_CLIENTE,0,Alto,0%,3,91,0,0,0,0,0,0,0,51,Familiares,Licenciatura
2.01408E+16,4101,Rechazada,PS1,Rechazado,MALO,0,,,,,0,PROPIEDAD ACTIVO FIJO,#N/A,NO_CLIENTE,0,Alto,0%,3,91,0,0,0,0,0,0,0,56,Hipoteca,Licenciatura
2.01408E+16,7512,Rechazada,PS1,Rechazado,MALO,0,,,,,0,RECIBOS DE NOMINA,#N/A,NO_CLIENTE,0,Alto,0%,2,91,0,0,0,0,0,0,0,28,Hipoteca,Licenciatura
2.01408E+16,246,Rechazada,PS1,Rechazado,MALO,0,,,,,0,PROPIEDAD ACTIVO FIJO,#N/A,NO_CLIENTE,205700,Alto,0%,3,91,0,1,53149,4310,0,0,0,47,Propia,Posgrado
2.01408E+16,604,Rechazada,PS1,Rechazado,MALO,0,,,,,0,RECIBOS DE NOMINA,#N/A,NO_CLIENTE,0,Alto,0%,2,91,0,0,0,0,0,0,0,51,Propia,Preparatoria
2.01408E+16,8179,Rechazada,PS1,Rechazado,MALO,0,,,,,0,PROPIEDAD ACTIVO FIJO,#N/A,NO_CLIENTE,18800,Alto,0%,4,91,0,0,0,0,0,0,0,38,Hipoteca,Preparatoria
2.01408E+16,4609,Rechazada,PS1,Rechazado,MALO,0,,,,,0,PROPIEDAD ACTIVO FIJO,#N/A,NO_CLIENTE,0,Alto,0%,5,91,0,0,0,0,0,0,0,46,Renta,Licenciatura
2.01408E+16,4339,Rechazada,PS1,Rechazado,MALO,0,,,,,0,RECIBOS DE NOMINA,#N/A,NO_CLIENTE,0,Alto,0%,5,91,0,0,0,0,0,0,0,25,Renta,Posgrado
2.01408E+16,4051,Rechazada,PS1,Rechazado,MALO,0,,,,,0,RECIBOS DE NOMINA,#N/A,NO_CLIENTE,0,Alto,0%,4,91,0,0,0,0,0,0,0,36,Renta,Licenciatura
2.01408E+16,7791,Rechazada,PS1,Rechazado,MALO,0,,,,,0,RECIBOS DE NOMINA,#N/A,NO_CLIENTE,0,Alto,0%,5,91,0,0,0,0,0,0,0,40,Propia,Licenciatura
2.01408E+16,7918,Rechazada,PS1,Rechazado,MALO,0,,,,,0,RECIBOS DE NOMINA,#N/A,NO_CLIENTE,0,Alto,0%,4,91,0,0,0,0,0,0,0,49,Hipoteca,Preparatoria
2.01408E+16,9261,Rechazada,PS1,Rechazado,MALO,0,,,,,0,PROPIEDAD ACTIVO FIJO,#N/A,NO_CLIENTE,0,Alto,0%,5,91,0,0,0,0,0,0,0,55,Hipoteca,Preparatoria
2.01408E+16,5339,Rechazada,PS1,Rechazado,MALO,0,,,,,0,PROPIEDAD ACTIVO FIJO,#N/A,NO_CLIENTE,0,Alto,0%,5,91,0,0,0,0,0,0,0,46,Familiares,Posgrado
2.01408E+16,7830,Rechazada,PS1,Rechazado,MALO,0,,,,,0,PROPIEDAD ACTIVO FIJO,#N/A,NO_CLIENTE,0,Alto,0%,4,91,0,0,0,0,0,0,0,60,Propia,Preparatoria
2.01408E+16,8161,Rechazada,PS1,Rechazado,MALO,0,,,,,0,RECIBOS DE NOMINA,#N/A,NO_CLIENTE,0,Alto,0%,5,91,0,0,0,0,0,0,0,59,Familiares,Preparatoria
2.01408E+16,9261,Rechazada,PS1,Rechazado,MALO,0,,,,,0,PROPIEDAD ACTIVO FIJO,#N/A,NO_CLIENTE,0,Alto,0%,4,91,0,0,0,0,0,0,0,44,Hipoteca,Posgrado
2.01408E+16,9749,Rechazada,PS1,Rechazado,MALO,0,,,,,0,PROPIEDAD ACTIVO FIJO,#N/A,NO_CLIENTE,0,Alto,0%,5,91,0,0,0,0,0,0,0,28,Familiares,Preparatoria
2.01408E+16,4432,Rechazada,PS1,Rechazado,MALO,0,,,,,0,RECIBOS DE NOMINA,#N/A,NO_CLIENTE,0,Alto,0%,5,91,0,0,0,0,0,0,0,46,Hipoteca,Licenciatura
2.01408E+16,8174,Rechazada,PS1,Rechazado,MALO,0,,,,,0,PROPIEDAD ACTIVO FIJO,#N/A,NO_CLIENTE,9900,Alto,0%,4,91,0,1,8166,290,0,0,0,49,Propia,Licenciatura
2.01408E+16,594,Rechazada,PS1,Rechazado,MALO,0,,,,,0,RECIBOS DE NOMINA,#N/A,NO_CLIENTE,8000,Alto,0%,5,91,0,7,14972,8450,0,0,0,46,Familiares,Posgrado
2.01408E+16,4331,Rechazada,PS1,Rechazado,MALO,0,,,,,0,RECIBOS DE NOMINA,#N/A,NO_CLIENTE,0,Alto,0%,4,91,0,0,0,0,0,0,0,55,Propia,Preparatoria
2.01408E+16,752,Rechazada,PS1,Rechazado,MALO,0,,,,,0,RECIBOS DE NOMINA,#N/A,NO_CLIENTE,0,Alto,0%,5,91,0,0,0,0,0,0,0,53,Propia,Preparatoria
2.01408E+16,309,Rechazada,PS1,Rechazado,MALO,0,,,,,0,RECIBOS DE NOMINA,#N/A,NO_CLIENTE,0,Alto,0%,5,91,0,0,0,0,0,0,0,57,Renta,Posgrado
2.01408E+16,9195,Rechazada,PS1,Rechazado,MALO,0,,,,,0,RECIBOS DE NOMINA,#N/A,NO_CLIENTE,0,Alto,0%,4,91,0,0,0,0,0,0,0,29,Hipoteca,Posgrado
2.01408E+16,4719,Rechazada,PS1,Rechazado,MALO,0,,,,,0,RECIBOS DE NOMINA,#N/A,NO_CLIENTE,0,Alto,0%,4,91,0,0,0,0,0,0,0,43,Renta,Preparatoria
2.01408E+16,4199,Rechazada,PS1,Rechazado,MALO,0,,,,,0,RECIBOS DE NOMINA,#N/A,NO_CLIENTE,0,Alto,0%,5,91,0,0,0,0,0,0,0,28,Familiares,Licenciatura
2.01408E+16,4667,Rechazada,PS1,Rechazado,MALO,0,,,,,0,PROPIEDAD ACTIVO FIJO,#N/A,NO_CLIENTE,0,Alto,0%,5,91,0,0,0,0,0,0,0,51,Familiares,Licenciatura
2.01408E+16,112,Rechazada,PS1,Rechazado,MALO,0,,,,,0,PROPIEDAD ACTIVO FIJO,#N/A,NO_CLIENTE,0,Alto,0%,4,91,0,0,0,0,0,0,0,44,Hipoteca,Posgrado
2.01408E+16,382,Rechazada,PS1,Rechazado,MALO,0,,,,,0,RECIBOS DE NOMINA,#N/A,NO_CLIENTE,0,Alto,0%,5,91,0,0,0,0,0,10021,0,55,Propia,Posgrado
2.01408E+16,521,Rechazada,PS1,Rechazado,MALO,0,,,,,0,RECIBOS DE NOMINA,#N/A,NO_CLIENTE,0,Alto,0%,4,91,0,0,0,0,0,0,0,32,Renta,Licenciatura
2.01408E+16,4669,Rechazada,PS1,Rechazado,MALO,0,,,,,0,RECIBOS DE NOMINA,#N/A,NO_CLIENTE,0,Alto,0%,5,91,0,0,0,0,0,0,0,41,Hipoteca,Preparatoria
2.01408E+16,290,Rechazada,PS1,Rechazado,MALO,0,,,,,0,RECIBOS DE NOMINA,#N/A,NO_CLIENTE,56000,Alto,0%,5,91,0,1,7481,710,0,0,0,33,Renta,Preparatoria
2.01408E+16,310,Rechazada,PS1,Rechazado,MALO,0,,,,,0,RECIBOS DE NOMINA,#N/A,NO_CLIENTE,0,Alto,0%,4,91,0,0,0,0,0,25349,0,54,Hipoteca,Preparatoria
2.01408E+16,4749,Rechazada,PS1,Rechazado,MALO,0,,,,,0,PAGOS PROV SEMESTRALES PF,#N/A,NO_CLIENTE,24500,Alto,0%,4,91,0,0,13174,0,0,0,0,25,Hipoteca,Posgrado
2.01408E+16,209,Rechazada,PS1,Rechazado,MALO,0,,,,,0,RECIBOS DE NOMINA,#N/A,NO_CLIENTE,0,Alto,0%,5,91,0,0,0,0,0,0,0,46,Renta,Posgrado
2.01408E+16,7527,Rechazada,PS1,Rechazado,MALO,0,,,,,0,RECIBOS DE NOMINA,#N/A,NO_CLIENTE,0,Alto,0%,5,91,0,8,46733,37960,0,0,0,54,Familiares,Preparatoria
2.01408E+16,145,Rechazada,PS1,Rechazado,MALO,0,,,,,0,PROPIEDAD ACTIVO FIJO,#N/A,NO_CLIENTE,5000,Alto,0%,4,91,0,0,1743,0,0,0,0,32,Propia,Licenciatura
2.01408E+16,4072,Rechazada,PS1,Rechazado,MALO,0,,,,,0,PROPIEDAD ACTIVO FIJO,#N/A,NO_CLIENTE,0,Alto,0%,5,91,0,0,0,0,0,0,0,44,Familiares,Posgrado
2.01408E+16,885,Rechazada,PS1,Rechazado,MALO,0,,,,,0,RECIBOS DE NOMINA,#N/A,NO_CLIENTE,0,Alto,0%,4,91,0,0,0,0,0,0,0,51,Propia,Posgrado
2.01408E+16,7395,Rechazada,PS1,Rechazado,MALO,0,,,,,0,PAGOS PROV SEMESTRALES PF,#N/A,NO_CLIENTE,18000,Alto,0%,5,91,0,4,1458,888,0,43588,0,59,Renta,Posgrado
2.01408E+16,4346,Rechazada,PS1,Rechazado,MALO,0,,,,,0,RECIBOS DE NOMINA,#N/A,NO_CLIENTE,3000,Alto,0%,5,91,0,1,2336,250,0,0,0,31,Renta,Preparatoria
2.01408E+16,9193,Rechazada,PS1,Rechazado,MALO,0,,,,,0,RECIBOS DE NOMINA,#N/A,NO_CLIENTE,0,Alto,0%,4,91,0,0,0,0,0,0,0,49,Hipoteca,Licenciatura
2.01408E+16,354,Rechazada,PS1,Rechazado,MALO,0,,,,,0,RECIBOS DE NOMINA,#N/A,NO_CLIENTE,83500,Alto,0%,5,91,0,0,0,0,0,0,0,53,Propia,Licenciatura
2.01408E+16,8113,Rechazada,CN0,Rechazado,MALO,0,,,,,0,INVERSIONES,Medio D,NO_CLIENTE,0,Alto,0%,4,91,0,0,0,0,0,0,0,46,Familiares,Preparatoria
2.01407E+16,8130,En_proceso,CN0,Rechazado,MALO,0,,,,,0,INVERSIONES,Medio D,NO_CLIENTE,0,Alto,0%,5,91,0,0,0,0,0,0,0,35,Renta,Posgrado
2.01408E+16,7616,En_proceso,CN0,Rechazado,MALO,0,,,,,0,RECIBOS DE NOMINA,Medio D,NO_CLIENTE,0,Alto,0%,5,91,0,0,0,0,0,0,0,53,Hipoteca,Preparatoria
2.01407E+16,8153,En_proceso,CN0,Rechazado,MALO,0,,,,,0,INVERSIONES,Alto C,NO_CLIENTE,0,Alto,0%,4,91,0,0,0,0,0,0,0,26,Propia,Posgrado
2.01408E+16,9184,En_proceso,CN0,Rechazado,MALO,0,,,,,0,INVERSIONES,Medio B,NO_CLIENTE,0,Alto,0%,5,91,0,0,0,0,0,0,0,44,Renta,Licenciatura
2.01406E+16,122,Rechazada,CN0,Rechazado,MALO,0,,,,,34932,RECIBOS DE NOMINA,Alto B,CLIENTE_BANCO,0,Alto,0%,4,91,0,0,0,0,0,0,0,37,Hipoteca,Licenciatura
2.01403E+16,819,Rechazada,CN0,Rechazado,MALO,0,,,,,1884,RECIBOS DE NOMINA,Alto C,CLIENTE_BANCO,0,Alto,0%,5,91,0,0,0,0,0,0,0,57,Renta,Preparatoria
2.01402E+16,4434,Rechazada,PS1,Rechazado,MALO,0,,,,,0,RECIBOS DE NOMINA,#N/A,NO_CLIENTE,0,Alto,0%,5,92,0,0,0,0,0,0,0,53,Renta,Licenciatura
2.01406E+16,843,Rechazada,PS1,Rechazado,MALO,0,,,,,0,RECIBOS DE NOMINA,#N/A,NO_CLIENTE,0,Alto,0%,4,92,0,0,0,0,0,7901,0,40,Familiares,Posgrado
2.01406E+16,7436,Rechazada,PS1,Rechazado,MALO,0,,,,,0,PROPIEDAD ACTIVO FIJO,#N/A,NO_CLIENTE,0,Alto,0%,4,92,0,0,0,0,0,58,0,34,Familiares,Posgrado
2.01406E+16,158,Rechazada,PS1,Rechazado,MALO,0,,,,,0,PROPIEDAD ACTIVO FIJO,#N/A,NO_CLIENTE,0,Alto,0%,5,92,0,0,0,0,0,0,0,53,Propia,Posgrado
2.01406E+16,4454,Rechazada,PS1,Rechazado,MALO,0,,,,,0,PROPIEDAD ACTIVO FIJO,#N/A,NO_CLIENTE,0,Alto,0%,5,92,0,1,4014,280,0,0,0,42,Renta,Licenciatura
2.01406E+16,4552,Rechazada,PS1,Rechazado,MALO,0,,,,,0,PROPIEDAD ACTIVO FIJO,#N/A,NO_CLIENTE,0,Alto,0%,4,92,0,0,0,0,0,0,0,34,Propia,Preparatoria
2.01406E+16,4181,Rechazada,PS1,Rechazado,MALO,0,,,,,0,RECIBOS DE NOMINA,#N/A,NO_CLIENTE,0,Alto,0%,5,92,0,0,0,0,0,0,0,51,Propia,Licenciatura
2.01407E+16,223,Rechazada,PS1,Rechazado,MALO,0,,,,,0,RECIBOS DE NOMINA,#N/A,NO_CLIENTE,0,Alto,0%,4,92,0,0,0,0,0,0,0,59,Familiares,Preparatoria
2.01407E+16,190,Rechazada,PS1,Rechazado,MALO,0,,,,,0,RECIBOS DE NOMINA,#N/A,NO_CLIENTE,0,Alto,0%,5,92,0,0,0,0,0,54337,0,37,Familiares,Posgrado
2.01407E+16,4690,Rechazada,PS1,Rechazado,MALO,0,,,,,0,RECIBOS DE NOMINA,#N/A,NO_CLIENTE,0,Alto,0%,5,92,0,1,16458,500,0,66072,0,26,Propia,Licenciatura
2.01407E+16,4640,Rechazada,PS1,Rechazado,MALO,0,,,,,0,RECIBOS DE NOMINA,#N/A,NO_CLIENTE,0,Alto,0%,4,92,0,0,0,0,0,0,0,33,Familiares,Posgrado
2.01407E+16,6487,Rechazada,PS1,Rechazado,MALO,0,,,,,0,PROPIEDAD ACTIVO FIJO,#N/A,NO_CLIENTE,0,Alto,0%,3,92,0,1,2243,1550,0,0,0,45,Renta,Posgrado
2.01407E+16,815,Rechazada,PS1,Rechazado,MALO,0,,,,,0,RECIBOS DE NOMINA,#N/A,NO_CLIENTE,0,Alto,0%,2,92,0,0,0,0,0,0,0,52,Familiares,Preparatoria
2.01407E+16,4173,Rechazada,PS1,Rechazado,MALO,0,,,,,0,PROPIEDAD ACTIVO FIJO,#N/A,NO_CLIENTE,0,Alto,0%,3,92,0,1,6646,750,0,0,0,28,Propia,Licenciatura
2.01407E+16,88,Rechazada,PS1,Rechazado,MALO,0,,,,,0,PROPIEDAD ACTIVO FIJO,#N/A,NO_CLIENTE,0,Alto,0%,4,92,0,2,1874,500,0,0,0,31,Propia,Posgrado
2.01407E+16,4877,Rechazada,PS1,Rechazado,MALO,0,,,,,0,RECIBOS DE NOMINA,#N/A,NO_CLIENTE,0,Alto,0%,3,92,0,0,0,0,0,0,0,50,Propia,Posgrado
2.01407E+16,4556,Rechazada,PS1,Rechazado,MALO,0,,,,,0,RECIBOS DE NOMINA,#N/A,NO_CLIENTE,0,Alto,0%,3,92,0,0,0,0,0,0,0,35,Familiares,Licenciatura
2.01407E+16,997,Rechazada,PS1,Rechazado,MALO,0,,,,,0,PROPIEDAD ACTIVO FIJO,#N/A,NO_CLIENTE,0,Alto,0%,2,92,0,1,54689,2220,0,0,0,27,Propia,Posgrado
2.01407E+16,881,Rechazada,PS1,Rechazado,MALO,0,,,,,0,PROPIEDAD ACTIVO FIJO,#N/A,NO_CLIENTE,0,Alto,0%,3,92,0,0,0,0,0,0,0,53,Propia,Preparatoria
2.01407E+16,4495,Rechazada,PS1,Rechazado,MALO,0,,,,,0,PROPIEDAD ACTIVO FIJO,#N/A,NO_CLIENTE,0,Alto,0%,2,92,0,1,139987,8310,0,0,0,44,Propia,Preparatoria
2.01407E+16,435,Rechazada,PS1,Rechazado,MALO,0,,,,,0,PAGOS PROV SEMESTRALES PF,#N/A,NO_CLIENTE,0,Alto,0%,1,92,0,0,0,0,0,0,0,38,Familiares,Posgrado
2.01407E+16,124,Rechazada,PS1,Rechazado,MALO,0,,,,,0,RECIBOS DE NOMINA,#N/A,NO_CLIENTE,0,Alto,0%,2,92,0,8,11102,9360,0,0,0,40,Hipoteca,Licenciatura
2.01407E+16,4152,Rechazada,PS1,Rechazado,MALO,0,,,,,0,RECIBOS DE NOMINA,#N/A,NO_CLIENTE,0,Alto,0%,3,92,0,0,0,0,0,0,0,40,Familiares,Preparatoria
2.01407E+16,113,Rechazada,PS1,Rechazado,MALO,0,,,,,0,RECIBOS DE NOMINA,#N/A,NO_CLIENTE,0,Alto,0%,2,92,0,0,0,0,0,0,0,32,Hipoteca,Licenciatura
2.01407E+16,220,Rechazada,PS1,Rechazado,MALO,0,,,,,0,RECIBOS DE NOMINA,#N/A,NO_CLIENTE,0,Alto,0%,1,92,0,0,0,0,0,0,0,34,Renta,Preparatoria
2.01407E+16,749,Rechazada,PS1,Rechazado,MALO,0,,,,,0,RECIBOS DE NOMINA,#N/A,NO_CLIENTE,0,Alto,0%,4,92,0,1,9922,590,0,0,0,58,Propia,Licenciatura
2.01407E+16,4266,Rechazada,PS1,Rechazado,MALO,0,,,,,0,RECIBOS DE NOMINA,#N/A,NO_CLIENTE,0,Alto,0%,3,92,0,0,0,0,0,0,0,54,Propia,Posgrado
2.01407E+16,4266,Rechazada,PS1,Rechazado,MALO,0,,,,,0,PROPIEDAD ACTIVO FIJO,#N/A,NO_CLIENTE,0,Alto,0%,2,92,0,1,25897,1790,0,86113,0,46,Propia,Licenciatura
2.01407E+16,146,Rechazada,PS1,Rechazado,MALO,0,,,,,0,RECIBOS DE NOMINA,#N/A,NO_CLIENTE,0,Alto,0%,3,92,0,0,0,0,0,0,0,41,Familiares,Licenciatura
2.01407E+16,7476,Rechazada,PS1,Rechazado,MALO,0,,,,,0,RECIBOS DE NOMINA,#N/A,NO_CLIENTE,0,Alto,0%,4,92,0,8,95758,95758,0,0,0,49,Hipoteca,Posgrado
2.01407E+16,413,Rechazada,PS1,Rechazado,MALO,0,,,,,0,PAGOS PROV SEMESTRALES PF,#N/A,NO_CLIENTE,0,Alto,0%,3,92,0,0,0,0,0,8677,0,25,Propia,Posgrado
2.01407E+16,6493,Rechazada,PS1,Rechazado,MALO,0,,,,,0,RECIBOS DE NOMINA,#N/A,NO_CLIENTE,0,Alto,0%,3,92,0,0,0,0,0,0,0,43,Renta,Licenciatura
2.01407E+16,458,Rechazada,PS1,Rechazado,MALO,0,,,,,0,RECIBOS DE NOMINA,#N/A,NO_CLIENTE,0,Alto,0%,2,92,0,0,0,0,0,0,0,31,Familiares,Licenciatura
2.01407E+16,50012,Cancelada,PS1,Rechazado,MALO,0,,,,,0,SIN COMPROBANTE,#N/A,NO_CLIENTE,0,Alto,0%,3,92,0,0,0,0,0,0,0,48,Hipoteca,Preparatoria
2.01407E+16,50012,Cancelada,PS1,Rechazado,MALO,0,,,,,0,SIN COMPROBANTE,#N/A,NO_CLIENTE,0,Alto,0%,2,92,0,0,0,0,0,0,0,44,Renta,Preparatoria
2.01407E+16,5339,Cancelada,PS1,Rechazado,MALO,0,,,,,0,PROPIEDAD ACTIVO FIJO,#N/A,NO_CLIENTE,0,Alto,0%,1,92,0,0,0,0,0,0,0,47,Renta,Licenciatura
2.01407E+16,986,Cancelada,PS1,Rechazado,MALO,0,,,,,0,PROPIEDAD ACTIVO FIJO,#N/A,NO_CLIENTE,0,Alto,0%,2,92,0,0,0,0,0,0,0,40,Familiares,Preparatoria
2.01407E+16,520,Rechazada,PS1,Rechazado,MALO,0,,,,,0,RECIBOS DE NOMINA,#N/A,NO_CLIENTE,0,Alto,0%,3,92,0,0,0,0,0,0,0,46,Propia,Preparatoria
2.01407E+16,7625,Cancelada,PS1,Rechazado,MALO,0,,,,,0,RECIBOS DE NOMINA,#N/A,NO_CLIENTE,0,Alto,0%,2,92,0,0,0,0,0,0,0,28,Hipoteca,Licenciatura
2.01407E+16,6567,Rechazada,PS1,Rechazado,MALO,0,,,,,0,RECIBOS DE NOMINA,#N/A,NO_CLIENTE,0,Alto,0%,1,92,0,0,0,0,0,0,0,43,Hipoteca,Licenciatura
2.01407E+16,4276,Rechazada,PS1,Rechazado,MALO,0,,,,,0,PROPIEDAD ACTIVO FIJO,#N/A,NO_CLIENTE,0,Alto,0%,4,92,0,1,8359,250,0,36794,0,42,Hipoteca,Licenciatura
2.01407E+16,4603,Rechazada,PS1,Rechazado,MALO,0,,,,,0,RECIBOS DE NOMINA,#N/A,NO_CLIENTE,0,Alto,0%,3,92,0,0,0,0,0,0,0,46,Propia,Preparatoria
2.01407E+16,15016,Rechazada,PS1,Rechazado,MALO,0,,,,,0,RECIBOS DE NOMINA,#N/A,NO_CLIENTE,0,Alto,0%,2,92,0,0,0,0,0,0,0,54,Propia,Posgrado
2.01407E+16,4415,Rechazada,PS1,Rechazado,MALO,0,,,,,0,PROPIEDAD ACTIVO FIJO,#N/A,NO_CLIENTE,0,Alto,0%,3,92,0,0,2102,0,0,0,0,41,Hipoteca,Licenciatura
2.01407E+16,918,Rechazada,PS1,Rechazado,MALO,0,,,,,0,RECIBOS DE NOMINA,#N/A,NO_CLIENTE,0,Alto,0%,4,92,0,0,0,0,0,0,0,57,Familiares,Preparatoria
2.01407E+16,413,Rechazada,PS1,Rechazado,MALO,0,,,,,0,PROPIEDAD ACTIVO FIJO,#N/A,NO_CLIENTE,0,Alto,0%,3,92,0,1,5866,280,0,0,0,39,Propia,Posgrado
2.01407E+16,262,Rechazada,PS1,Rechazado,MALO,0,,,,,0,RECIBOS DE NOMINA,#N/A,NO_CLIENTE,0,Alto,0%,3,92,0,0,0,0,0,0,0,30,Familiares,Posgrado
2.01407E+16,853,Rechazada,PS1,Rechazado,MALO,0,,,,,0,PROPIEDAD ACTIVO FIJO,#N/A,NO_CLIENTE,0,Alto,0%,2,92,0,0,0,0,0,68819,0,48,Familiares,Posgrado
2.01407E+16,4603,Rechazada,PS1,Rechazado,MALO,0,,,,,0,RECIBOS DE NOMINA,#N/A,NO_CLIENTE,0,Alto,0%,3,92,0,0,9244,0,0,0,0,32,Propia,Posgrado
2.01407E+16,4730,Rechazada,PS1,Rechazado,MALO,0,,,,,0,RECIBOS DE NOMINA,#N/A,NO_CLIENTE,0,Alto,0%,2,92,0,0,0,0,0,0,0,27,Hipoteca,Preparatoria
2.01407E+16,4271,Rechazada,PS1,Rechazado,MALO,0,,,,,0,RECIBOS DE NOMINA,#N/A,NO_CLIENTE,0,Alto,0%,1,92,0,0,0,0,0,0,0,41,Familiares,Licenciatura
2.01407E+16,139,Rechazada,PS1,Rechazado,MALO,0,,,,,0,PROPIEDAD ACTIVO FIJO,#N/A,NO_CLIENTE,0,Alto,0%,2,92,0,0,0,0,0,0,0,34,Familiares,Posgrado
2.01407E+16,9603,Rechazada,PS1,Rechazado,MALO,0,,,,,0,PROPIEDAD ACTIVO FIJO,#N/A,NO_CLIENTE,0,Alto,0%,3,92,0,0,0,0,0,0,0,38,Propia,Licenciatura
2.01407E+16,653,Rechazada,PS1,Rechazado,MALO,0,,,,,0,RECIBOS DE NOMINA,#N/A,NO_CLIENTE,0,Alto,0%,2,92,0,0,0,0,0,0,0,38,Propia,Preparatoria
2.01407E+16,383,Rechazada,PS1,Rechazado,MALO,0,,,,,0,PROPIEDAD ACTIVO FIJO,#N/A,NO_CLIENTE,0,Alto,0%,1,92,0,0,0,0,0,0,0,49,Hipoteca,Posgrado
2.01407E+16,4152,Rechazada,PS1,Rechazado,MALO,0,,,,,0,RECIBOS DE NOMINA,#N/A,NO_CLIENTE,0,Alto,0%,4,92,0,0,0,0,0,0,0,45,Renta,Preparatoria
2.01407E+16,951,Rechazada,PS1,Rechazado,MALO,0,,,,,0,RECIBOS DE NOMINA,#N/A,NO_CLIENTE,0,Alto,0%,3,92,0,0,0,0,0,0,0,43,Renta,Posgrado
2.01407E+16,4250,Rechazada,PS1,Rechazado,MALO,0,,,,,0,RECIBOS DE NOMINA,#N/A,NO_CLIENTE,0,Alto,0%,2,92,0,0,0,0,0,0,0,51,Renta,Preparatoria
2.01407E+16,4152,Rechazada,PS1,Rechazado,MALO,0,,,,,0,PROPIEDAD ACTIVO FIJO,#N/A,NO_CLIENTE,0,Alto,0%,3,92,0,1,4729,380,0,0,0,55,Propia,Preparatoria
2.01407E+16,174,Rechazada,PS1,Rechazado,MALO,0,,,,,0,RECIBOS DE NOMINA,#N/A,NO_CLIENTE,0,Alto,0%,4,92,0,0,0,0,0,0,0,47,Propia,Licenciatura
2.01407E+16,7418,Rechazada,PS1,Rechazado,MALO,0,,,,,0,RECIBOS DE NOMINA,#N/A,NO_CLIENTE,0,Alto,0%,3,92,0,0,0,0,0,0,0,43,Renta,Posgrado
2.01407E+16,4546,Rechazada,PS1,Rechazado,MALO,0,,,,,0,RECIBOS DE NOMINA,#N/A,NO_CLIENTE,0,Alto,0%,3,92,0,0,0,0,0,0,0,35,Hipoteca,Licenciatura
2.01407E+16,920,Rechazada,PS1,Rechazado,MALO,0,,,,,0,RECIBOS DE NOMINA,#N/A,NO_CLIENTE,0,Alto,0%,2,92,0,0,0,0,0,0,0,36,Renta,Posgrado
2.01407E+16,166,Rechazada,PS1,Rechazado,MALO,0,,,,,0,RECIBOS DE NOMINA,#N/A,NO_CLIENTE,0,Alto,0%,3,92,0,0,0,0,0,0,0,38,Familiares,Posgrado
2.01407E+16,197,Rechazada,PS1,Rechazado,MALO,0,,,,,0,RECIBOS DE NOMINA,#N/A,NO_CLIENTE,0,Alto,0%,2,92,0,0,0,0,0,0,0,36,Familiares,Licenciatura
2.01407E+16,4345,Rechazada,PS1,Rechazado,MALO,0,,,,,0,PROPIEDAD ACTIVO FIJO,#N/A,NO_CLIENTE,0,Alto,0%,1,92,0,1,1229,320,0,0,0,28,Hipoteca,Preparatoria
2.01407E+16,310,Rechazada,PS1,Rechazado,MALO,0,,,,,0,RECIBOS DE NOMINA,#N/A,NO_CLIENTE,0,Alto,0%,2,92,0,0,0,0,0,0,0,33,Hipoteca,Licenciatura
2.01407E+16,4436,Rechazada,PS1,Rechazado,MALO,0,,,,,0,PROPIEDAD ACTIVO FIJO,#N/A,NO_CLIENTE,0,Alto,0%,3,92,0,8,50378,50378,0,45448,0,51,Propia,Licenciatura
2.01407E+16,4315,Rechazada,PS1,Rechazado,MALO,0,,,,,0,RECIBOS DE NOMINA,#N/A,NO_CLIENTE,0,Alto,0%,2,92,0,0,0,0,0,0,0,29,Renta,Preparatoria
2.01407E+16,198,Rechazada,PS1,Rechazado,MALO,0,,,,,0,RECIBOS DE NOMINA,#N/A,NO_CLIENTE,0,Alto,0%,1,92,0,0,0,0,0,0,0,37,Hipoteca,Licenciatura
2.01407E+16,8128,Rechazada,PS1,Rechazado,MALO,0,,,,,0,RECIBOS DE NOMINA,#N/A,NO_CLIENTE,0,Alto,0%,4,92,0,0,0,0,0,0,0,35,Hipoteca,Licenciatura
2.01407E+16,220,Rechazada,PS1,Rechazado,MALO,0,,,,,0,RECIBOS DE NOMINA,#N/A,NO_CLIENTE,0,Alto,0%,3,92,0,0,0,0,0,0,0,55,Renta,Posgrado
2.01407E+16,284,Rechazada,PS1,Rechazado,MALO,0,,,,,0,PROPIEDAD ACTIVO FIJO,#N/A,NO_CLIENTE,0,Alto,0%,2,92,0,1,8399,430,0,0,0,43,Hipoteca,Preparatoria
2.01407E+16,4663,Rechazada,PS1,Rechazado,MALO,0,,,,,0,PROPIEDAD ACTIVO FIJO,#N/A,NO_CLIENTE,0,Alto,0%,3,92,0,0,0,0,0,0,0,40,Familiares,Preparatoria
2.01407E+16,537,Rechazada,PS1,Rechazado,MALO,0,,,,,0,RECIBOS DE NOMINA,#N/A,NO_CLIENTE,0,Alto,0%,4,92,0,0,0,0,0,0,0,30,Renta,Preparatoria
2.01407E+16,289,Rechazada,PS1,Rechazado,MALO,0,,,,,0,RECIBOS DE NOMINA,#N/A,NO_CLIENTE,0,Alto,0%,3,92,0,0,0,0,0,0,0,33,Propia,Licenciatura
2.01407E+16,4221,Rechazada,PS1,Rechazado,MALO,0,,,,,0,RECIBOS DE NOMINA,#N/A,NO_CLIENTE,0,Alto,0%,3,92,0,0,0,0,0,0,0,38,Hipoteca,Posgrado
2.01407E+16,4221,Rechazada,PS1,Rechazado,MALO,0,,,,,0,RECIBOS DE NOMINA,#N/A,NO_CLIENTE,0,Alto,0%,2,92,0,0,0,0,0,0,0,59,Familiares,Posgrado
2.01407E+16,41,Rechazada,PS1,Rechazado,MALO,0,,,,,0,RECIBOS DE NOMINA,#N/A,NO_CLIENTE,0,Alto,0%,3,92,0,0,0,0,0,0,0,37,Hipoteca,Posgrado
2.01407E+16,4594,Rechazada,PS1,Rechazado,MALO,0,,,,,0,RECIBOS DE NOMINA,#N/A,NO_CLIENTE,0,Alto,0%,2,92,0,0,0,0,0,0,0,59,Propia,Licenciatura
2.01407E+16,8188,Rechazada,PS1,Rechazado,MALO,0,,,,,0,RECIBOS DE NOMINA,#N/A,NO_CLIENTE,0,Alto,0%,1,92,0,0,0,0,0,0,0,55,Propia,Preparatoria
2.01407E+16,9187,Rechazada,PS1,Rechazado,MALO,0,,,,,0,RECIBOS DE NOMINA,#N/A,NO_CLIENTE,0,Alto,0%,2,92,0,0,0,0,0,0,0,25,Propia,Licenciatura
2.01407E+16,4534,Rechazada,PS1,Rechazado,MALO,0,,,,,0,RECIBOS DE NOMINA,#N/A,NO_CLIENTE,0,Alto,0%,3,92,0,0,0,0,0,0,0,48,Familiares,Posgrado
2.01407E+16,111,Rechazada,PS1,Rechazado,MALO,0,,,,,0,PROPIEDAD ACTIVO FIJO,#N/A,NO_CLIENTE,0,Alto,0%,2,92,0,0,0,0,0,0,0,34,Familiares,Preparatoria
2.01407E+16,497,Rechazada,PS1,Rechazado,MALO,0,,,,,0,RECIBOS DE NOMINA,#N/A,NO_CLIENTE,0,Alto,0%,1,92,0,0,0,0,0,0,0,53,Renta,Posgrado
2.01407E+16,472,Rechazada,PS1,Rechazado,MALO,0,,,,,0,RECIBOS DE NOMINA,#N/A,NO_CLIENTE,0,Alto,0%,4,92,0,0,0,0,0,0,0,58,Propia,Preparatoria
2.01407E+16,4414,Rechazada,PS1,Rechazado,MALO,0,,,,,0,RECIBOS DE NOMINA,#N/A,NO_CLIENTE,0,Alto,0%,3,92,0,0,0,0,0,0,0,59,Hipoteca,Preparatoria
2.01407E+16,207,Rechazada,PS1,Rechazado,MALO,0,,,,,0,PROPIEDAD ACTIVO FIJO,#N/A,NO_CLIENTE,0,Alto,0%,2,92,0,0,0,0,0,0,0,48,Renta,Licenciatura
2.01407E+16,807,Rechazada,PS1,Rechazado,MALO,0,,,,,0,PROPIEDAD ACTIVO FIJO,#N/A,NO_CLIENTE,0,Alto,0%,3,92,0,0,0,0,0,0,0,50,Hipoteca,Preparatoria
2.01407E+16,390,Rechazada,PS1,Rechazado,MALO,0,,,,,0,PROPIEDAD ACTIVO FIJO,#N/A,NO_CLIENTE,0,Alto,0%,4,92,0,0,12292,0,0,0,0,29,Hipoteca,Posgrado
2.01408E+16,9603,Rechazada,PS1,Rechazado,MALO,0,,,,,0,PROPIEDAD ACTIVO FIJO,#N/A,NO_CLIENTE,0,Alto,0%,3,92,0,0,0,0,0,0,0,33,Renta,Posgrado
2.01408E+16,9401,Rechazada,PS1,Rechazado,MALO,0,,,,,0,RECIBOS DE NOMINA,#N/A,NO_CLIENTE,0,Alto,0%,3,92,0,8,7240,7240,0,0,0,55,Propia,Preparatoria
2.01408E+16,520,Rechazada,PS1,Rechazado,MALO,0,,,,,0,PAGOS PROV SEMESTRALES PF,#N/A,NO_CLIENTE,0,Alto,0%,2,92,0,0,0,0,0,0,0,60,Renta,Licenciatura
2.01408E+16,274,Rechazada,PS1,Rechazado,MALO,0,,,,,0,PROPIEDAD ACTIVO FIJO,#N/A,NO_CLIENTE,0,Alto,0%,3,92,0,2,51854,5960,0,0,0,35,Renta,Preparatoria
2.01408E+16,4308,Rechazada,PS1,Rechazado,MALO,0,,,,,0,RECIBOS DE NOMINA,#N/A,NO_CLIENTE,0,Alto,0%,2,92,0,0,4982,0,0,0,0,48,Renta,Preparatoria
2.01408E+16,64,Rechazada,PS1,Rechazado,MALO,0,,,,,0,RECIBOS DE NOMINA,#N/A,NO_CLIENTE,0,Alto,0%,1,92,0,0,0,0,0,0,0,27,Hipoteca,Preparatoria
2.01408E+16,113,Rechazada,PS1,Rechazado,MALO,0,,,,,0,RECIBOS DE NOMINA,#N/A,NO_CLIENTE,0,Alto,0%,2,92,0,0,0,0,0,5453,0,43,Familiares,Preparatoria
2.01408E+16,4632,Rechazada,PS1,Rechazado,MALO,0,,,,,0,RECIBOS DE NOMINA,#N/A,NO_CLIENTE,0,Alto,0%,3,92,0,0,0,0,0,0,0,30,Renta,Posgrado
2.01408E+16,4669,Rechazada,PS1,Rechazado,MALO,0,,,,,0,RECIBOS DE NOMINA,#N/A,NO_CLIENTE,0,Alto,0%,2,92,0,0,0,0,0,0,0,35,Propia,Preparatoria
2.01408E+16,21,Rechazada,PS1,Rechazado,MALO,0,,,,,0,RECIBOS DE NOMINA,#N/A,NO_CLIENTE,0,Alto,0%,1,92,0,0,0,0,0,0,0,52,Renta,Licenciatura
2.01408E+16,290,Rechazada,PS1,Rechazado,MALO,0,,,,,0,RECIBOS DE NOMINA,#N/A,NO_CLIENTE,0,Alto,0%,4,92,0,0,0,0,0,0,0,26,Renta,Posgrado
2.01408E+16,4289,Rechazada,PS1,Rechazado,MALO,0,,,,,0,PROPIEDAD ACTIVO FIJO,#N/A,NO_CLIENTE,5500,Alto,0%,3,92,0,0,103,0,0,28136,0,45,Propia,Preparatoria
2.01408E+16,4035,Rechazada,PS1,Rechazado,MALO,0,,,,,0,RECIBOS DE NOMINA,#N/A,NO_CLIENTE,0,Alto,0%,2,92,0,0,0,0,0,0,0,29,Hipoteca,Licenciatura
2.01408E+16,6616,Rechazada,PS1,Rechazado,MALO,0,,,,,0,PROPIEDAD ACTIVO FIJO,#N/A,NO_CLIENTE,25000,Alto,0%,4,92,0,0,16768,0,0,0,0,26,Renta,Posgrado
2.01408E+16,428,Rechazada,PS1,Rechazado,MALO,0,,,,,0,PROPIEDAD ACTIVO FIJO,#N/A,NO_CLIENTE,0,Alto,0%,5,92,0,0,0,0,0,0,0,50,Familiares,Posgrado
2.01408E+16,8175,Rechazada,PS1,Rechazado,MALO,0,,,,,0,RECIBOS DE NOMINA,#N/A,NO_CLIENTE,0,Alto,0%,5,92,0,0,0,0,0,0,0,29,Renta,Posgrado
2.01408E+16,9142,En_proceso,PS1,Rechazado,MALO,0,,,,,0,RECIBOS DE NOMINA,#N/A,NO_CLIENTE,0,Alto,0%,4,92,0,0,0,0,0,0,0,50,Renta,Licenciatura
2.01408E+16,4375,Rechazada,PS1,Rechazado,MALO,0,,,,,0,PROPIEDAD ACTIVO FIJO,#N/A,NO_CLIENTE,0,Alto,0%,5,92,0,0,0,0,0,0,0,59,Propia,Preparatoria
2.01408E+16,400,Rechazada,PS1,Rechazado,MALO,0,,,,,0,RECIBOS DE NOMINA,#N/A,NO_CLIENTE,31500,Alto,0%,4,92,0,1,31927,1840,0,0,0,28,Familiares,Licenciatura
2.01408E+16,965,Rechazada,PS1,Rechazado,MALO,0,,,,,0,PROPIEDAD ACTIVO FIJO,#N/A,NO_CLIENTE,12300,Alto,0%,5,92,0,1,11486,750,0,0,0,42,Hipoteca,Posgrado
2.01408E+16,124,Rechazada,PS1,Rechazado,MALO,0,,,,,0,RECIBOS DE NOMINA,#N/A,NO_CLIENTE,0,Alto,0%,5,92,0,0,0,0,0,0,0,53,Familiares,Licenciatura
2.01408E+16,171,Rechazada,PS1,Rechazado,MALO,0,,,,,0,RECIBOS DE NOMINA,#N/A,NO_CLIENTE,3000,Alto,0%,4,92,0,1,3423,250,0,15126,0,60,Renta,Licenciatura
2.01408E+16,322,Rechazada,PS1,Rechazado,MALO,0,,,,,0,PROPIEDAD ACTIVO FIJO,#N/A,NO_CLIENTE,0,Alto,0%,5,92,0,0,0,0,0,0,0,26,Propia,Licenciatura
2.01408E+16,542,Rechazada,PS1,Rechazado,MALO,0,,,,,0,RECIBOS DE NOMINA,#N/A,NO_CLIENTE,0,Alto,0%,4,92,0,0,0,0,0,0,0,57,Familiares,Preparatoria
2.01408E+16,8175,Rechazada,PS1,Rechazado,MALO,0,,,,,0,PROPIEDAD ACTIVO FIJO,#N/A,NO_CLIENTE,0,Alto,0%,5,92,0,0,0,0,0,0,0,40,Propia,Posgrado
2.01408E+16,455,Rechazada,PS1,Rechazado,MALO,0,,,,,0,RECIBOS DE NOMINA,#N/A,NO_CLIENTE,0,Alto,0%,5,92,0,0,0,0,0,0,0,29,Hipoteca,Licenciatura
2.01408E+16,4644,Rechazada,PS1,Rechazado,MALO,0,,,,,0,PROPIEDAD ACTIVO FIJO,#N/A,NO_CLIENTE,5000,Alto,0%,4,92,0,0,4663,0,0,0,0,47,Propia,Preparatoria
2.01408E+16,9175,En_proceso,PS1,Rechazado,MALO,0,,,,,0,PROPIEDAD ACTIVO FIJO,#N/A,NO_CLIENTE,0,Alto,0%,5,92,0,0,0,0,0,0,0,49,Familiares,Posgrado
2.01408E+16,19074,Rechazada,PS1,Rechazado,MALO,0,,,,,0,PROPIEDAD ACTIVO FIJO,#N/A,NO_CLIENTE,15000,Alto,0%,4,92,0,0,0,0,0,0,0,49,Familiares,Preparatoria
2.01408E+16,7575,Rechazada,PS1,Rechazado,MALO,0,,,,,0,PROPIEDAD ACTIVO FIJO,#N/A,NO_CLIENTE,0,Alto,0%,5,92,0,0,0,0,0,0,0,46,Hipoteca,Posgrado
2.01408E+16,7576,Rechazada,PS1,Rechazado,MALO,0,,,,,0,PROPIEDAD ACTIVO FIJO,#N/A,NO_CLIENTE,0,Alto,0%,5,92,0,0,0,0,0,0,0,29,Hipoteca,Licenciatura
2.01408E+16,569,Rechazada,PS1,Rechazado,MALO,0,,,,,0,RECIBOS DE NOMINA,#N/A,NO_CLIENTE,0,Alto,0%,4,92,0,0,0,0,0,0,0,59,Renta,Posgrado
2.01408E+16,7588,Rechazada,PS1,Rechazado,MALO,0,,,,,0,PROPIEDAD ACTIVO FIJO,#N/A,NO_CLIENTE,0,Alto,0%,4,92,0,0,0,0,0,0,0,47,Hipoteca,Preparatoria
2.01408E+16,8128,Rechazada,PS1,Rechazado,MALO,0,,,,,0,RECIBOS DE NOMINA,#N/A,NO_CLIENTE,0,Alto,0%,5,92,0,0,0,0,0,0,0,56,Propia,Posgrado
2.01408E+16,81000,Rechazada,PS1,Rechazado,MALO,0,,,,,0,SIN COMPROBANTE,#N/A,NO_CLIENTE,0,Alto,0%,5,92,0,0,0,0,0,0,0,60,Propia,Licenciatura
2.01408E+16,5751,Rechazada,PS1,Rechazado,MALO,0,,,,,0,PROPIEDAD ACTIVO FIJO,#N/A,NO_CLIENTE,0,Alto,0%,4,92,0,0,0,0,0,0,0,53,Propia,Posgrado
2.01408E+16,9261,Rechazada,PS1,Rechazado,MALO,0,,,,,0,PROPIEDAD ACTIVO FIJO,#N/A,NO_CLIENTE,66000,Alto,0%,5,92,0,0,600,0,0,0,0,40,Familiares,Licenciatura
2.01408E+16,7768,Rechazada,PS1,Rechazado,MALO,0,,,,,0,PROPIEDAD ACTIVO FIJO,#N/A,NO_CLIENTE,0,Alto,0%,4,92,0,0,0,0,0,0,0,50,Renta,Posgrado
2.01408E+16,8161,Rechazada,PS1,Rechazado,MALO,0,,,,,0,RECIBOS DE NOMINA,#N/A,NO_CLIENTE,7600,Alto,0%,5,92,0,0,0,0,0,0,0,25,Hipoteca,Posgrado
2.01408E+16,9244,Rechazada,PS1,Rechazado,MALO,0,,,,,0,PROPIEDAD ACTIVO FIJO,#N/A,NO_CLIENTE,0,Alto,0%,5,92,0,0,0,0,0,0,0,36,Renta,Posgrado
2.01408E+16,7813,Rechazada,PS1,Rechazado,MALO,0,,,,,0,PROPIEDAD ACTIVO FIJO,#N/A,NO_CLIENTE,0,Alto,0%,4,92,0,0,0,0,0,0,0,25,Renta,Preparatoria
2.01408E+16,7589,Rechazada,PS1,Rechazado,MALO,0,,,,,0,PROPIEDAD ACTIVO FIJO,#N/A,NO_CLIENTE,0,Alto,0%,4,92,0,0,0,0,0,0,0,46,Renta,Posgrado
2.01408E+16,9260,Rechazada,PS1,Rechazado,MALO,0,,,,,0,PROPIEDAD ACTIVO FIJO,#N/A,NO_CLIENTE,0,Alto,0%,5,92,0,0,0,0,0,0,0,30,Familiares,Posgrado
2.01408E+16,7618,Rechazada,PS1,Rechazado,MALO,0,,,,,0,RECIBOS DE NOMINA,#N/A,NO_CLIENTE,0,Alto,0%,5,92,0,0,0,0,0,0,0,48,Familiares,Licenciatura
2.01408E+16,7637,Rechazada,PS1,Rechazado,MALO,0,,,,,0,PROPIEDAD ACTIVO FIJO,#N/A,NO_CLIENTE,0,Alto,0%,4,92,0,0,0,0,0,0,0,26,Hipoteca,Preparatoria
2.01408E+16,8147,Rechazada,PS1,Rechazado,MALO,0,,,,,0,RECIBOS DE NOMINA,#N/A,NO_CLIENTE,0,Alto,0%,5,92,0,0,0,0,0,0,0,60,Renta,Preparatoria
2.01408E+16,8118,Rechazada,PS1,Rechazado,MALO,0,,,,,0,RECIBOS DE NOMINA,#N/A,NO_CLIENTE,0,Alto,0%,4,92,0,0,0,0,0,0,0,42,Renta,Preparatoria
2.01408E+16,7772,Rechazada,PS1,Rechazado,MALO,0,,,,,0,PROPIEDAD ACTIVO FIJO,#N/A,NO_CLIENTE,0,Alto,0%,5,92,0,0,0,0,0,0,0,29,Familiares,Licenciatura
2.01408E+16,7796,Rechazada,PS1,Rechazado,MALO,0,,,,,0,RECIBOS DE NOMINA,#N/A,NO_CLIENTE,0,Alto,0%,5,92,0,0,0,0,0,0,0,59,Familiares,Preparatoria
2.01408E+16,9175,Rechazada,PS1,Rechazado,MALO,0,,,,,0,RECIBOS DE NOMINA,#N/A,NO_CLIENTE,0,Alto,0%,4,92,0,0,0,0,0,0,0,47,Renta,Licenciatura
2.01408E+16,7772,Rechazada,PS1,Rechazado,MALO,0,,,,,0,PROPIEDAD ACTIVO FIJO,#N/A,NO_CLIENTE,0,Alto,0%,5,92,0,0,0,0,0,0,0,33,Propia,Licenciatura
2.01408E+16,7596,Rechazada,PS1,Rechazado,MALO,0,,,,,0,RECIBOS DE NOMINA,#N/A,NO_CLIENTE,0,Alto,0%,4,92,0,0,0,0,0,0,0,54,Hipoteca,Preparatoria
2.01408E+16,9175,Rechazada,PS1,Rechazado,MALO,0,,,,,0,RECIBOS DE NOMINA,#N/A,NO_CLIENTE,0,Alto,0%,5,92,0,0,0,0,0,0,0,49,Hipoteca,Posgrado
2.01408E+16,7797,Rechazada,PS1,Rechazado,MALO,0,,,,,0,RECIBOS DE NOMINA,#N/A,NO_CLIENTE,0,Alto,0%,5,92,0,0,0,0,0,0,0,43,Familiares,Preparatoria
2.01408E+16,7618,Rechazada,PS1,Rechazado,MALO,0,,,,,0,RECIBOS DE NOMINA,#N/A,NO_CLIENTE,0,Alto,0%,4,92,0,0,0,0,0,0,0,25,Propia,Preparatoria
2.01408E+16,8133,Rechazada,PS1,Rechazado,MALO,0,,,,,0,PROPIEDAD ACTIVO FIJO,#N/A,NO_CLIENTE,0,Alto,0%,5,92,0,0,0,0,0,0,0,37,Propia,Preparatoria
2.01408E+16,9149,Rechazada,PS1,Rechazado,MALO,0,,,,,0,PROPIEDAD ACTIVO FIJO,#N/A,NO_CLIENTE,0,Alto,0%,4,92,0,0,0,0,0,0,0,47,Familiares,Licenciatura
2.01408E+16,10025,Rechazada,PS1,Rechazado,MALO,0,,,,,0,RECIBOS DE NOMINA,#N/A,NO_CLIENTE,0,Alto,0%,5,92,0,0,0,0,0,0,0,35,Familiares,Preparatoria
2.01408E+16,4975,Rechazada,PS1,Rechazado,MALO,0,,,,,0,RECIBOS DE NOMINA,#N/A,NO_CLIENTE,0,Alto,0%,5,92,0,0,0,0,0,0,0,47,Renta,Preparatoria
2.01408E+16,302,Rechazada,PS1,Rechazado,MALO,0,,,,,0,PROPIEDAD ACTIVO FIJO,#N/A,NO_CLIENTE,0,Alto,0%,4,92,0,0,0,0,0,0,0,37,Hipoteca,Posgrado
2.01408E+16,572,Rechazada,PS1,Rechazado,MALO,0,,,,,0,RECIBOS DE NOMINA,#N/A,NO_CLIENTE,0,Alto,0%,4,92,0,0,0,0,0,0,0,48,Renta,Preparatoria
2.01408E+16,203,Rechazada,PS1,Rechazado,MALO,0,,,,,0,PROPIEDAD ACTIVO FIJO,#N/A,NO_CLIENTE,0,Alto,0%,5,92,0,0,0,0,0,0,0,43,Propia,Posgrado
2.01408E+16,4621,Rechazada,PS1,Rechazado,MALO,0,,,,,0,RECIBOS DE NOMINA,#N/A,NO_CLIENTE,0,Alto,0%,5,92,0,0,0,0,0,0,0,27,Hipoteca,Preparatoria
2.01408E+16,4478,Rechazada,PS1,Rechazado,MALO,0,,,,,0,RECIBOS DE NOMINA,#N/A,NO_CLIENTE,0,Alto,0%,4,92,0,0,0,0,0,0,0,39,Familiares,Licenciatura
2.01408E+16,4121,Rechazada,PS1,Rechazado,MALO,0,,,,,0,RECIBOS DE NOMINA,#N/A,NO_CLIENTE,0,Alto,0%,5,92,0,0,0,0,0,0,0,42,Hipoteca,Licenciatura
2.01408E+16,4393,Rechazada,PS1,Rechazado,MALO,0,,,,,0,RECIBOS DE NOMINA,#N/A,NO_CLIENTE,0,Alto,0%,4,92,0,0,0,0,0,0,0,30,Hipoteca,Preparatoria
2.01408E+16,4138,Rechazada,PS1,Rechazado,MALO,0,,,,,0,RECIBOS DE NOMINA,#N/A,NO_CLIENTE,0,Alto,0%,5,92,0,0,0,0,0,0,0,52,Renta,Licenciatura
2.01408E+16,150,Rechazada,PS1,Rechazado,MALO,0,,,,,0,RECIBOS DE NOMINA,#N/A,NO_CLIENTE,0,Alto,0%,5,92,0,0,0,0,0,0,0,54,Renta,Preparatoria
2.01408E+16,4862,Rechazada,PS1,Rechazado,MALO,0,,,,,0,RECIBOS DE NOMINA,#N/A,NO_CLIENTE,0,Alto,0%,4,92,0,0,0,0,0,0,0,26,Hipoteca,Licenciatura
2.01408E+16,246,Rechazada,PS1,Rechazado,MALO,0,,,,,0,PROPIEDAD ACTIVO FIJO,#N/A,NO_CLIENTE,0,Alto,0%,3,92,0,0,0,0,0,0,0,51,Propia,Preparatoria
2.01408E+16,128,Rechazada,PS1,Rechazado,MALO,0,,,,,0,RECIBOS DE NOMINA,#N/A,NO_CLIENTE,0,Alto,0%,2,92,0,0,0,0,0,0,0,29,Hipoteca,Posgrado
2.01408E+16,4073,Rechazada,PS1,Rechazado,MALO,0,,,,,0,RECIBOS DE NOMINA,#N/A,NO_CLIENTE,0,Alto,0%,3,92,0,0,0,0,0,7654,0,26,Propia,Preparatoria
2.01408E+16,370,Rechazada,PS1,Rechazado,MALO,0,,,,,0,PAGOS PROV SEMESTRALES PF,#N/A,NO_CLIENTE,0,Alto,0%,4,92,0,0,0,0,0,0,0,34,Renta,Posgrado
2.01408E+16,310,Rechazada,PS1,Rechazado,MALO,0,,,,,0,RECIBOS DE NOMINA,#N/A,NO_CLIENTE,0,Alto,0%,3,92,0,0,0,0,0,0,0,45,Renta,Preparatoria
2.01408E+16,7549,Rechazada,PS1,Rechazado,MALO,0,,,,,0,PROPIEDAD ACTIVO FIJO,#N/A,NO_CLIENTE,0,Alto,0%,3,92,0,0,0,0,0,0,0,51,Familiares,Posgrado
2.01408E+16,424,Rechazada,PS1,Rechazado,MALO,0,,,,,0,RECIBOS DE NOMINA,#N/A,NO_CLIENTE,0,Alto,0%,2,92,0,0,0,0,0,0,0,54,Renta,Posgrado
2.01408E+16,4503,Rechazada,PS1,Rechazado,MALO,0,,,,,0,RECIBOS DE NOMINA,#N/A,NO_CLIENTE,0,Alto,0%,3,92,0,0,0,0,0,0,0,25,Propia,Licenciatura
2.01408E+16,7496,Rechazada,PS1,Rechazado,MALO,0,,,,,0,RECIBOS DE NOMINA,#N/A,NO_CLIENTE,0,Alto,0%,2,92,0,0,0,0,0,0,0,53,Hipoteca,Licenciatura
2.01408E+16,7788,Rechazada,PS1,Rechazado,MALO,0,,,,,0,RECIBOS DE NOMINA,#N/A,NO_CLIENTE,0,Alto,0%,1,92,0,0,0,0,0,0,0,50,Familiares,Licenciatura
2.01408E+16,7768,Rechazada,PS1,Rechazado,MALO,0,,,,,0,PROPIEDAD ACTIVO FIJO,#N/A,NO_CLIENTE,8500,Alto,0%,2,92,0,1,8537,530,0,5253,0,32,Hipoteca,Licenciatura
2.01408E+16,8130,Rechazada,PS1,Rechazado,MALO,0,,,,,0,RECIBOS DE NOMINA,#N/A,NO_CLIENTE,0,Alto,0%,3,92,0,0,0,0,0,0,0,35,Renta,Licenciatura
2.01408E+16,8130,Rechazada,PS1,Rechazado,MALO,0,,,,,0,PROPIEDAD ACTIVO FIJO,#N/A,NO_CLIENTE,0,Alto,0%,2,92,0,0,0,0,0,0,0,47,Hipoteca,Licenciatura
2.01408E+16,8130,Rechazada,PS1,Rechazado,MALO,0,,,,,0,RECIBOS DE NOMINA,#N/A,NO_CLIENTE,0,Alto,0%,1,92,0,0,0,0,0,0,0,59,Propia,Licenciatura
2.01408E+16,7811,Rechazada,PS1,Rechazado,MALO,0,,,,,0,PROPIEDAD ACTIVO FIJO,#N/A,NO_CLIENTE,0,Alto,0%,4,92,0,0,0,0,0,0,0,44,Hipoteca,Preparatoria
2.01408E+16,7912,Rechazada,PS1,Rechazado,MALO,0,,,,,0,PROPIEDAD ACTIVO FIJO,#N/A,NO_CLIENTE,0,Alto,0%,3,92,0,0,0,0,0,0,0,35,Renta,Preparatoria
2.01408E+16,713,Rechazada,PS1,Rechazado,MALO,0,,,,,0,RECIBOS DE NOMINA,#N/A,NO_CLIENTE,0,Alto,0%,2,92,0,0,0,0,0,0,0,28,Hipoteca,Posgrado
2.01408E+16,330,Rechazada,PS1,Rechazado,MALO,0,,,,,0,RECIBOS DE NOMINA,#N/A,NO_CLIENTE,0,Alto,0%,3,92,0,0,0,0,0,0,0,54,Hipoteca,Posgrado
2.01408E+16,100,Rechazada,PS1,Rechazado,MALO,0,,,,,0,RECIBOS DE NOMINA,#N/A,NO_CLIENTE,0,Alto,0%,4,92,0,0,0,0,0,0,0,57,Familiares,Preparatoria
2.01408E+16,672,Rechazada,PS1,Rechazado,MALO,0,,,,,0,RECIBOS DE NOMINA,#N/A,NO_CLIENTE,0,Alto,0%,3,92,0,0,0,0,0,102814,0,30,Propia,Licenciatura
2.01408E+16,4422,Rechazada,PS1,Rechazado,MALO,0,,,,,0,PROPIEDAD ACTIVO FIJO,#N/A,NO_CLIENTE,50000,Alto,0%,3,92,0,1,34809,1880,0,45911,0,47,Propia,Preparatoria
2.01408E+16,4421,Rechazada,PS1,Rechazado,MALO,0,,,,,0,RECIBOS DE NOMINA,#N/A,NO_CLIENTE,0,Alto,0%,2,92,0,0,0,0,0,0,0,33,Propia,Posgrado
2.01408E+16,4277,Rechazada,PS1,Rechazado,MALO,0,,,,,0,RECIBOS DE NOMINA,#N/A,NO_CLIENTE,0,Alto,0%,3,92,0,0,0,0,0,0,0,30,Propia,Preparatoria
2.01408E+16,790,Rechazada,PS1,Rechazado,MALO,0,,,,,0,RECIBOS DE NOMINA,#N/A,NO_CLIENTE,0,Alto,0%,2,92,0,0,0,0,0,0,0,46,Familiares,Licenciatura
2.01408E+16,4594,Rechazada,PS1,Rechazado,MALO,0,,,,,0,PROPIEDAD ACTIVO FIJO,#N/A,NO_CLIENTE,6000,Alto,0%,1,92,0,7,21120,8130,0,0,0,31,Familiares,Preparatoria
2.01408E+16,539,Rechazada,PS1,Rechazado,MALO,0,,,,,0,RECIBOS DE NOMINA,#N/A,NO_CLIENTE,0,Alto,0%,2,92,0,0,0,0,0,0,0,25,Familiares,Posgrado
2.01408E+16,7434,Rechazada,PS1,Rechazado,MALO,0,,,,,0,RECIBOS DE NOMINA,#N/A,NO_CLIENTE,0,Alto,0%,3,92,0,0,0,0,0,0,0,30,Familiares,Posgrado
2.01408E+16,289,Rechazada,PS1,Rechazado,MALO,0,,,,,0,RECIBOS DE NOMINA,#N/A,NO_CLIENTE,0,Alto,0%,2,92,0,0,0,0,0,0,0,25,Familiares,Licenciatura
2.01408E+16,4478,Rechazada,PS1,Rechazado,MALO,0,,,,,0,PROPIEDAD ACTIVO FIJO,#N/A,NO_CLIENTE,45300,Alto,0%,1,92,0,0,41224,0,0,122217,0,32,Familiares,Licenciatura
2.01408E+16,4763,Rechazada,PS1,Rechazado,MALO,0,,,,,0,RECIBOS DE NOMINA,#N/A,NO_CLIENTE,0,Alto,0%,4,92,0,0,0,0,0,0,0,50,Hipoteca,Preparatoria
2.01408E+16,4428,Rechazada,PS1,Rechazado,MALO,0,,,,,0,PROPIEDAD ACTIVO FIJO,#N/A,NO_CLIENTE,0,Alto,0%,3,92,0,8,15129,9020,0,76548,0,38,Familiares,Posgrado
2.01408E+16,4718,Rechazada,PS1,Rechazado,MALO,0,,,,,0,RECIBOS DE NOMINA,#N/A,NO_CLIENTE,0,Alto,0%,2,92,0,0,0,0,0,0,0,55,Propia,Posgrado
2.01408E+16,4360,Rechazada,PS1,Rechazado,MALO,0,,,,,0,PROPIEDAD ACTIVO FIJO,#N/A,NO_CLIENTE,0,Alto,0%,3,92,0,0,0,0,0,0,0,55,Hipoteca,Preparatoria
2.01408E+16,891,Rechazada,PS1,Rechazado,MALO,0,,,,,0,RECIBOS DE NOMINA,#N/A,NO_CLIENTE,0,Alto,0%,4,92,0,0,0,0,0,0,0,27,Propia,Posgrado
2.01408E+16,951,Rechazada,PS1,Rechazado,MALO,0,,,,,0,RECIBOS DE NOMINA,#N/A,NO_CLIENTE,5050,Alto,0%,3,92,0,0,0,0,0,0,0,29,Renta,Licenciatura
2.01408E+16,216,Rechazada,PS1,Rechazado,MALO,0,,,,,0,RECIBOS DE NOMINA,#N/A,NO_CLIENTE,0,Alto,0%,3,92,0,0,0,0,0,0,0,46,Renta,Licenciatura
2.01408E+16,109,Rechazada,PS1,Rechazado,MALO,0,,,,,0,RECIBOS DE NOMINA,#N/A,NO_CLIENTE,10800,Alto,0%,2,92,0,2,11466,1460,0,0,0,39,Renta,Posgrado
2.01408E+16,4118,Rechazada,PS1,Rechazado,MALO,0,,,,,0,RECIBOS DE NOMINA,#N/A,NO_CLIENTE,0,Alto,0%,3,92,0,0,0,0,0,0,0,33,Renta,Preparatoria
2.01408E+16,905,Rechazada,PS1,Rechazado,MALO,0,,,,,0,RECIBOS DE NOMINA,#N/A,NO_CLIENTE,0,Alto,0%,2,92,0,0,0,0,0,0,0,48,Renta,Licenciatura
2.01408E+16,524,Rechazada,PS1,Rechazado,MALO,0,,,,,0,RECIBOS DE NOMINA,#N/A,NO_CLIENTE,0,Alto,0%,1,92,0,0,0,0,0,33719,0,45,Hipoteca,Preparatoria
2.01408E+16,948,Rechazada,PS1,Rechazado,MALO,0,,,,,0,PROPIEDAD ACTIVO FIJO,#N/A,NO_CLIENTE,8000,Alto,0%,2,92,0,0,320,0,0,0,0,34,Renta,Preparatoria
2.01408E+16,4349,Rechazada,PS1,Rechazado,MALO,0,,,,,0,RECIBOS DE NOMINA,#N/A,NO_CLIENTE,0,Alto,0%,3,92,0,0,0,0,0,0,0,37,Familiares,Licenciatura
2.01408E+16,4527,Rechazada,PS1,Rechazado,MALO,0,,,,,0,RECIBOS DE NOMINA,#N/A,NO_CLIENTE,0,Alto,0%,2,92,0,0,0,0,0,0,0,35,Renta,Posgrado
2.01408E+16,7802,En_proceso,CN0,Rechazado,MALO,0,,,,,0,PROPIEDAD ACTIVO FIJO,Medio D,NO_CLIENTE,0,Alto,0%,1,92,0,0,0,0,0,0,0,44,Hipoteca,Preparatoria
2.01406E+16,4181,Rechazada,CN0,Rechazado,MALO,0,,,,,0,RECIBOS DE NOMINA,Medio B,NO_CLIENTE,0,Alto,0%,4,92,0,0,0,0,0,0,0,33,Renta,Licenciatura
2.01403E+16,4173,Rechazada,CN0,Rechazado,MALO,0,,,,,0,RECIBOS DE NOMINA,Alto C,CLIENTE_BANCO,0,Alto,0%,3,92,0,0,6009,914,0,0,0,53,Hipoteca,Posgrado
2.01407E+16,8133,En_proceso,CN0,Rechazado,MALO,0,,,,,0,INVERSIONES,Medio B,NO_CLIENTE,0,Alto,0%,2,92,0,0,0,0,0,0,0,43,Hipoteca,Posgrado
2.01407E+16,7652,En_proceso,CN0,Rechazado,MALO,0,,,,,0,INVERSIONES,Alto C,NO_CLIENTE,0,Alto,0%,3,92,0,0,0,0,0,0,0,27,Renta,Posgrado
2.01406E+16,4581,Rechazada,CN0,Rechazado,MALO,0,,,,,0,PAGOS PROV SEMESTRALES PF,Alto C,NO_CLIENTE,0,Alto,0%,4,92,0,0,0,0,0,0,0,40,Hipoteca,Licenciatura
2.01406E+16,506,Rechazada,CN0,Rechazado,MALO,0,,,,,0,RECIBOS DE NOMINA,Alto C,NO_CLIENTE,0,Alto,0%,3,92,0,0,0,0,0,0,0,31,Hipoteca,Posgrado
2.01404E+16,4173,Rechazada,PS1,Rechazado,MALO,0,,,,,0,PROPIEDAD ACTIVO FIJO,#N/A,NO_CLIENTE,0,Alto,0%,3,93,0,0,45114,2270,0,10000,0,52,Propia,Preparatoria
2.01406E+16,6544,Rechazada,PS1,Rechazado,MALO,0,,,,,0,PROPIEDAD ACTIVO FIJO,#N/A,NO_CLIENTE,0,Alto,0%,2,93,0,0,0,0,0,0,0,34,Familiares,Preparatoria
2.01406E+16,267,Rechazada,PS1,Rechazado,MALO,0,,,,,0,RECIBOS DE NOMINA,#N/A,NO_CLIENTE,0,Alto,0%,3,93,0,0,0,0,0,0,0,48,Hipoteca,Posgrado
2.01406E+16,4116,Rechazada,PS1,Rechazado,MALO,0,,,,,0,RECIBOS DE NOMINA,#N/A,NO_CLIENTE,0,Alto,0%,2,93,0,0,0,0,0,0,0,34,Propia,Posgrado
2.01406E+16,692,Rechazada,PS1,Rechazado,MALO,0,,,,,0,RECIBOS DE NOMINA,#N/A,NO_CLIENTE,0,Alto,0%,1,93,0,0,0,0,0,171006,0,38,Familiares,Preparatoria
2.01406E+16,126,Rechazada,PS1,Rechazado,MALO,0,,,,,0,RECIBOS DE NOMINA,#N/A,NO_CLIENTE,0,Alto,0%,2,93,0,0,0,0,0,0,0,54,Familiares,Posgrado
2.01406E+16,162,Rechazada,PS1,Rechazado,MALO,0,,,,,0,RECIBOS DE NOMINA,#N/A,NO_CLIENTE,0,Alto,0%,3,93,0,0,0,0,0,0,0,37,Familiares,Preparatoria
2.01407E+16,690,Rechazada,PS1,Rechazado,MALO,0,,,,,0,RECIBOS DE NOMINA,#N/A,NO_CLIENTE,0,Alto,0%,2,93,0,0,0,0,0,0,0,40,Hipoteca,Preparatoria
2.01407E+16,4,Rechazada,PS1,Rechazado,MALO,0,,,,,0,PROPIEDAD ACTIVO FIJO,#N/A,NO_CLIENTE,0,Alto,0%,1,93,0,0,0,0,0,0,0,27,Familiares,Posgrado
2.01407E+16,9658,Rechazada,PS1,Rechazado,MALO,0,,,,,0,PROPIEDAD ACTIVO FIJO,#N/A,NO_CLIENTE,0,Alto,0%,4,93,0,1,4920,880,0,48972,0,57,Hipoteca,Posgrado
2.01407E+16,9437,Rechazada,PS1,Rechazado,MALO,0,,,,,0,RECIBOS DE NOMINA,#N/A,NO_CLIENTE,0,Alto,0%,3,93,0,0,0,0,0,0,0,36,Familiares,Licenciatura
2.01407E+16,4646,Rechazada,PS1,Rechazado,MALO,0,,,,,0,RECIBOS DE NOMINA,#N/A,NO_CLIENTE,0,Alto,0%,2,93,0,1,39056,2220,0,0,0,39,Hipoteca,Preparatoria
2.01407E+16,56,Rechazada,PS1,Rechazado,MALO,0,,,,,0,PROPIEDAD ACTIVO FIJO,#N/A,NO_CLIENTE,0,Alto,0%,3,93,0,1,6052,400,0,0,0,31,Familiares,Preparatoria
2.01407E+16,7436,Rechazada,PS1,Rechazado,MALO,0,,,,,0,RECIBOS DE NOMINA,#N/A,NO_CLIENTE,0,Alto,0%,4,93,0,0,0,0,0,0,0,56,Hipoteca,Preparatoria
2.01407E+16,997,Rechazada,PS1,Rechazado,MALO,0,,,,,0,PROPIEDAD ACTIVO FIJO,#N/A,NO_CLIENTE,0,Alto,0%,3,93,0,0,0,0,0,0,0,59,Familiares,Posgrado
2.01407E+16,4,Rechazada,PS1,Rechazado,MALO,0,,,,,0,PROPIEDAD ACTIVO FIJO,#N/A,NO_CLIENTE,0,Alto,0%,3,93,0,1,4391,250,0,0,0,50,Propia,Preparatoria
2.01407E+16,817,Rechazada,PS1,Rechazado,MALO,0,,,,,0,RECIBOS DE NOMINA,#N/A,NO_CLIENTE,0,Alto,0%,2,93,0,0,0,0,0,26741,0,44,Hipoteca,Licenciatura
2.01407E+16,656,Rechazada,PS1,Rechazado,MALO,0,,,,,0,RECIBOS DE NOMINA,#N/A,NO_CLIENTE,0,Alto,0%,3,93,0,0,0,0,0,0,0,47,Renta,Posgrado
2.01407E+16,368,Rechazada,PS1,Rechazado,MALO,0,,,,,0,RECIBOS DE NOMINA,#N/A,NO_CLIENTE,0,Alto,0%,2,93,0,0,0,0,0,0,0,41,Hipoteca,Posgrado
2.01407E+16,561,Rechazada,PS1,Rechazado,MALO,0,,,,,0,PROPIEDAD ACTIVO FIJO,#N/A,NO_CLIENTE,0,Alto,0%,1,93,0,1,26628,710,0,0,0,26,Hipoteca,Licenciatura
2.01407E+16,8188,Rechazada,PS1,Rechazado,MALO,0,,,,,0,PROPIEDAD ACTIVO FIJO,#N/A,NO_CLIENTE,0,Alto,0%,2,93,0,0,0,0,0,0,0,36,Propia,Preparatoria
2.01407E+16,4342,Rechazada,PS1,Rechazado,MALO,0,,,,,0,PROPIEDAD ACTIVO FIJO,#N/A,NO_CLIENTE,0,Alto,0%,3,93,0,0,0,0,0,0,0,60,Hipoteca,Licenciatura
2.01407E+16,7162,Rechazada,PS1,Rechazado,MALO,0,,,,,0,RECIBOS DE NOMINA,#N/A,NO_CLIENTE,0,Alto,0%,2,93,0,0,0,0,0,0,0,37,Familiares,Licenciatura
2.01407E+16,141,Rechazada,PS1,Rechazado,MALO,0,,,,,0,RECIBOS DE NOMINA,#N/A,NO_CLIENTE,0,Alto,0%,1,93,0,1,22202,960,0,143936,0,34,Propia,Posgrado
2.01407E+16,6483,Rechazada,PS1,Rechazado,MALO,0,,,,,0,RECIBOS DE NOMINA,#N/A,NO_CLIENTE,0,Alto,0%,4,93,0,0,0,0,0,0,0,59,Renta,Preparatoria
2.01407E+16,127,Rechazada,PS1,Rechazado,MALO,0,,,,,0,RECIBOS DE NOMINA,#N/A,NO_CLIENTE,0,Alto,0%,3,93,0,0,0,0,0,0,0,54,Propia,Preparatoria
2.01407E+16,4568,Rechazada,PS1,Rechazado,MALO,0,,,,,0,PAGOS PROV SEMESTRALES PF,#N/A,NO_CLIENTE,0,Alto,0%,2,93,0,0,0,0,0,3395,0,25,Propia,Preparatoria
2.01407E+16,542,Rechazada,PS1,Rechazado,MALO,0,,,,,0,PROPIEDAD ACTIVO FIJO,#N/A,NO_CLIENTE,0,Alto,0%,3,93,0,1,11237,660,0,0,0,41,Renta,Preparatoria
2.01407E+16,6587,Rechazada,PS1,Rechazado,MALO,0,,,,,0,PROPIEDAD ACTIVO FIJO,#N/A,NO_CLIENTE,0,Alto,0%,4,93,0,0,0,0,0,0,0,36,Propia,Preparatoria
2.01407E+16,440,Rechazada,PS1,Rechazado,MALO,0,,,,,0,PROPIEDAD ACTIVO FIJO,#N/A,NO_CLIENTE,0,Alto,0%,3,93,0,0,0,0,0,0,0,32,Hipoteca,Preparatoria
2.01407E+16,6560,Rechazada,PS1,Rechazado,MALO,0,,,,,0,PROPIEDAD ACTIVO FIJO,#N/A,NO_CLIENTE,0,Alto,0%,3,93,0,0,0,0,0,181617,0,30,Familiares,Licenciatura
2.01407E+16,4149,Rechazada,PS1,Rechazado,MALO,0,,,,,0,PROPIEDAD ACTIVO FIJO,#N/A,NO_CLIENTE,0,Alto,0%,2,93,0,0,0,0,0,0,0,47,Renta,Licenciatura
2.01407E+16,289,Rechazada,PS1,Rechazado,MALO,0,,,,,0,RECIBOS DE NOMINA,#N/A,NO_CLIENTE,0,Alto,0%,3,93,0,0,0,0,0,0,0,59,Hipoteca,Posgrado
2.01407E+16,148,Rechazada,PS1,Rechazado,MALO,0,,,,,0,INVERSIONES,#N/A,NO_CLIENTE,0,Alto,0%,2,93,0,0,0,0,0,0,0,54,Renta,Posgrado
2.01407E+16,691,Rechazada,PS1,Rechazado,MALO,0,,,,,0,RECIBOS DE NOMINA,#N/A,NO_CLIENTE,0,Alto,0%,1,93,0,0,0,0,0,0,0,53,Renta,Posgrado
2.01407E+16,5302,Cancelada,PS1,Rechazado,MALO,0,,,,,0,RECIBOS DE NOMINA,#N/A,NO_CLIENTE,0,Alto,0%,2,93,0,0,0,0,0,0,0,57,Familiares,Posgrado
2.01407E+16,70001,Rechazada,PS1,Rechazado,MALO,0,,,,,0,SIN COMPROBANTE,#N/A,NO_CLIENTE,0,Alto,0%,3,93,0,0,0,0,0,0,0,58,Propia,Preparatoria
2.01407E+16,4271,Rechazada,PS1,Rechazado,MALO,0,,,,,0,RECIBOS DE NOMINA,#N/A,NO_CLIENTE,0,Alto,0%,2,93,0,0,0,0,0,0,0,44,Renta,Licenciatura
2.01407E+16,126,Rechazada,PS1,Rechazado,MALO,0,,,,,0,RECIBOS DE NOMINA,#N/A,NO_CLIENTE,0,Alto,0%,1,93,0,0,0,0,0,0,0,29,Propia,Posgrado
2.01407E+16,11,Rechazada,PS1,Rechazado,MALO,0,,,,,0,RECIBOS DE NOMINA,#N/A,NO_CLIENTE,0,Alto,0%,4,93,0,0,0,0,0,0,0,29,Familiares,Licenciatura
2.01407E+16,11757,Rechazada,PS1,Rechazado,MALO,0,,,,,0,PROPIEDAD ACTIVO FIJO,#N/A,NO_CLIENTE,142500,Alto,0%,3,93,0,1,17451,1790,0,0,0,51,Hipoteca,Posgrado
2.01407E+16,4333,Rechazada,PS1,Rechazado,MALO,0,,,,,0,PROPIEDAD ACTIVO FIJO,#N/A,NO_CLIENTE,0,Alto,0%,2,93,0,0,0,0,0,0,0,41,Hipoteca,Posgrado
2.01407E+16,4376,Rechazada,PS1,Rechazado,MALO,0,,,,,0,PROPIEDAD ACTIVO FIJO,#N/A,NO_CLIENTE,0,Alto,0%,4,93,0,1,10921,660,0,0,0,60,Familiares,Posgrado
2.01407E+16,14084,Rechazada,PS1,Rechazado,MALO,0,,,,,0,PROPIEDAD ACTIVO FIJO,#N/A,NO_CLIENTE,0,Alto,0%,5,93,0,0,0,0,0,0,0,39,Renta,Licenciatura
2.01407E+16,692,Rechazada,PS1,Rechazado,MALO,0,,,,,0,RECIBOS DE NOMINA,#N/A,NO_CLIENTE,0,Alto,0%,5,93,0,0,0,0,0,0,0,36,Hipoteca,Posgrado
2.01407E+16,14056,Rechazada,PS1,Rechazado,MALO,0,,,,,0,PROPIEDAD ACTIVO FIJO,#N/A,NO_CLIENTE,0,Alto,0%,4,93,0,0,0,0,0,0,0,30,Propia,Posgrado
2.01407E+16,12118,Rechazada,PS1,Rechazado,MALO,0,,,,,0,PROPIEDAD ACTIVO FIJO,#N/A,NO_CLIENTE,96500,Alto,0%,5,93,0,1,18689,1210,0,0,0,60,Propia,Preparatoria
2.01407E+16,146,Rechazada,PS1,Rechazado,MALO,0,,,,,0,RECIBOS DE NOMINA,#N/A,NO_CLIENTE,0,Alto,0%,4,93,0,0,0,0,0,0,0,43,Familiares,Posgrado
2.01407E+16,4479,Rechazada,PS1,Rechazado,MALO,0,,,,,0,RECIBOS DE NOMINA,#N/A,NO_CLIENTE,0,Alto,0%,5,93,0,0,0,0,0,46467,0,59,Propia,Preparatoria
2.01407E+16,148,Rechazada,PS1,Rechazado,MALO,0,,,,,0,PROPIEDAD ACTIVO FIJO,#N/A,NO_CLIENTE,0,Alto,0%,5,93,0,0,0,0,0,0,0,39,Familiares,Posgrado
2.01407E+16,4432,Rechazada,PS1,Rechazado,MALO,0,,,,,0,RECIBOS DE NOMINA,#N/A,NO_CLIENTE,0,Alto,0%,4,93,0,0,0,0,0,0,0,31,Propia,Posgrado
2.01407E+16,4465,Rechazada,PS1,Rechazado,MALO,0,,,,,0,PROPIEDAD ACTIVO FIJO,#N/A,NO_CLIENTE,0,Alto,0%,5,93,0,0,0,0,0,0,0,51,Renta,Preparatoria
2.01407E+16,93,Rechazada,PS1,Rechazado,MALO,0,,,,,0,RECIBOS DE NOMINA,#N/A,NO_CLIENTE,0,Alto,0%,4,93,0,0,0,0,0,0,0,26,Renta,Posgrado
2.01407E+16,4436,Rechazada,PS1,Rechazado,MALO,0,,,,,0,PROPIEDAD ACTIVO FIJO,#N/A,NO_CLIENTE,0,Alto,0%,5,93,0,0,0,0,0,0,0,46,Familiares,Preparatoria
2.01407E+16,781,Rechazada,PS1,Rechazado,MALO,0,,,,,0,RECIBOS DE NOMINA,#N/A,NO_CLIENTE,0,Alto,0%,5,93,0,0,0,0,0,0,0,58,Propia,Licenciatura
2.01407E+16,353,Rechazada,PS1,Rechazado,MALO,0,,,,,0,RECIBOS DE NOMINA,#N/A,NO_CLIENTE,0,Alto,0%,4,93,0,1,18949,990,0,0,0,54,Hipoteca,Preparatoria
2.01407E+16,920,Rechazada,PS1,Rechazado,MALO,0,,,,,0,RECIBOS DE NOMINA,#N/A,NO_CLIENTE,0,Alto,0%,5,93,0,0,0,0,0,0,0,58,Renta,Posgrado
2.01407E+16,285,Rechazada,PS1,Rechazado,MALO,0,,,,,0,PAGOS PROV SEMESTRALES PF,#N/A,NO_CLIENTE,0,Alto,0%,4,93,0,0,0,0,0,0,0,28,Familiares,Licenciatura
2.01407E+16,64,Rechazada,PS1,Rechazado,MALO,0,,,,,0,PROPIEDAD ACTIVO FIJO,#N/A,NO_CLIENTE,0,Alto,0%,5,93,0,0,0,0,0,0,0,36,Familiares,Posgrado
2.01407E+16,749,Rechazada,PS1,Rechazado,MALO,0,,,,,0,PROPIEDAD ACTIVO FIJO,#N/A,NO_CLIENTE,0,Alto,0%,5,93,0,1,5295,360,0,2,0,32,Renta,Licenciatura
2.01407E+16,4556,Rechazada,PS1,Rechazado,MALO,0,,,,,0,PAGOS PROV SEMESTRALES PF,#N/A,NO_CLIENTE,0,Alto,0%,4,93,0,1,13987,880,0,39160,0,59,Renta,Posgrado
2.01407E+16,945,Rechazada,PS1,Rechazado,MALO,0,,,,,0,RECIBOS DE NOMINA,#N/A,NO_CLIENTE,0,Alto,0%,4,93,0,0,0,0,0,0,0,56,Familiares,Posgrado
2.01407E+16,4874,Rechazada,PS1,Rechazado,MALO,0,,,,,0,PROPIEDAD ACTIVO FIJO,#N/A,NO_CLIENTE,0,Alto,0%,5,93,0,0,0,0,0,0,0,51,Propia,Posgrado
2.01407E+16,9196,Rechazada,PS1,Rechazado,MALO,0,,,,,0,RECIBOS DE NOMINA,#N/A,NO_CLIENTE,0,Alto,0%,5,93,0,0,0,0,0,0,0,54,Renta,Preparatoria
2.01407E+16,658,Rechazada,PS1,Rechazado,MALO,0,,,,,0,RECIBOS DE NOMINA,#N/A,NO_CLIENTE,0,Alto,0%,4,93,0,0,0,0,0,0,0,45,Propia,Preparatoria
2.01407E+16,812,Rechazada,PS1,Rechazado,MALO,0,,,,,0,RECIBOS DE NOMINA,#N/A,NO_CLIENTE,0,Alto,0%,5,93,0,0,0,0,0,26232,0,27,Familiares,Licenciatura
2.01407E+16,4436,Rechazada,PS1,Rechazado,MALO,0,,,,,0,RECIBOS DE NOMINA,#N/A,NO_CLIENTE,0,Alto,0%,4,93,0,0,0,0,0,0,0,53,Propia,Posgrado
2.01407E+16,4430,Rechazada,PS1,Rechazado,MALO,0,,,,,0,RECIBOS DE NOMINA,#N/A,NO_CLIENTE,0,Alto,0%,5,93,0,0,0,0,0,0,0,47,Renta,Preparatoria
2.01407E+16,166,Rechazada,PS1,Rechazado,MALO,0,,,,,0,PROPIEDAD ACTIVO FIJO,#N/A,NO_CLIENTE,0,Alto,0%,5,93,0,1,3,3,0,0,0,52,Propia,Posgrado
2.01407E+16,7440,Rechazada,PS1,Rechazado,MALO,0,,,,,0,RECIBOS DE NOMINA,#N/A,NO_CLIENTE,0,Alto,0%,4,93,0,0,0,0,0,0,0,52,Familiares,Preparatoria
2.01407E+16,7795,Rechazada,PS1,Rechazado,MALO,0,,,,,0,PROPIEDAD ACTIVO FIJO,#N/A,NO_CLIENTE,0,Alto,0%,4,93,0,0,0,0,0,0,0,33,Familiares,Posgrado
2.01407E+16,9601,Rechazada,PS1,Rechazado,MALO,0,,,,,0,RECIBOS DE NOMINA,#N/A,NO_CLIENTE,0,Alto,0%,5,93,0,0,0,0,0,0,0,34,Renta,Posgrado
2.01407E+16,435,Rechazada,PS1,Rechazado,MALO,0,,,,,0,PROPIEDAD ACTIVO FIJO,#N/A,NO_CLIENTE,0,Alto,0%,5,93,0,0,0,0,0,0,0,41,Familiares,Preparatoria
2.01407E+16,421,Rechazada,PS1,Rechazado,MALO,0,,,,,0,RECIBOS DE NOMINA,#N/A,NO_CLIENTE,0,Alto,0%,4,93,0,0,0,0,0,0,0,31,Renta,Licenciatura
2.01407E+16,7434,Rechazada,PS1,Rechazado,MALO,0,,,,,0,PAGOS PROV SEMESTRALES PF,#N/A,NO_CLIENTE,0,Alto,0%,5,93,0,0,0,0,0,0,0,44,Hipoteca,Preparatoria
2.01407E+16,4250,Rechazada,PS1,Rechazado,MALO,0,,,,,0,PROPIEDAD ACTIVO FIJO,#N/A,NO_CLIENTE,0,Alto,0%,4,93,0,0,0,0,0,0,0,53,Renta,Posgrado
2.01407E+16,843,Rechazada,PS1,Rechazado,MALO,0,,,,,0,RECIBOS DE NOMINA,#N/A,NO_CLIENTE,0,Alto,0%,5,93,0,0,0,0,0,0,0,60,Renta,Licenciatura
2.01407E+16,4375,Rechazada,PS1,Rechazado,MALO,0,,,,,0,PROPIEDAD ACTIVO FIJO,#N/A,NO_CLIENTE,0,Alto,0%,5,93,0,1,9951,510,0,0,0,33,Familiares,Licenciatura
2.01407E+16,468,Rechazada,PS1,Rechazado,MALO,0,,,,,0,RECIBOS DE NOMINA,#N/A,NO_CLIENTE,0,Alto,0%,4,93,0,0,0,0,0,0,0,59,Hipoteca,Posgrado
2.01407E+16,308,Rechazada,PS1,Rechazado,MALO,0,,,,,0,RECIBOS DE NOMINA,#N/A,NO_CLIENTE,0,Alto,0%,5,93,0,0,0,0,0,0,0,28,Familiares,Licenciatura
2.01407E+16,64,Rechazada,PS1,Rechazado,MALO,0,,,,,0,RECIBOS DE NOMINA,#N/A,NO_CLIENTE,0,Alto,0%,4,93,0,0,0,0,0,0,0,34,Renta,Preparatoria
2.01407E+16,4464,Rechazada,PS1,Rechazado,MALO,0,,,,,0,RECIBOS DE NOMINA,#N/A,NO_CLIENTE,0,Alto,0%,5,93,0,0,0,0,0,0,0,32,Familiares,Preparatoria
2.01407E+16,113,Rechazada,PS1,Rechazado,MALO,0,,,,,0,RECIBOS DE NOMINA,#N/A,NO_CLIENTE,0,Alto,0%,5,93,0,0,0,0,0,0,0,48,Hipoteca,Preparatoria
2.01407E+16,912,Rechazada,PS1,Rechazado,MALO,0,,,,,0,RECIBOS DE NOMINA,#N/A,NO_CLIENTE,0,Alto,0%,4,93,0,0,0,0,0,0,0,38,Propia,Posgrado
2.01407E+16,537,Rechazada,PS1,Rechazado,MALO,0,,,,,0,RECIBOS DE NOMINA,#N/A,NO_CLIENTE,0,Alto,0%,5,93,0,0,0,0,0,0,0,48,Renta,Licenciatura
2.01407E+16,472,Rechazada,PS1,Rechazado,MALO,0,,,,,0,RECIBOS DE NOMINA,#N/A,NO_CLIENTE,0,Alto,0%,4,93,0,0,0,0,0,0,0,45,Familiares,Licenciatura
2.01407E+16,197,Rechazada,PS1,Rechazado,MALO,0,,,,,0,RECIBOS DE NOMINA,#N/A,NO_CLIENTE,0,Alto,0%,5,93,0,0,0,0,0,0,0,44,Propia,Posgrado
2.01407E+16,872,Rechazada,PS1,Rechazado,MALO,0,,,,,0,INVERSIONES,#N/A,NO_CLIENTE,0,Alto,0%,5,93,0,0,0,0,0,13068,0,58,Familiares,Licenciatura
2.01407E+16,513,Rechazada,PS1,Rechazado,MALO,0,,,,,0,PROPIEDAD ACTIVO FIJO,#N/A,NO_CLIENTE,0,Alto,0%,4,93,0,0,0,0,0,0,0,38,Familiares,Licenciatura
2.01407E+16,113,Rechazada,PS1,Rechazado,MALO,0,,,,,0,RECIBOS DE NOMINA,#N/A,NO_CLIENTE,0,Alto,0%,4,93,0,0,0,0,0,0,0,53,Propia,Preparatoria
2.01408E+16,370,Rechazada,PS1,Rechazado,MALO,0,,,,,0,RECIBOS DE NOMINA,#N/A,NO_CLIENTE,0,Alto,0%,5,93,0,0,0,0,0,0,0,30,Propia,Licenciatura
2.01408E+16,6428,Rechazada,PS1,Rechazado,MALO,0,,,,,0,RECIBOS DE NOMINA,#N/A,NO_CLIENTE,0,Alto,0%,5,93,0,0,518,0,0,0,0,46,Renta,Licenciatura
2.01408E+16,632,Rechazada,PS1,Rechazado,MALO,0,,,,,0,RECIBOS DE NOMINA,#N/A,NO_CLIENTE,0,Alto,0%,4,93,0,0,0,0,0,0,0,26,Propia,Posgrado
2.01408E+16,506,Rechazada,PS1,Rechazado,MALO,0,,,,,0,CTA NOMINA DIGITAL,#N/A,NO_CLIENTE,0,Alto,0%,5,93,0,0,0,0,0,0,0,51,Renta,Posgrado
2.01408E+16,162,Rechazada,PS1,Rechazado,MALO,0,,,,,0,RECIBOS DE NOMINA,#N/A,NO_CLIENTE,0,Alto,0%,4,93,0,0,0,0,0,0,0,47,Hipoteca,Licenciatura
2.01408E+16,223,Rechazada,PS1,Rechazado,MALO,0,,,,,0,PROPIEDAD ACTIVO FIJO,#N/A,NO_CLIENTE,0,Alto,0%,5,93,0,0,0,0,0,0,0,27,Familiares,Secundaria
2.01408E+16,901,Rechazada,PS1,Rechazado,MALO,0,,,,,0,PROPIEDAD ACTIVO FIJO,#N/A,NO_CLIENTE,0,Alto,0%,5,93,0,0,0,0,0,0,0,41,Hipoteca,Secundaria
2.01408E+16,17,Rechazada,PS1,Rechazado,MALO,0,,,,,0,RECIBOS DE NOMINA,#N/A,NO_CLIENTE,0,Alto,0%,4,93,0,0,0,0,0,59454,0,41,Renta,Licenciatura
2.01408E+16,4440,Rechazada,PS1,Rechazado,MALO,0,,,,,0,RECIBOS DE NOMINA,#N/A,NO_CLIENTE,0,Alto,0%,3,93,0,0,0,0,0,0,0,58,Propia,Posgrado
2.01408E+16,161,Rechazada,PS1,Rechazado,MALO,0,,,,,0,RECIBOS DE NOMINA,#N/A,NO_CLIENTE,0,Alto,0%,2,93,0,0,0,0,0,0,0,58,Propia,Posgrado
2.01408E+16,234,Rechazada,PS1,Rechazado,MALO,0,,,,,0,RECIBOS DE NOMINA,#N/A,NO_CLIENTE,0,Alto,0%,3,93,0,0,0,0,0,0,0,53,Familiares,Preparatoria
2.01408E+16,4857,Rechazada,PS1,Rechazado,MALO,0,,,,,0,PROPIEDAD ACTIVO FIJO,#N/A,NO_CLIENTE,67000,Alto,0%,4,93,0,1,2702,840,0,0,0,49,Propia,Preparatoria
2.01408E+16,631,Rechazada,PS1,Rechazado,MALO,0,,,,,0,PROPIEDAD ACTIVO FIJO,#N/A,NO_CLIENTE,5700,Alto,0%,3,93,0,1,5046,360,0,0,0,29,Hipoteca,Posgrado
2.01408E+16,845,Rechazada,PS1,Rechazado,MALO,0,,,,,0,RECIBOS DE NOMINA,#N/A,NO_CLIENTE,0,Alto,0%,3,93,0,0,0,0,0,0,0,56,Renta,Licenciatura
2.01408E+16,4440,Rechazada,PS1,Rechazado,MALO,0,,,,,0,RECIBOS DE NOMINA,#N/A,NO_CLIENTE,0,Alto,0%,2,93,0,0,0,0,0,0,0,33,Familiares,Licenciatura
2.01408E+16,804,Rechazada,PS1,Rechazado,MALO,0,,,,,0,INVERSIONES,#N/A,NO_CLIENTE,0,Alto,0%,3,93,0,0,0,0,0,73842,0,30,Renta,Licenciatura
2.01408E+16,8183,Rechazada,PS1,Rechazado,MALO,0,,,,,0,PROPIEDAD ACTIVO FIJO,#N/A,NO_CLIENTE,0,Alto,0%,2,93,0,0,0,0,0,0,0,26,Renta,Posgrado
2.01408E+16,288,En_proceso,PS1,Rechazado,MALO,0,,,,,0,RECIBOS DE NOMINA,#N/A,NO_CLIENTE,40004,Alto,0%,1,93,0,1,2715,510,0,64683,0,41,Propia,Licenciatura
2.01408E+16,4580,Rechazada,PS1,Rechazado,MALO,0,,,,,0,RECIBOS DE NOMINA,#N/A,NO_CLIENTE,0,Alto,0%,2,93,0,0,0,0,0,0,0,27,Familiares,Preparatoria
2.01408E+16,19057,Rechazada,PS1,Rechazado,MALO,0,,,,,0,PAGOS PROV SEMESTRALES PF,#N/A,NO_CLIENTE,0,Alto,0%,3,93,0,0,0,0,0,0,0,34,Propia,Preparatoria
2.01408E+16,456,Rechazada,PS1,Rechazado,MALO,0,,,,,0,PROPIEDAD ACTIVO FIJO,#N/A,NO_CLIENTE,0,Alto,0%,2,93,0,0,0,0,0,0,0,52,Hipoteca,Preparatoria
2.01408E+16,4289,Rechazada,PS1,Rechazado,MALO,0,,,,,0,RECIBOS DE NOMINA,#N/A,NO_CLIENTE,0,Alto,0%,1,93,0,0,0,0,0,0,0,47,Renta,Preparatoria
2.01408E+16,4669,Rechazada,PS1,Rechazado,MALO,0,,,,,0,RECIBOS DE NOMINA,#N/A,NO_CLIENTE,0,Alto,0%,4,93,0,0,0,0,0,0,0,38,Familiares,Posgrado
2.01408E+16,801,Rechazada,PS1,Rechazado,MALO,0,,,,,0,PROPIEDAD ACTIVO FIJO,#N/A,NO_CLIENTE,0,Alto,0%,3,93,0,0,0,0,0,0,0,27,Propia,Preparatoria
2.01408E+16,131,Rechazada,PS1,Rechazado,MALO,0,,,,,0,PAGOS PROV SEMESTRALES PF,#N/A,NO_CLIENTE,0,Alto,0%,2,93,0,0,0,0,0,0,0,53,Propia,Posgrado
2.01408E+16,7582,Rechazada,PS1,Rechazado,MALO,0,,,,,0,PROPIEDAD ACTIVO FIJO,#N/A,NO_CLIENTE,0,Alto,0%,3,93,0,0,0,0,0,0,0,35,Propia,Posgrado
2.01408E+16,9402,Rechazada,PS1,Rechazado,MALO,0,,,,,0,RECIBOS DE NOMINA,#N/A,NO_CLIENTE,15000,Alto,0%,4,93,0,1,14942,1040,0,0,0,41,Familiares,Preparatoria
2.01408E+16,7571,Rechazada,PS1,Rechazado,MALO,0,,,,,0,PROPIEDAD ACTIVO FIJO,#N/A,NO_CLIENTE,0,Alto,0%,3,93,0,0,0,0,0,0,0,59,Renta,Posgrado
2.01408E+16,7772,Rechazada,PS1,Rechazado,MALO,0,,,,,0,PROPIEDAD ACTIVO FIJO,#N/A,NO_CLIENTE,0,Alto,0%,3,93,0,0,0,0,0,0,0,39,Renta,Licenciatura
2.01408E+16,7620,Rechazada,PS1,Rechazado,MALO,0,,,,,0,RECIBOS DE NOMINA,#N/A,NO_CLIENTE,0,Alto,0%,2,93,0,0,0,0,0,0,0,38,Familiares,Licenciatura
2.01408E+16,7761,Rechazada,PS1,Rechazado,MALO,0,,,,,0,RECIBOS DE NOMINA,#N/A,NO_CLIENTE,0,Alto,0%,3,93,0,0,0,0,0,0,0,32,Propia,Preparatoria
2.01408E+16,7576,Rechazada,PS1,Rechazado,MALO,0,,,,,0,RECIBOS DE NOMINA,#N/A,NO_CLIENTE,0,Alto,0%,2,93,0,0,0,0,0,0,0,55,Renta,Posgrado
2.01408E+16,7569,Rechazada,PS1,Rechazado,MALO,0,,,,,0,RECIBOS DE NOMINA,#N/A,NO_CLIENTE,0,Alto,0%,1,93,0,0,0,0,0,0,0,40,Hipoteca,Licenciatura
2.01408E+16,20122,Rechazada,PS1,Rechazado,MALO,0,,,,,0,RECIBOS DE NOMINA,#N/A,NO_CLIENTE,0,Alto,0%,2,93,0,0,0,0,0,0,0,49,Renta,Preparatoria
2.01408E+16,8131,Rechazada,PS1,Rechazado,MALO,0,,,,,0,PROPIEDAD ACTIVO FIJO,#N/A,NO_CLIENTE,0,Alto,0%,3,93,0,0,0,0,0,0,0,35,Hipoteca,Preparatoria
2.01408E+16,9396,Rechazada,PS1,Rechazado,MALO,0,,,,,0,PROPIEDAD ACTIVO FIJO,#N/A,NO_CLIENTE,0,Alto,0%,2,93,0,0,0,0,0,0,0,59,Renta,Posgrado
2.01408E+16,7844,Rechazada,PS1,Rechazado,MALO,0,,,,,0,RECIBOS DE NOMINA,#N/A,NO_CLIENTE,0,Alto,0%,1,93,0,0,0,0,0,0,0,34,Hipoteca,Licenciatura
2.01408E+16,8122,Rechazada,PS1,Rechazado,MALO,0,,,,,0,PROPIEDAD ACTIVO FIJO,#N/A,NO_CLIENTE,0,Alto,0%,4,93,0,0,0,0,0,0,0,56,Renta,Licenciatura
2.01408E+16,70001,Rechazada,PS1,Rechazado,MALO,0,,,,,0,SIN COMPROBANTE,#N/A,NO_CLIENTE,0,Alto,0%,3,93,0,0,0,0,0,0,0,54,Hipoteca,Posgrado
2.01408E+16,7768,Rechazada,PS1,Rechazado,MALO,0,,,,,0,PROPIEDAD ACTIVO FIJO,#N/A,NO_CLIENTE,0,Alto,0%,2,93,0,0,0,0,0,0,0,50,Hipoteca,Posgrado
2.01408E+16,9261,Rechazada,PS1,Rechazado,MALO,0,,,,,0,PROPIEDAD ACTIVO FIJO,#N/A,NO_CLIENTE,0,Alto,0%,3,93,0,0,0,0,0,0,0,39,Renta,Posgrado
2.01408E+16,8162,Rechazada,PS1,Rechazado,MALO,0,,,,,0,RECIBOS DE NOMINA,#N/A,NO_CLIENTE,0,Alto,0%,4,93,0,0,0,0,0,0,0,44,Renta,Licenciatura
2.01408E+16,9041,Rechazada,PS1,Rechazado,MALO,0,,,,,0,RECIBOS DE NOMINA,#N/A,NO_CLIENTE,0,Alto,0%,3,93,0,0,0,0,0,0,0,50,Familiares,Licenciatura
2.01408E+16,7799,Rechazada,PS1,Rechazado,MALO,0,,,,,0,RECIBOS DE NOMINA,#N/A,NO_CLIENTE,0,Alto,0%,3,93,0,0,0,0,0,0,0,39,Renta,Posgrado
2.01408E+16,24021,Rechazada,PS1,Rechazado,MALO,0,,,,,0,PAGOS PROV SEMESTRALES PF,#N/A,NO_CLIENTE,0,Alto,0%,2,93,0,0,0,0,0,0,0,29,Propia,Licenciatura
2.01408E+16,7575,Rechazada,PS1,Rechazado,MALO,0,,,,,0,PROPIEDAD ACTIVO FIJO,#N/A,NO_CLIENTE,0,Alto,0%,3,93,0,0,0,0,0,0,0,38,Hipoteca,Posgrado
2.01408E+16,9037,Rechazada,PS1,Rechazado,MALO,0,,,,,0,RECIBOS DE NOMINA,#N/A,NO_CLIENTE,0,Alto,0%,2,93,0,0,0,0,0,8322,0,25,Hipoteca,Posgrado
2.01408E+16,7804,Rechazada,PS1,Rechazado,MALO,0,,,,,0,PROPIEDAD ACTIVO FIJO,#N/A,NO_CLIENTE,0,Alto,0%,1,93,0,0,0,0,0,0,0,45,Familiares,Licenciatura
2.01408E+16,8164,Rechazada,PS1,Rechazado,MALO,0,,,,,0,PROPIEDAD ACTIVO FIJO,#N/A,NO_CLIENTE,0,Alto,0%,2,93,0,0,0,0,0,0,0,56,Familiares,Licenciatura
2.01408E+16,20131,Rechazada,PS1,Rechazado,MALO,0,,,,,0,PROPIEDAD ACTIVO FIJO,#N/A,NO_CLIENTE,3999,Alto,0%,3,93,0,0,0,0,0,0,0,48,Propia,Preparatoria
2.01408E+16,7637,Rechazada,PS1,Rechazado,MALO,0,,,,,0,PROPIEDAD ACTIVO FIJO,#N/A,NO_CLIENTE,0,Alto,0%,2,93,0,0,0,0,0,0,0,30,Hipoteca,Posgrado
2.01408E+16,7791,Rechazada,PS1,Rechazado,MALO,0,,,,,0,RECIBOS DE NOMINA,#N/A,NO_CLIENTE,0,Alto,0%,1,93,0,0,0,0,0,0,0,41,Propia,Licenciatura
2.01408E+16,9041,Rechazada,PS1,Rechazado,MALO,0,,,,,0,RECIBOS DE NOMINA,#N/A,NO_CLIENTE,0,Alto,0%,4,93,0,0,0,0,0,0,0,39,Familiares,Preparatoria
2.01408E+16,7715,Rechazada,PS1,Rechazado,MALO,0,,,,,0,RECIBOS DE NOMINA,#N/A,NO_CLIENTE,0,Alto,0%,3,93,0,0,0,0,0,0,0,52,Familiares,Posgrado
2.01408E+16,9232,Rechazada,PS1,Rechazado,MALO,0,,,,,0,PROPIEDAD ACTIVO FIJO,#N/A,NO_CLIENTE,0,Alto,0%,2,93,0,0,0,0,0,0,0,36,Propia,Posgrado
2.01408E+16,7769,Rechazada,PS1,Rechazado,MALO,0,,,,,0,RECIBOS DE NOMINA,#N/A,NO_CLIENTE,0,Alto,0%,3,93,0,0,0,0,0,0,0,47,Propia,Preparatoria
2.01408E+16,7788,Rechazada,PS1,Rechazado,MALO,0,,,,,0,RECIBOS DE NOMINA,#N/A,NO_CLIENTE,0,Alto,0%,4,93,0,0,0,0,0,0,0,47,Familiares,Licenciatura
2.01408E+16,7795,Rechazada,PS1,Rechazado,MALO,0,,,,,0,PROPIEDAD ACTIVO FIJO,#N/A,NO_CLIENTE,0,Alto,0%,3,93,0,0,0,0,0,0,0,59,Hipoteca,Licenciatura
2.01408E+16,475,Rechazada,PS1,Rechazado,MALO,0,,,,,0,PROPIEDAD ACTIVO FIJO,#N/A,NO_CLIENTE,0,Alto,0%,3,93,0,8,7079,7079,0,0,0,54,Familiares,Posgrado
2.01408E+16,981,Rechazada,PS1,Rechazado,MALO,0,,,,,0,CTA NOMINA DIGITAL,#N/A,NO_CLIENTE,0,Alto,0%,2,93,0,0,0,0,0,0,0,39,Propia,Licenciatura
2.01408E+16,190,Rechazada,PS1,Rechazado,MALO,0,,,,,0,RECIBOS DE NOMINA,#N/A,NO_CLIENTE,6000,Alto,0%,3,93,0,1,5091,320,0,0,0,41,Renta,Licenciatura
2.01408E+16,4718,Rechazada,PS1,Rechazado,MALO,0,,,,,0,RECIBOS DE NOMINA,#N/A,NO_CLIENTE,0,Alto,0%,2,93,0,0,0,0,0,0,0,42,Hipoteca,Licenciatura
2.01408E+16,4777,Rechazada,PS1,Rechazado,MALO,0,,,,,0,INVERSIONES,#N/A,NO_CLIENTE,0,Alto,0%,1,93,0,0,0,0,0,45014,0,43,Familiares,Posgrado
2.01408E+16,881,Rechazada,PS1,Rechazado,MALO,0,,,,,0,RECIBOS DE NOMINA,#N/A,NO_CLIENTE,18800,Alto,0%,2,93,0,0,0,0,0,0,0,25,Propia,Posgrado
2.01408E+16,4199,Rechazada,PS1,Rechazado,MALO,0,,,,,0,PROPIEDAD ACTIVO FIJO,#N/A,NO_CLIENTE,50000,Alto,0%,3,93,0,1,49706,1570,0,0,0,31,Familiares,Posgrado
2.01408E+16,102,Rechazada,PS1,Rechazado,MALO,0,,,,,0,PROPIEDAD ACTIVO FIJO,#N/A,NO_CLIENTE,0,Alto,0%,2,93,0,0,0,0,0,0,0,39,Familiares,Posgrado
2.01408E+16,169,Rechazada,PS1,Rechazado,MALO,0,,,,,0,RECIBOS DE NOMINA,#N/A,NO_CLIENTE,0,Alto,0%,1,93,0,0,0,0,0,0,0,29,Propia,Posgrado
2.01408E+16,4328,Rechazada,PS1,Rechazado,MALO,0,,,,,0,RECIBOS DE NOMINA,#N/A,NO_CLIENTE,0,Alto,0%,4,93,0,0,0,0,0,18871,0,29,Hipoteca,Licenciatura
2.01408E+16,6557,Rechazada,PS1,Rechazado,MALO,0,,,,,0,PROPIEDAD ACTIVO FIJO,#N/A,NO_CLIENTE,25000,Alto,0%,3,93,0,0,6870,0,0,0,0,57,Familiares,Preparatoria
2.01408E+16,127,Rechazada,PS1,Rechazado,MALO,0,,,,,0,RECIBOS DE NOMINA,#N/A,NO_CLIENTE,0,Alto,0%,2,93,0,0,0,0,0,0,0,28,Hipoteca,Posgrado
2.01408E+16,413,Rechazada,PS1,Rechazado,MALO,0,,,,,0,RECIBOS DE NOMINA,#N/A,NO_CLIENTE,0,Alto,0%,3,93,0,0,0,0,0,0,0,29,Renta,Preparatoria
2.01408E+16,416,Rechazada,PS1,Rechazado,MALO,0,,,,,0,PROPIEDAD ACTIVO FIJO,#N/A,NO_CLIENTE,0,Alto,0%,4,93,0,0,0,0,0,0,0,50,Familiares,Posgrado
2.01408E+16,5025,Rechazada,PS1,Rechazado,MALO,0,,,,,0,RECIBOS DE NOMINA,#N/A,NO_CLIENTE,0,Alto,0%,3,93,0,0,0,0,0,7363,0,33,Propia,Licenciatura
2.01408E+16,4073,Rechazada,PS1,Rechazado,MALO,0,,,,,0,RECIBOS DE NOMINA,#N/A,NO_CLIENTE,0,Alto,0%,3,93,0,0,0,0,0,0,0,55,Familiares,Preparatoria
2.01408E+16,109,Rechazada,PS1,Rechazado,MALO,0,,,,,0,RECIBOS DE NOMINA,#N/A,NO_CLIENTE,0,Alto,0%,2,93,0,0,0,0,0,0,0,46,Propia,Posgrado
2.01408E+16,7435,Rechazada,PS1,Rechazado,MALO,0,,,,,0,RECIBOS DE NOMINA,#N/A,NO_CLIENTE,0,Alto,0%,3,93,0,0,0,0,0,0,0,45,Renta,Licenciatura
2.01408E+16,478,Rechazada,PS1,Rechazado,MALO,0,,,,,0,RECIBOS DE NOMINA,#N/A,NO_CLIENTE,0,Alto,0%,2,93,0,0,0,0,0,0,0,49,Renta,Preparatoria
2.01408E+16,306,Rechazada,PS1,Rechazado,MALO,0,,,,,0,RECIBOS DE NOMINA,#N/A,NO_CLIENTE,0,Alto,0%,1,93,0,0,0,0,0,21818,0,48,Hipoteca,Preparatoria
2.01408E+16,147,Rechazada,PS1,Rechazado,MALO,0,,,,,0,PROPIEDAD ACTIVO FIJO,#N/A,NO_CLIENTE,1,Alto,0%,2,93,0,0,0,0,0,0,0,55,Propia,Licenciatura
2.01408E+16,7769,Rechazada,PS1,Rechazado,MALO,0,,,,,0,RECIBOS DE NOMINA,#N/A,NO_CLIENTE,0,Alto,0%,3,93,0,0,0,0,0,0,0,27,Familiares,Licenciatura
2.01408E+16,7769,Rechazada,PS1,Rechazado,MALO,0,,,,,0,RECIBOS DE NOMINA,#N/A,NO_CLIENTE,0,Alto,0%,2,93,0,0,0,0,0,0,0,47,Familiares,Preparatoria
2.01408E+16,7616,Rechazada,PS1,Rechazado,MALO,0,,,,,0,PROPIEDAD ACTIVO FIJO,#N/A,NO_CLIENTE,0,Alto,0%,1,93,0,0,0,0,0,0,0,34,Renta,Preparatoria
2.01408E+16,7725,Rechazada,PS1,Rechazado,MALO,0,,,,,0,RECIBOS DE NOMINA,#N/A,NO_CLIENTE,0,Alto,0%,4,93,0,0,0,0,0,0,0,39,Hipoteca,Licenciatura
2.01408E+16,9152,Rechazada,PS1,Rechazado,MALO,0,,,,,0,RECIBOS DE NOMINA,#N/A,NO_CLIENTE,0,Alto,0%,3,93,0,0,0,0,0,0,0,49,Renta,Posgrado
2.01408E+16,8130,Rechazada,PS1,Rechazado,MALO,0,,,,,0,RECIBOS DE NOMINA,#N/A,NO_CLIENTE,0,Alto,0%,2,93,0,0,0,0,0,0,0,33,Renta,Licenciatura
2.01408E+16,713,Rechazada,PS1,Rechazado,MALO,0,,,,,0,RECIBOS DE NOMINA,#N/A,NO_CLIENTE,0,Alto,0%,3,93,0,0,0,0,0,0,0,37,Propia,Preparatoria
2.01408E+16,9749,Rechazada,PS1,Rechazado,MALO,0,,,,,0,PROPIEDAD ACTIVO FIJO,#N/A,NO_CLIENTE,19900,Alto,0%,4,93,0,1,19538,1420,0,1,0,33,Renta,Preparatoria
2.01408E+16,792,Rechazada,PS1,Rechazado,MALO,0,,,,,0,RECIBOS DE NOMINA,#N/A,NO_CLIENTE,0,Alto,0%,3,93,0,0,0,0,0,0,0,40,Hipoteca,Posgrado
2.01408E+16,118,Rechazada,PS1,Rechazado,MALO,0,,,,,0,PROPIEDAD ACTIVO FIJO,#N/A,NO_CLIENTE,25000,Alto,0%,3,93,0,1,26490,1610,0,11511,0,50,Hipoteca,Preparatoria
2.01408E+16,345,Rechazada,PS1,Rechazado,MALO,0,,,,,0,PROPIEDAD ACTIVO FIJO,#N/A,NO_CLIENTE,7000,Alto,0%,2,93,0,3,4874,820,0,0,0,50,Propia,Licenciatura
2.01408E+16,4510,Rechazada,PS1,Rechazado,MALO,0,,,,,0,PROPIEDAD ACTIVO FIJO,#N/A,NO_CLIENTE,0,Alto,0%,3,93,0,0,0,0,0,0,0,33,Familiares,Posgrado
2.01408E+16,985,Rechazada,PS1,Rechazado,MALO,0,,,,,0,PROPIEDAD ACTIVO FIJO,#N/A,NO_CLIENTE,0,Alto,0%,2,93,0,0,0,0,0,0,0,26,Propia,Preparatoria
2.01408E+16,268,Rechazada,PS1,Rechazado,MALO,0,,,,,0,RECIBOS DE NOMINA,#N/A,NO_CLIENTE,0,Alto,0%,1,93,0,0,0,0,0,11808,0,43,Propia,Posgrado
2.01408E+16,300,Rechazada,PS1,Rechazado,MALO,0,,,,,0,RECIBOS DE NOMINA,#N/A,NO_CLIENTE,0,Alto,0%,2,93,0,0,0,0,0,0,0,50,Renta,Preparatoria
2.01408E+16,4373,Rechazada,PS1,Rechazado,MALO,0,,,,,0,RECIBOS DE NOMINA,#N/A,NO_CLIENTE,0,Alto,0%,3,93,0,0,0,0,0,0,0,39,Propia,Posgrado
2.01408E+16,153,Rechazada,PS1,Rechazado,MALO,0,,,,,0,RECIBOS DE NOMINA,#N/A,NO_CLIENTE,0,Alto,0%,2,93,0,0,0,0,0,0,0,49,Renta,Posgrado
2.01408E+16,4880,Rechazada,PS1,Rechazado,MALO,0,,,,,0,RECIBOS DE NOMINA,#N/A,NO_CLIENTE,0,Alto,0%,1,93,0,0,0,0,0,0,0,31,Propia,Posgrado
2.01408E+16,4396,Rechazada,PS1,Rechazado,MALO,0,,,,,0,PROPIEDAD ACTIVO FIJO,#N/A,NO_CLIENTE,0,Alto,0%,4,93,0,0,0,0,0,0,0,29,Familiares,Preparatoria
2.01408E+16,707,Rechazada,PS1,Rechazado,MALO,0,,,,,0,PROPIEDAD ACTIVO FIJO,#N/A,NO_CLIENTE,28000,Alto,0%,3,93,0,1,18934,1860,0,0,0,27,Propia,Licenciatura
2.01408E+16,6554,Rechazada,PS1,Rechazado,MALO,0,,,,,0,RECIBOS DE NOMINA,#N/A,NO_CLIENTE,0,Alto,0%,2,93,0,0,0,0,0,0,0,50,Hipoteca,Preparatoria
2.01408E+16,9607,Rechazada,PS1,Rechazado,MALO,0,,,,,0,RECIBOS DE NOMINA,#N/A,NO_CLIENTE,0,Alto,0%,4,93,0,0,0,0,0,0,0,37,Renta,Preparatoria
2.01408E+16,4669,Rechazada,PS1,Rechazado,MALO,0,,,,,0,PROPIEDAD ACTIVO FIJO,#N/A,NO_CLIENTE,0,Alto,0%,5,93,0,0,0,0,0,0,0,45,Familiares,Posgrado
2.01408E+16,468,Rechazada,PS1,Rechazado,MALO,0,,,,,0,RECIBOS DE NOMINA,#N/A,NO_CLIENTE,0,Alto,0%,5,93,0,0,0,0,0,0,0,42,Familiares,Posgrado
2.01408E+16,369,Rechazada,PS1,Rechazado,MALO,0,,,,,0,PROPIEDAD ACTIVO FIJO,#N/A,NO_CLIENTE,31000,Alto,0%,4,93,0,0,15082,0,0,0,0,42,Propia,Preparatoria
2.01408E+16,7512,Rechazada,PS1,Rechazado,MALO,0,,,,,0,RECIBOS DE NOMINA,#N/A,NO_CLIENTE,0,Alto,0%,5,93,0,0,0,0,0,0,0,34,Propia,Posgrado
2.01408E+16,370,Rechazada,PS1,Rechazado,MALO,0,,,,,0,RECIBOS DE NOMINA,#N/A,NO_CLIENTE,0,Alto,0%,4,93,0,0,0,0,0,0,0,27,Propia,Preparatoria
2.01408E+16,4073,Rechazada,PS1,Rechazado,MALO,0,,,,,0,RECIBOS DE NOMINA,#N/A,NO_CLIENTE,0,Alto,0%,5,93,0,0,0,0,0,0,0,33,Hipoteca,Licenciatura
2.01408E+16,4330,Rechazada,PS1,Rechazado,MALO,0,,,,,0,RECIBOS DE NOMINA,#N/A,NO_CLIENTE,0,Alto,0%,5,93,0,0,0,0,0,0,0,43,Renta,Posgrado
2.01408E+16,528,Rechazada,PS1,Rechazado,MALO,0,,,,,0,RECIBOS DE NOMINA,#N/A,NO_CLIENTE,0,Alto,0%,4,93,0,0,0,0,0,0,0,35,Renta,Posgrado
2.01408E+16,748,Rechazada,PS1,Rechazado,MALO,0,,,,,0,RECIBOS DE NOMINA,#N/A,NO_CLIENTE,0,Alto,0%,5,93,0,0,0,0,0,0,0,55,Hipoteca,Preparatoria
2.01408E+16,4277,Rechazada,PS1,Rechazado,MALO,0,,,,,0,RECIBOS DE NOMINA,#N/A,NO_CLIENTE,0,Alto,0%,4,93,0,0,0,0,0,0,0,48,Hipoteca,Preparatoria
2.01408E+16,88,Rechazada,PS1,Rechazado,MALO,0,,,,,0,PROPIEDAD ACTIVO FIJO,#N/A,NO_CLIENTE,14000,Alto,0%,5,93,0,0,13511,0,0,0,0,45,Familiares,Posgrado
2.01407E+16,9233,En_proceso,CN0,Rechazado,MALO,0,,,,,0,RECIBOS DE NOMINA,Medio D,NO_CLIENTE,0,Alto,0%,5,93,0,0,0,0,0,0,0,52,Renta,Licenciatura
2.01406E+16,6579,Rechazada,CN0,Rechazado,MALO,0,,,,,0,RECIBOS DE NOMINA,Alto C,CLIENTE_BANCO,0,Alto,0%,4,93,0,19,44705,44705,0,0,0,25,Hipoteca,Licenciatura
2.0131E+16,185,Rechazada,CN0,Rechazado,MALO,0,,,,,12364,PROPIEDAD ACTIVO FIJO,Medio A,CLIENTE_BANCO,11000,Alto,0%,5,93,0,0,10399,0,0,3406,0,39,Hipoteca,Posgrado
2.01407E+16,7652,En_proceso,CN0,Rechazado,MALO,0,,,,,0,INVERSIONES,Medio B,NO_CLIENTE,0,Alto,0%,4,93,0,0,0,0,0,0,0,33,Hipoteca,Licenciatura
2.01407E+16,8024,Rechazada,CN0,Rechazado,MALO,0,,,,,0,INVERSIONES,Alto C,NO_CLIENTE,0,Alto,0%,5,93,0,0,0,0,0,0,0,32,Hipoteca,Preparatoria
2.01406E+16,197,Rechazada,CN0,Rechazado,MALO,0,,,,,13365,RECIBOS DE NOMINA,Medio B,NO_CLIENTE,0,Alto,0%,5,93,0,0,0,0,0,0,0,47,Hipoteca,Licenciatura
2.01406E+16,148,Rechazada,CN0,Rechazado,MALO,0,,,,,4310,RECIBOS DE NOMINA,Alto C,CLIENTE_BANCO,0,Alto,0%,4,93,0,0,3773,0,0,0,0,33,Hipoteca,Preparatoria
2.01406E+16,42,Rechazada,PS1,Rechazado,MALO,0,,,,,0,RECIBOS DE NOMINA,#N/A,NO_CLIENTE,0,Alto,0%,4,94,0,0,0,0,0,0,0,26,Propia,Preparatoria
2.01406E+16,690,Rechazada,PS1,Rechazado,MALO,0,,,,,0,RECIBOS DE NOMINA,#N/A,NO_CLIENTE,0,Alto,0%,5,94,0,0,111,0,0,0,0,38,Hipoteca,Preparatoria
2.01406E+16,7136,Rechazada,PS1,Rechazado,MALO,0,,,,,0,CTA NOMINA DIGITAL,#N/A,NO_CLIENTE,0,Alto,0%,5,94,0,0,0,0,0,0,0,43,Renta,Licenciatura
2.01406E+16,262,Rechazada,PS1,Rechazado,MALO,0,,,,,0,RECIBOS DE NOMINA,#N/A,NO_CLIENTE,0,Alto,0%,4,94,0,0,0,0,0,0,0,49,Propia,Posgrado
2.01406E+16,4718,Rechazada,PS1,Rechazado,MALO,0,,,,,0,RECIBOS DE NOMINA,#N/A,NO_CLIENTE,0,Alto,0%,5,94,0,0,0,0,0,0,0,35,Renta,Preparatoria
2.01406E+16,4332,Rechazada,PS1,Rechazado,MALO,0,,,,,0,RECIBOS DE NOMINA,#N/A,NO_CLIENTE,0,Alto,0%,4,94,0,0,0,0,0,0,0,27,Renta,Preparatoria
2.01406E+16,4181,Rechazada,PS1,Rechazado,MALO,0,,,,,0,PROPIEDAD ACTIVO FIJO,#N/A,NO_CLIENTE,0,Alto,0%,5,94,0,0,0,0,0,81427,0,57,Hipoteca,Preparatoria
2.01407E+16,4263,Rechazada,PS1,Rechazado,MALO,0,,,,,0,PROPIEDAD ACTIVO FIJO,#N/A,NO_CLIENTE,0,Alto,0%,5,94,0,0,0,0,0,0,0,58,Propia,Licenciatura
2.01407E+16,572,Rechazada,PS1,Rechazado,MALO,0,,,,,0,RECIBOS DE NOMINA,#N/A,NO_CLIENTE,0,Alto,0%,4,94,0,0,0,0,0,0,0,35,Hipoteca,Preparatoria
2.01407E+16,4697,Rechazada,PS1,Rechazado,MALO,0,,,,,0,RECIBOS DE NOMINA,#N/A,NO_CLIENTE,0,Alto,0%,4,94,0,0,0,0,0,0,0,51,Renta,Licenciatura
2.01407E+16,8175,Rechazada,PS1,Rechazado,MALO,0,,,,,0,RECIBOS DE NOMINA,#N/A,NO_CLIENTE,0,Alto,0%,5,94,0,0,0,0,0,0,0,25,Hipoteca,Licenciatura
2.01407E+16,4326,Rechazada,PS1,Rechazado,MALO,0,,,,,0,RECIBOS DE NOMINA,#N/A,NO_CLIENTE,0,Alto,0%,5,94,0,0,0,0,0,0,0,32,Renta,Licenciatura
2.01407E+16,8213,Rechazada,PS1,Rechazado,MALO,0,,,,,0,RECIBOS DE NOMINA,#N/A,NO_CLIENTE,0,Alto,0%,4,94,0,0,0,0,0,34853,0,51,Renta,Posgrado
2.01407E+16,9033,Rechazada,PS1,Rechazado,MALO,0,,,,,0,PROPIEDAD ACTIVO FIJO,#N/A,NO_CLIENTE,0,Alto,0%,5,94,0,1,27450,1390,0,0,0,49,Renta,Posgrado
2.01407E+16,131,Rechazada,PS1,Rechazado,MALO,0,,,,,0,RECIBOS DE NOMINA,#N/A,NO_CLIENTE,0,Alto,0%,4,94,0,0,0,0,0,0,0,26,Familiares,Posgrado
2.01407E+16,508,Rechazada,PS1,Rechazado,MALO,0,,,,,0,PROPIEDAD ACTIVO FIJO,#N/A,NO_CLIENTE,0,Alto,0%,5,94,0,0,0,0,0,0,0,27,Hipoteca,Posgrado
2.01407E+16,21,Rechazada,PS1,Rechazado,MALO,0,,,,,0,RECIBOS DE NOMINA,#N/A,NO_CLIENTE,0,Alto,0%,5,94,0,0,1411,0,0,0,0,54,Renta,Licenciatura
2.01407E+16,4333,Rechazada,PS1,Rechazado,MALO,0,,,,,0,INVERSIONES,#N/A,NO_CLIENTE,0,Alto,0%,4,94,0,0,0,0,0,0,0,37,Renta,Licenciatura
2.01407E+16,522,Rechazada,PS1,Rechazado,MALO,0,,,,,0,RECIBOS DE NOMINA,#N/A,NO_CLIENTE,0,Alto,0%,5,94,0,0,0,0,0,0,0,44,Familiares,Preparatoria
2.01407E+16,561,Rechazada,PS1,Rechazado,MALO,0,,,,,0,PROPIEDAD ACTIVO FIJO,#N/A,NO_CLIENTE,0,Alto,0%,4,94,0,3,37717,6880,0,26431,0,44,Familiares,Licenciatura
2.01407E+16,733,Rechazada,PS1,Rechazado,MALO,0,,,,,0,RECIBOS DE NOMINA,#N/A,NO_CLIENTE,0,Alto,0%,5,94,0,0,0,0,0,0,0,32,Familiares,Licenciatura
2.01407E+16,923,Rechazada,PS1,Rechazado,MALO,0,,,,,0,PROPIEDAD ACTIVO FIJO,#N/A,NO_CLIENTE,0,Alto,0%,5,94,0,1,26251,1420,0,67952,0,32,Renta,Licenciatura
2.01407E+16,4152,Rechazada,PS1,Rechazado,MALO,0,,,,,0,RECIBOS DE NOMINA,#N/A,NO_CLIENTE,0,Alto,0%,4,94,0,8,9203,6810,0,0,0,28,Propia,Preparatoria
2.01407E+16,8199,Rechazada,PS1,Rechazado,MALO,0,,,,,0,RECIBOS DE NOMINA,#N/A,NO_CLIENTE,0,Alto,0%,5,94,0,0,0,0,0,0,0,37,Propia,Preparatoria
2.01407E+16,722,Rechazada,PS1,Rechazado,MALO,0,,,,,0,RECIBOS DE NOMINA,#N/A,NO_CLIENTE,0,Alto,0%,4,94,0,0,0,0,0,0,0,50,Propia,Preparatoria
2.01407E+16,4766,Rechazada,PS1,Rechazado,MALO,0,,,,,0,PROPIEDAD ACTIVO FIJO,#N/A,NO_CLIENTE,0,Alto,0%,5,94,0,1,5001,2890,0,0,0,38,Hipoteca,Licenciatura
2.01407E+16,4,Rechazada,PS1,Rechazado,MALO,0,,,,,0,PROPIEDAD ACTIVO FIJO,#N/A,NO_CLIENTE,0,Alto,0%,5,94,0,0,0,0,0,0,0,30,Renta,Licenciatura
2.01407E+16,11,Rechazada,PS1,Rechazado,MALO,0,,,,,0,PROPIEDAD ACTIVO FIJO,#N/A,NO_CLIENTE,0,Alto,0%,4,94,0,0,0,0,0,0,0,39,Familiares,Preparatoria
2.01407E+16,547,Rechazada,PS1,Rechazado,MALO,0,,,,,0,PROPIEDAD ACTIVO FIJO,#N/A,NO_CLIENTE,0,Alto,0%,4,94,0,8,19134,19134,0,0,0,51,Propia,Preparatoria
2.01407E+16,4326,Rechazada,PS1,Rechazado,MALO,0,,,,,0,PROPIEDAD ACTIVO FIJO,#N/A,NO_CLIENTE,0,Alto,0%,5,94,0,0,0,0,0,0,0,52,Hipoteca,Posgrado
2.01407E+16,272,Rechazada,PS1,Rechazado,MALO,0,,,,,0,RECIBOS DE NOMINA,#N/A,NO_CLIENTE,0,Alto,0%,5,94,0,0,0,0,0,0,0,48,Familiares,Posgrado
2.01407E+16,4718,Rechazada,PS1,Rechazado,MALO,0,,,,,0,RECIBOS DE NOMINA,#N/A,NO_CLIENTE,0,Alto,0%,4,94,0,0,0,0,0,0,0,60,Propia,Posgrado
2.01407E+16,253,Rechazada,PS1,Rechazado,MALO,0,,,,,0,PROPIEDAD ACTIVO FIJO,#N/A,NO_CLIENTE,0,Alto,0%,5,94,0,0,0,0,0,0,0,30,Renta,Licenciatura
2.01407E+16,4250,Rechazada,PS1,Rechazado,MALO,0,,,,,0,RECIBOS DE NOMINA,#N/A,NO_CLIENTE,0,Alto,0%,4,94,0,0,0,0,0,0,0,30,Renta,Licenciatura
2.01407E+16,50012,Cancelada,PS1,Rechazado,MALO,0,,,,,0,SIN COMPROBANTE,#N/A,NO_CLIENTE,0,Alto,0%,5,94,0,0,0,0,0,0,0,36,Hipoteca,Posgrado
2.01407E+16,12011,Rechazada,PS1,Rechazado,MALO,0,,,,,0,PROPIEDAD ACTIVO FIJO,#N/A,NO_CLIENTE,0,Alto,0%,5,94,0,1,4523,660,0,0,0,58,Familiares,Preparatoria
2.01407E+16,7991,Cancelada,PS1,Rechazado,MALO,0,,,,,0,PROPIEDAD ACTIVO FIJO,#N/A,NO_CLIENTE,0,Alto,0%,4,94,0,0,0,0,0,0,0,28,Familiares,Posgrado
2.01407E+16,8001,Cancelada,PS1,Rechazado,MALO,0,,,,,0,SIN COMPROBANTE,#N/A,NO_CLIENTE,0,Alto,0%,3,94,0,0,0,0,0,0,0,29,Renta,Licenciatura
2.01407E+16,990,Rechazada,PS1,Rechazado,MALO,0,,,,,0,RECIBOS DE NOMINA,#N/A,NO_CLIENTE,0,Alto,0%,2,94,0,0,0,0,0,0,0,56,Familiares,Preparatoria
2.01407E+16,42,Rechazada,PS1,Rechazado,MALO,0,,,,,0,RECIBOS DE NOMINA,#N/A,NO_CLIENTE,0,Alto,0%,3,94,0,0,0,0,0,0,0,47,Familiares,Licenciatura
2.01407E+16,24027,Rechazada,PS1,Rechazado,MALO,0,,,,,0,RECIBOS DE NOMINA,#N/A,NO_CLIENTE,0,Alto,0%,4,94,0,0,0,0,0,0,0,45,Propia,Posgrado
2.01407E+16,7403,Rechazada,PS1,Rechazado,MALO,0,,,,,0,PROPIEDAD ACTIVO FIJO,#N/A,NO_CLIENTE,0,Alto,0%,3,94,0,0,347,0,0,0,0,46,Familiares,Preparatoria
2.01407E+16,4687,Rechazada,PS1,Rechazado,MALO,0,,,,,0,RECIBOS DE NOMINA,#N/A,NO_CLIENTE,0,Alto,0%,3,94,0,0,0,0,0,0,0,30,Familiares,Licenciatura
2.01407E+16,14031,Rechazada,PS1,Rechazado,MALO,0,,,,,0,PROPIEDAD ACTIVO FIJO,#N/A,NO_CLIENTE,0,Alto,0%,2,94,0,0,0,0,0,0,0,44,Renta,Licenciatura
2.01407E+16,19066,Rechazada,PS1,Rechazado,MALO,0,,,,,0,PROPIEDAD ACTIVO FIJO,#N/A,NO_CLIENTE,0,Alto,0%,3,94,0,0,0,0,0,0,0,41,Propia,Posgrado
2.01407E+16,990,Rechazada,PS1,Rechazado,MALO,0,,,,,0,PROPIEDAD ACTIVO FIJO,#N/A,NO_CLIENTE,0,Alto,0%,2,94,0,0,4888,0,0,0,0,35,Propia,Licenciatura
2.01407E+16,798,Rechazada,PS1,Rechazado,MALO,0,,,,,0,RECIBOS DE NOMINA,#N/A,NO_CLIENTE,0,Alto,0%,1,94,0,0,0,0,0,0,0,28,Familiares,Preparatoria
2.01407E+16,50002,Rechazada,PS1,Rechazado,MALO,0,,,,,0,SIN COMPROBANTE,#N/A,NO_CLIENTE,0,Alto,0%,2,94,0,0,0,0,0,0,0,47,Renta,Posgrado
2.01407E+16,478,Rechazada,PS1,Rechazado,MALO,0,,,,,0,PROPIEDAD ACTIVO FIJO,#N/A,NO_CLIENTE,0,Alto,0%,3,94,0,1,13003,1000,0,44988,0,32,Renta,Licenciatura
2.01407E+16,775,Rechazada,PS1,Rechazado,MALO,0,,,,,0,RECIBOS DE NOMINA,#N/A,NO_CLIENTE,0,Alto,0%,2,94,0,0,0,0,0,0,0,27,Propia,Preparatoria
2.01407E+16,4630,Rechazada,PS1,Rechazado,MALO,0,,,,,0,RECIBOS DE NOMINA,#N/A,NO_CLIENTE,0,Alto,0%,1,94,0,0,0,0,0,8982,0,49,Familiares,Licenciatura
2.01407E+16,909,Rechazada,PS1,Rechazado,MALO,0,,,,,0,PROPIEDAD ACTIVO FIJO,#N/A,NO_CLIENTE,0,Alto,0%,4,94,0,0,0,0,0,21476,0,32,Propia,Preparatoria
2.01407E+16,4465,Rechazada,PS1,Rechazado,MALO,0,,,,,0,PROPIEDAD ACTIVO FIJO,#N/A,NO_CLIENTE,0,Alto,0%,3,94,0,0,0,0,0,5412,0,52,Familiares,Preparatoria
2.01407E+16,948,Rechazada,PS1,Rechazado,MALO,0,,,,,0,PROPIEDAD ACTIVO FIJO,#N/A,NO_CLIENTE,0,Alto,0%,2,94,0,0,0,0,0,0,0,43,Hipoteca,Posgrado
2.01407E+16,289,Rechazada,PS1,Rechazado,MALO,0,,,,,0,PROPIEDAD ACTIVO FIJO,#N/A,NO_CLIENTE,0,Alto,0%,3,94,0,0,0,0,0,0,0,52,Familiares,Preparatoria
2.01407E+16,541,Rechazada,PS1,Rechazado,MALO,0,,,,,0,PROPIEDAD ACTIVO FIJO,#N/A,NO_CLIENTE,0,Alto,0%,4,94,0,0,0,0,0,0,0,45,Propia,Licenciatura
2.01407E+16,7178,Rechazada,PS1,Rechazado,MALO,0,,,,,0,PROPIEDAD ACTIVO FIJO,#N/A,NO_CLIENTE,0,Alto,0%,3,94,0,0,0,0,0,0,0,50,Renta,Preparatoria
2.01407E+16,4436,Rechazada,PS1,Rechazado,MALO,0,,,,,0,RECIBOS DE NOMINA,#N/A,NO_CLIENTE,0,Alto,0%,3,94,0,0,0,0,0,0,0,26,Familiares,Licenciatura
2.01407E+16,966,Rechazada,PS1,Rechazado,MALO,0,,,,,0,INVERSIONES,#N/A,NO_CLIENTE,0,Alto,0%,2,94,0,0,0,0,0,0,0,48,Hipoteca,Licenciatura
2.01407E+16,731,Rechazada,PS1,Rechazado,MALO,0,,,,,0,RECIBOS DE NOMINA,#N/A,NO_CLIENTE,0,Alto,0%,3,94,0,0,0,0,0,0,0,31,Familiares,Licenciatura
2.01407E+16,84,Rechazada,PS1,Rechazado,MALO,0,,,,,0,RECIBOS DE NOMINA,#N/A,NO_CLIENTE,0,Alto,0%,2,94,0,0,0,0,0,0,0,29,Hipoteca,Posgrado
2.01407E+16,4375,Rechazada,PS1,Rechazado,MALO,0,,,,,0,RECIBOS DE NOMINA,#N/A,NO_CLIENTE,0,Alto,0%,1,94,0,0,0,0,0,0,0,32,Familiares,Posgrado
2.01407E+16,968,Rechazada,PS1,Rechazado,MALO,0,,,,,0,PROPIEDAD ACTIVO FIJO,#N/A,NO_CLIENTE,0,Alto,0%,2,94,0,0,0,0,0,0,0,43,Renta,Preparatoria
2.01407E+16,4644,Rechazada,PS1,Rechazado,MALO,0,,,,,0,RECIBOS DE NOMINA,#N/A,NO_CLIENTE,0,Alto,0%,3,94,0,0,0,0,0,0,0,35,Propia,Posgrado
2.01407E+16,4277,Rechazada,PS1,Rechazado,MALO,0,,,,,0,RECIBOS DE NOMINA,#N/A,NO_CLIENTE,0,Alto,0%,2,94,0,0,0,0,0,0,0,29,Propia,Posgrado
2.01407E+16,310,Rechazada,PS1,Rechazado,MALO,0,,,,,0,RECIBOS DE NOMINA,#N/A,NO_CLIENTE,0,Alto,0%,1,94,0,0,0,0,0,0,0,54,Hipoteca,Licenciatura
2.01407E+16,7550,Rechazada,PS1,Rechazado,MALO,0,,,,,0,RECIBOS DE NOMINA,#N/A,NO_CLIENTE,0,Alto,0%,4,94,0,0,0,0,0,0,0,55,Propia,Licenciatura
2.01407E+16,243,Rechazada,PS1,Rechazado,MALO,0,,,,,0,PROPIEDAD ACTIVO FIJO,#N/A,NO_CLIENTE,0,Alto,0%,3,94,0,0,0,0,0,0,0,56,Familiares,Posgrado
2.01407E+16,4644,Rechazada,PS1,Rechazado,MALO,0,,,,,0,PROPIEDAD ACTIVO FIJO,#N/A,NO_CLIENTE,0,Alto,0%,2,94,0,1,1926,390,0,0,0,27,Familiares,Preparatoria
2.01407E+16,279,Rechazada,PS1,Rechazado,MALO,0,,,,,0,PROPIEDAD ACTIVO FIJO,#N/A,NO_CLIENTE,0,Alto,0%,3,94,0,0,0,0,0,0,0,54,Familiares,Preparatoria
2.01407E+16,7625,Rechazada,PS1,Rechazado,MALO,0,,,,,0,RECIBOS DE NOMINA,#N/A,NO_CLIENTE,0,Alto,0%,4,94,0,0,0,0,0,0,0,46,Renta,Licenciatura
2.01407E+16,673,Rechazada,PS1,Rechazado,MALO,0,,,,,0,PROPIEDAD ACTIVO FIJO,#N/A,NO_CLIENTE,0,Alto,0%,3,94,0,0,0,0,0,0,0,43,Hipoteca,Posgrado
2.01407E+16,781,Rechazada,PS1,Rechazado,MALO,0,,,,,0,RECIBOS DE NOMINA,#N/A,NO_CLIENTE,0,Alto,0%,3,94,0,0,0,0,0,0,0,47,Hipoteca,Licenciatura
2.01407E+16,626,Rechazada,PS1,Rechazado,MALO,0,,,,,0,PROPIEDAD ACTIVO FIJO,#N/A,NO_CLIENTE,0,Alto,0%,2,94,0,0,0,0,0,0,0,47,Hipoteca,Licenciatura
2.01407E+16,9147,Rechazada,PS1,Rechazado,MALO,0,,,,,0,RECIBOS DE NOMINA,#N/A,NO_CLIENTE,0,Alto,0%,3,94,0,0,0,0,0,0,0,52,Renta,Preparatoria
2.01407E+16,7131,Rechazada,PS1,Rechazado,MALO,0,,,,,0,RECIBOS DE NOMINA,#N/A,NO_CLIENTE,0,Alto,0%,2,94,0,0,0,0,0,0,0,28,Hipoteca,Licenciatura
2.01407E+16,9433,Rechazada,PS1,Rechazado,MALO,0,,,,,0,RECIBOS DE NOMINA,#N/A,NO_CLIENTE,0,Alto,0%,1,94,0,0,0,0,0,0,0,33,Hipoteca,Preparatoria
2.01407E+16,4749,Rechazada,PS1,Rechazado,MALO,0,,,,,0,RECIBOS DE NOMINA,#N/A,NO_CLIENTE,0,Alto,0%,2,94,0,0,0,0,0,0,0,56,Hipoteca,Posgrado
2.01407E+16,462,Rechazada,PS1,Rechazado,MALO,0,,,,,0,RECIBOS DE NOMINA,#N/A,NO_CLIENTE,0,Alto,0%,3,94,0,0,0,0,0,0,0,45,Renta,Licenciatura
2.01407E+16,508,Rechazada,PS1,Rechazado,MALO,0,,,,,0,RECIBOS DE NOMINA,#N/A,NO_CLIENTE,0,Alto,0%,2,94,0,0,0,0,0,0,0,29,Familiares,Preparatoria
2.01407E+16,4390,Rechazada,PS1,Rechazado,MALO,0,,,,,0,PROPIEDAD ACTIVO FIJO,#N/A,NO_CLIENTE,0,Alto,0%,1,94,0,0,20588,0,0,0,0,51,Familiares,Preparatoria
2.01407E+16,269,Rechazada,PS1,Rechazado,MALO,0,,,,,0,RECIBOS DE NOMINA,#N/A,NO_CLIENTE,0,Alto,0%,4,94,0,0,0,0,0,0,0,46,Renta,Preparatoria
2.01407E+16,9401,Rechazada,PS1,Rechazado,MALO,0,,,,,0,RECIBOS DE NOMINA,#N/A,NO_CLIENTE,0,Alto,0%,3,94,0,1,869,250,0,0,0,51,Hipoteca,Posgrado
2.01407E+16,4080,Rechazada,PS1,Rechazado,MALO,0,,,,,0,RECIBOS DE NOMINA,#N/A,NO_CLIENTE,0,Alto,0%,2,94,0,0,0,0,0,2412,0,31,Propia,Preparatoria
2.01407E+16,5187,Rechazada,PS1,Rechazado,MALO,0,,,,,0,RECIBOS DE NOMINA,#N/A,NO_CLIENTE,0,Alto,0%,3,94,0,0,0,0,0,0,0,49,Familiares,Preparatoria
2.01407E+16,6467,Rechazada,PS1,Rechazado,MALO,0,,,,,0,PROPIEDAD ACTIVO FIJO,#N/A,NO_CLIENTE,0,Alto,0%,4,94,0,0,2180,0,0,0,0,50,Hipoteca,Posgrado
2.01407E+16,520,Rechazada,PS1,Rechazado,MALO,0,,,,,0,RECIBOS DE NOMINA,#N/A,NO_CLIENTE,0,Alto,0%,3,94,0,0,0,0,0,0,0,47,Familiares,Licenciatura
2.01407E+16,435,Rechazada,PS1,Rechazado,MALO,0,,,,,0,PAGOS PROV SEMESTRALES PF,#N/A,NO_CLIENTE,0,Alto,0%,3,94,0,0,0,0,0,0,0,41,Familiares,Preparatoria
2.01407E+16,4580,Rechazada,PS1,Rechazado,MALO,0,,,,,0,PROPIEDAD ACTIVO FIJO,#N/A,NO_CLIENTE,0,Alto,0%,2,94,0,0,0,0,0,0,0,59,Propia,Licenciatura
2.01407E+16,9149,Rechazada,PS1,Rechazado,MALO,0,,,,,0,RECIBOS DE NOMINA,#N/A,NO_CLIENTE,0,Alto,0%,3,94,0,0,0,0,0,0,0,34,Familiares,Licenciatura
2.01408E+16,195,Rechazada,PS1,Rechazado,MALO,0,,,,,0,RECIBOS DE NOMINA,#N/A,NO_CLIENTE,0,Alto,0%,2,94,0,0,0,0,0,9350,0,27,Hipoteca,Posgrado
2.01408E+16,733,Rechazada,PS1,Rechazado,MALO,0,,,,,0,RECIBOS DE NOMINA,#N/A,NO_CLIENTE,0,Alto,0%,1,94,0,0,0,0,0,0,0,37,Propia,Licenciatura
2.01408E+16,4663,Rechazada,PS1,Rechazado,MALO,0,,,,,0,PROPIEDAD ACTIVO FIJO,#N/A,NO_CLIENTE,0,Alto,0%,2,94,0,0,0,0,0,0,0,33,Hipoteca,Licenciatura
2.01408E+16,2,Rechazada,PS1,Rechazado,MALO,0,,,,,0,PROPIEDAD ACTIVO FIJO,#N/A,NO_CLIENTE,0,Alto,0%,3,94,0,0,0,0,0,0,0,42,Familiares,Posgrado
2.01408E+16,4291,Rechazada,PS1,Rechazado,MALO,0,,,,,0,RECIBOS DE NOMINA,#N/A,NO_CLIENTE,0,Alto,0%,2,94,0,0,0,0,0,0,0,28,Renta,Posgrado
2.01408E+16,8217,Rechazada,PS1,Rechazado,MALO,0,,,,,0,PROPIEDAD ACTIVO FIJO,#N/A,NO_CLIENTE,0,Alto,0%,1,94,0,1,4118,250,0,34864,0,34,Hipoteca,Posgrado
2.01408E+16,580,Rechazada,PS1,Rechazado,MALO,0,,,,,0,PROPIEDAD ACTIVO FIJO,#N/A,NO_CLIENTE,0,Alto,0%,4,94,0,0,0,0,0,0,0,55,Renta,Licenciatura
2.01408E+16,311,Rechazada,PS1,Rechazado,MALO,0,,,,,0,RECIBOS DE NOMINA,#N/A,NO_CLIENTE,0,Alto,0%,3,94,0,0,0,0,0,0,0,38,Hipoteca,Posgrado
2.01408E+16,148,Rechazada,PS1,Rechazado,MALO,0,,,,,0,RECIBOS DE NOMINA,#N/A,NO_CLIENTE,0,Alto,0%,2,94,0,0,0,0,0,0,0,44,Renta,Posgrado
2.01408E+16,4415,Rechazada,PS1,Rechazado,MALO,0,,,,,0,PROPIEDAD ACTIVO FIJO,#N/A,NO_CLIENTE,0,Alto,0%,3,94,0,0,0,0,0,0,0,45,Familiares,Posgrado
2.01408E+16,4357,Rechazada,PS1,Rechazado,MALO,0,,,,,0,RECIBOS DE NOMINA,#N/A,NO_CLIENTE,0,Alto,0%,4,94,0,0,3893,0,0,0,0,56,Propia,Licenciatura
2.01408E+16,673,Rechazada,PS1,Rechazado,MALO,0,,,,,0,PROPIEDAD ACTIVO FIJO,#N/A,NO_CLIENTE,0,Alto,0%,3,94,0,0,0,0,0,4541,0,26,Renta,Preparatoria
2.01408E+16,112,Rechazada,PS1,Rechazado,MALO,0,,,,,0,RECIBOS DE NOMINA,#N/A,NO_CLIENTE,0,Alto,0%,3,94,0,0,0,0,0,37997,0,51,Familiares,Preparatoria
2.01408E+16,4364,Rechazada,PS1,Rechazado,MALO,0,,,,,0,RECIBOS DE NOMINA,#N/A,NO_CLIENTE,0,Alto,0%,2,94,0,0,0,0,0,0,0,42,Familiares,Licenciatura
2.01408E+16,169,Rechazada,PS1,Rechazado,MALO,0,,,,,0,RECIBOS DE NOMINA,#N/A,NO_CLIENTE,0,Alto,0%,3,94,0,0,0,0,0,0,0,26,Familiares,Licenciatura
2.01408E+16,125,Rechazada,PS1,Rechazado,MALO,0,,,,,0,RECIBOS DE NOMINA,#N/A,NO_CLIENTE,0,Alto,0%,2,94,0,0,0,0,0,0,0,33,Familiares,Posgrado
2.01408E+16,690,Rechazada,PS1,Rechazado,MALO,0,,,,,0,PROPIEDAD ACTIVO FIJO,#N/A,NO_CLIENTE,39000,Alto,0%,1,94,0,0,34062,0,0,0,0,44,Familiares,Posgrado
2.01408E+16,557,Rechazada,PS1,Rechazado,MALO,0,,,,,0,RECIBOS DE NOMINA,#N/A,NO_CLIENTE,0,Alto,0%,2,94,0,0,0,0,0,0,0,58,Propia,Preparatoria
2.01408E+16,673,Rechazada,PS1,Rechazado,MALO,0,,,,,0,PROPIEDAD ACTIVO FIJO,#N/A,NO_CLIENTE,16500,Alto,0%,3,94,0,1,2320,250,0,0,0,25,Renta,Licenciatura
2.01408E+16,124,Rechazada,PS1,Rechazado,MALO,0,,,,,0,RECIBOS DE NOMINA,#N/A,NO_CLIENTE,0,Alto,0%,2,94,0,0,0,0,0,0,0,39,Renta,Preparatoria
2.01408E+16,124,Rechazada,PS1,Rechazado,MALO,0,,,,,0,RECIBOS DE NOMINA,#N/A,NO_CLIENTE,0,Alto,0%,1,94,0,0,0,0,0,0,0,54,Propia,Preparatoria
2.01408E+16,7684,En_proceso,PS1,Rechazado,MALO,0,,,,,0,RECIBOS DE NOMINA,#N/A,NO_CLIENTE,0,Alto,0%,4,94,0,0,0,0,0,0,0,57,Propia,Posgrado
2.01408E+16,801,Rechazada,PS1,Rechazado,MALO,0,,,,,0,PROPIEDAD ACTIVO FIJO,#N/A,NO_CLIENTE,3000,Alto,0%,3,94,0,0,0,0,0,0,0,34,Renta,Licenciatura
2.01408E+16,4364,Rechazada,PS1,Rechazado,MALO,0,,,,,0,RECIBOS DE NOMINA,#N/A,NO_CLIENTE,0,Alto,0%,2,94,0,0,0,0,0,12811,0,45,Renta,Preparatoria
2.01408E+16,8156,Rechazada,PS1,Rechazado,MALO,0,,,,,0,PROPIEDAD ACTIVO FIJO,#N/A,NO_CLIENTE,0,Alto,0%,3,94,0,0,0,0,0,0,0,49,Propia,Posgrado
2.01408E+16,8175,Rechazada,PS1,Rechazado,MALO,0,,,,,0,PROPIEDAD ACTIVO FIJO,#N/A,NO_CLIENTE,0,Alto,0%,4,94,0,8,6774,6774,0,0,0,39,Familiares,Licenciatura
2.01408E+16,8175,Rechazada,PS1,Rechazado,MALO,0,,,,,0,CTA NOMINA DIGITAL,#N/A,NO_CLIENTE,68000,Alto,0%,3,94,0,1,42981,2580,0,125887,0,48,Hipoteca,Posgrado
2.01408E+16,5308,Rechazada,PS1,Rechazado,MALO,0,,,,,0,RECIBOS DE NOMINA,#N/A,NO_CLIENTE,0,Alto,0%,3,94,0,0,0,0,0,0,0,47,Hipoteca,Licenciatura
2.01408E+16,600,Rechazada,PS1,Rechazado,MALO,0,,,,,0,PROPIEDAD ACTIVO FIJO,#N/A,NO_CLIENTE,10400,Alto,0%,2,94,0,1,2488,250,0,0,0,47,Familiares,Posgrado
2.01408E+16,6560,Rechazada,PS1,Rechazado,MALO,0,,,,,0,PROPIEDAD ACTIVO FIJO,#N/A,NO_CLIENTE,18004,Alto,0%,3,94,0,0,16379,0,0,35524,0,37,Familiares,Licenciatura
2.01408E+16,9308,Rechazada,PS1,Rechazado,MALO,0,,,,,0,PROPIEDAD ACTIVO FIJO,#N/A,NO_CLIENTE,0,Alto,0%,2,94,0,0,0,0,0,0,0,30,Hipoteca,Posgrado
2.01408E+16,471,Rechazada,PS1,Rechazado,MALO,0,,,,,0,RECIBOS DE NOMINA,#N/A,NO_CLIENTE,0,Alto,0%,1,94,0,0,0,0,0,0,0,28,Familiares,Posgrado
2.01408E+16,7571,En_proceso,PS1,Rechazado,MALO,0,,,,,0,RECIBOS DE NOMINA,#N/A,NO_CLIENTE,0,Alto,0%,2,94,0,0,0,0,0,0,0,52,Renta,Licenciatura
2.01408E+16,7918,Rechazada,PS1,Rechazado,MALO,0,,,,,0,RECIBOS DE NOMINA,#N/A,NO_CLIENTE,7900,Alto,0%,3,94,0,1,2477,250,0,0,0,57,Renta,Licenciatura
2.01408E+16,7618,Rechazada,PS1,Rechazado,MALO,0,,,,,0,RECIBOS DE NOMINA,#N/A,NO_CLIENTE,0,Alto,0%,2,94,0,0,0,0,0,0,0,32,Renta,Preparatoria
2.01408E+16,7991,Rechazada,PS1,Rechazado,MALO,0,,,,,0,RECIBOS DE NOMINA,#N/A,NO_CLIENTE,0,Alto,0%,1,94,0,0,0,0,0,0,0,38,Hipoteca,Posgrado
2.01408E+16,9150,Rechazada,PS1,Rechazado,MALO,0,,,,,0,RECIBOS DE NOMINA,#N/A,NO_CLIENTE,0,Alto,0%,4,94,0,0,0,0,0,0,0,48,Propia,Preparatoria
2.01408E+16,8164,Rechazada,PS1,Rechazado,MALO,0,,,,,0,PROPIEDAD ACTIVO FIJO,#N/A,NO_CLIENTE,0,Alto,0%,3,94,0,0,0,0,0,0,0,55,Renta,Secundaria
2.01408E+16,7618,Rechazada,PS1,Rechazado,MALO,0,,,,,0,RECIBOS DE NOMINA,#N/A,NO_CLIENTE,0,Alto,0%,2,94,0,0,0,0,0,0,0,60,Hipoteca,Licenciatura
2.01408E+16,10007,Rechazada,PS1,Rechazado,MALO,0,,,,,0,RECIBOS DE NOMINA,#N/A,NO_CLIENTE,0,Alto,0%,3,94,0,0,0,0,0,0,0,53,Propia,Posgrado
2.01408E+16,10019,Rechazada,PS1,Rechazado,MALO,0,,,,,0,PROPIEDAD ACTIVO FIJO,#N/A,NO_CLIENTE,0,Alto,0%,4,94,0,0,0,0,0,0,0,50,Familiares,Preparatoria
2.01408E+16,8167,Rechazada,PS1,Rechazado,MALO,0,,,,,0,PROPIEDAD ACTIVO FIJO,#N/A,NO_CLIENTE,0,Alto,0%,3,94,0,0,0,0,0,0,0,50,Familiares,Preparatoria
2.01408E+16,7797,Rechazada,PS1,Rechazado,MALO,0,,,,,0,RECIBOS DE NOMINA,#N/A,NO_CLIENTE,0,Alto,0%,3,94,0,0,0,0,0,0,0,27,Propia,Preparatoria
2.01408E+16,18036,Rechazada,PS1,Rechazado,MALO,0,,,,,0,RECIBOS DE NOMINA,#N/A,NO_CLIENTE,0,Alto,0%,2,94,0,0,0,0,0,0,0,38,Propia,Posgrado
2.01408E+16,7799,Rechazada,PS1,Rechazado,MALO,0,,,,,0,RECIBOS DE NOMINA,#N/A,NO_CLIENTE,0,Alto,0%,3,94,0,0,0,0,0,0,0,42,Renta,Preparatoria
2.01408E+16,9041,Rechazada,PS1,Rechazado,MALO,0,,,,,0,RECIBOS DE NOMINA,#N/A,NO_CLIENTE,0,Alto,0%,2,94,0,0,0,0,0,0,0,45,Hipoteca,Licenciatura
2.01408E+16,7588,Rechazada,PS1,Rechazado,MALO,0,,,,,0,PROPIEDAD ACTIVO FIJO,#N/A,NO_CLIENTE,0,Alto,0%,1,94,0,0,0,0,0,0,0,25,Propia,Preparatoria
2.01408E+16,9152,Rechazada,PS1,Rechazado,MALO,0,,,,,0,RECIBOS DE NOMINA,#N/A,NO_CLIENTE,0,Alto,0%,2,94,0,0,0,0,0,67995,0,59,Renta,Posgrado
2.01408E+16,5751,Rechazada,PS1,Rechazado,MALO,0,,,,,0,PROPIEDAD ACTIVO FIJO,#N/A,NO_CLIENTE,0,Alto,0%,3,94,0,0,0,0,0,0,0,26,Hipoteca,Preparatoria
2.01408E+16,9175,Rechazada,PS1,Rechazado,MALO,0,,,,,0,RECIBOS DE NOMINA,#N/A,NO_CLIENTE,0,Alto,0%,2,94,0,0,0,0,0,0,0,45,Hipoteca,Preparatoria
2.01408E+16,5751,Rechazada,PS1,Rechazado,MALO,0,,,,,0,PROPIEDAD ACTIVO FIJO,#N/A,NO_CLIENTE,0,Alto,0%,1,94,0,0,0,0,0,0,0,34,Renta,Licenciatura
2.01408E+16,5339,Rechazada,PS1,Rechazado,MALO,0,,,,,0,PROPIEDAD ACTIVO FIJO,#N/A,NO_CLIENTE,0,Alto,0%,4,94,0,0,0,0,0,0,0,31,Renta,Preparatoria
2.01408E+16,7727,Rechazada,PS1,Rechazado,MALO,0,,,,,0,RECIBOS DE NOMINA,#N/A,NO_CLIENTE,0,Alto,0%,3,94,0,0,0,0,0,0,0,34,Renta,Preparatoria
2.01408E+16,8126,Rechazada,PS1,Rechazado,MALO,0,,,,,0,PROPIEDAD ACTIVO FIJO,#N/A,NO_CLIENTE,0,Alto,0%,2,94,0,0,0,0,0,0,0,46,Hipoteca,Licenciatura
2.01408E+16,7588,Rechazada,PS1,Rechazado,MALO,0,,,,,0,RECIBOS DE NOMINA,#N/A,NO_CLIENTE,0,Alto,0%,3,94,0,0,0,0,0,0,0,47,Familiares,Secundaria
2.01408E+16,8131,En_proceso,PS1,Rechazado,MALO,0,,,,,0,PROPIEDAD ACTIVO FIJO,#N/A,NO_CLIENTE,0,Alto,0%,4,94,0,0,0,0,0,0,0,26,Hipoteca,Licenciatura
2.01408E+16,9226,Rechazada,PS1,Rechazado,MALO,0,,,,,0,PROPIEDAD ACTIVO FIJO,#N/A,NO_CLIENTE,0,Alto,0%,3,94,0,0,0,0,0,0,0,55,Renta,Posgrado
2.01408E+16,9165,Rechazada,PS1,Rechazado,MALO,0,,,,,0,PROPIEDAD ACTIVO FIJO,#N/A,NO_CLIENTE,10500,Alto,0%,3,94,0,1,5837,390,0,0,0,48,Renta,Preparatoria
2.01408E+16,163,Rechazada,PS1,Rechazado,MALO,0,,,,,0,RECIBOS DE NOMINA,#N/A,NO_CLIENTE,0,Alto,0%,2,94,0,0,0,0,0,11789,0,39,Familiares,Licenciatura
2.01408E+16,437,Rechazada,PS1,Rechazado,MALO,0,,,,,0,RECIBOS DE NOMINA,#N/A,NO_CLIENTE,0,Alto,0%,3,94,0,0,0,0,0,0,0,39,Hipoteca,Preparatoria
2.01408E+16,4082,Rechazada,PS1,Rechazado,MALO,0,,,,,0,RECIBOS DE NOMINA,#N/A,NO_CLIENTE,0,Alto,0%,2,94,0,0,0,0,0,0,0,39,Propia,Preparatoria
2.01408E+16,4393,Rechazada,PS1,Rechazado,MALO,0,,,,,0,RECIBOS DE NOMINA,#N/A,NO_CLIENTE,0,Alto,0%,1,94,0,0,0,0,0,0,0,37,Hipoteca,Posgrado
2.01408E+16,136,Rechazada,PS1,Rechazado,MALO,0,,,,,0,PAGOS PROV SEMESTRALES PF,#N/A,NO_CLIENTE,0,Alto,0%,2,94,0,0,0,0,0,12415,0,57,Familiares,Preparatoria
2.01408E+16,460,Rechazada,PS1,Rechazado,MALO,0,,,,,0,RECIBOS DE NOMINA,#N/A,NO_CLIENTE,0,Alto,0%,3,94,0,0,0,0,0,0,0,44,Propia,Licenciatura
2.01408E+16,208,Rechazada,PS1,Rechazado,MALO,0,,,,,0,RECIBOS DE NOMINA,#N/A,NO_CLIENTE,0,Alto,0%,2,94,0,8,4076,4076,0,0,0,47,Propia,Posgrado
2.01408E+16,7395,Rechazada,PS1,Rechazado,MALO,0,,,,,0,RECIBOS DE NOMINA,#N/A,NO_CLIENTE,0,Alto,0%,1,94,0,0,0,0,0,0,0,60,Propia,Licenciatura
2.01408E+16,512,Rechazada,PS1,Rechazado,MALO,0,,,,,0,RECIBOS DE NOMINA,#N/A,NO_CLIENTE,0,Alto,0%,4,94,0,0,0,0,0,29612,0,58,Propia,Posgrado
2.01408E+16,796,Rechazada,PS1,Rechazado,MALO,0,,,,,0,PROPIEDAD ACTIVO FIJO,#N/A,NO_CLIENTE,0,Alto,0%,3,94,0,0,0,0,0,0,0,41,Hipoteca,Posgrado
2.01408E+16,474,Rechazada,PS1,Rechazado,MALO,0,,,,,0,RECIBOS DE NOMINA,#N/A,NO_CLIENTE,0,Alto,0%,2,94,0,0,0,0,0,0,0,40,Familiares,Preparatoria
2.01408E+16,7505,Rechazada,PS1,Rechazado,MALO,0,,,,,0,PROPIEDAD ACTIVO FIJO,#N/A,NO_CLIENTE,0,Alto,0%,3,94,0,0,0,0,0,0,0,58,Familiares,Posgrado
2.01408E+16,163,Rechazada,PS1,Rechazado,MALO,0,,,,,0,PROPIEDAD ACTIVO FIJO,#N/A,NO_CLIENTE,5004,Alto,0%,4,94,0,0,5206,0,0,0,0,57,Hipoteca,Preparatoria
2.01408E+16,546,Rechazada,PS1,Rechazado,MALO,0,,,,,0,RECIBOS DE NOMINA,#N/A,NO_CLIENTE,0,Alto,0%,3,94,0,0,0,0,0,0,0,57,Familiares,Preparatoria
2.01408E+16,4667,Rechazada,PS1,Rechazado,MALO,0,,,,,0,PROPIEDAD ACTIVO FIJO,#N/A,NO_CLIENTE,0,Alto,0%,3,94,0,0,0,0,0,0,0,30,Propia,Licenciatura
2.01408E+16,693,Rechazada,PS1,Rechazado,MALO,0,,,,,0,PROPIEDAD ACTIVO FIJO,#N/A,NO_CLIENTE,167700,Alto,0%,2,94,0,1,91723,1930,0,107631,0,32,Propia,Posgrado
2.01408E+16,329,Rechazada,PS1,Rechazado,MALO,0,,,,,0,PROPIEDAD ACTIVO FIJO,#N/A,NO_CLIENTE,0,Alto,0%,3,94,0,0,0,0,0,0,0,29,Propia,Posgrado
2.01408E+16,197,Rechazada,PS1,Rechazado,MALO,0,,,,,0,RECIBOS DE NOMINA,#N/A,NO_CLIENTE,0,Alto,0%,2,94,0,8,71894,71894,0,0,0,45,Propia,Preparatoria
2.01408E+16,181,Rechazada,PS1,Rechazado,MALO,0,,,,,0,RECIBOS DE NOMINA,#N/A,NO_CLIENTE,0,Alto,0%,4,94,0,0,0,0,0,20155,0,29,Hipoteca,Licenciatura
2.01408E+16,123,Rechazada,PS1,Rechazado,MALO,0,,,,,0,RECIBOS DE NOMINA,#N/A,NO_CLIENTE,0,Alto,0%,5,94,0,0,0,0,0,0,0,33,Renta,Posgrado
2.01408E+16,7788,Rechazada,PS1,Rechazado,MALO,0,,,,,0,RECIBOS DE NOMINA,#N/A,NO_CLIENTE,19500,Alto,0%,5,94,0,1,1483,300,0,5484,0,38,Familiares,Preparatoria
2.01408E+16,8126,Rechazada,PS1,Rechazado,MALO,0,,,,,0,PROPIEDAD ACTIVO FIJO,#N/A,NO_CLIENTE,0,Alto,0%,4,94,0,0,0,0,0,0,0,25,Renta,Posgrado
2.01408E+16,9160,Rechazada,PS1,Rechazado,MALO,0,,,,,0,PROPIEDAD ACTIVO FIJO,#N/A,NO_CLIENTE,0,Alto,0%,5,94,0,0,0,0,0,0,0,46,Renta,Licenciatura
2.01408E+16,678,Rechazada,PS1,Rechazado,MALO,0,,,,,0,PROPIEDAD ACTIVO FIJO,#N/A,NO_CLIENTE,37500,Alto,0%,4,94,0,0,10492,0,0,0,0,28,Hipoteca,Posgrado
2.01408E+16,5147,Rechazada,PS1,Rechazado,MALO,0,,,,,0,RECIBOS DE NOMINA,#N/A,NO_CLIENTE,0,Alto,0%,5,94,0,0,0,0,0,0,0,38,Familiares,Preparatoria
2.01408E+16,5147,Rechazada,PS1,Rechazado,MALO,0,,,,,0,RECIBOS DE NOMINA,#N/A,NO_CLIENTE,3000,Alto,0%,5,94,0,1,3176,250,0,0,0,36,Propia,Licenciatura
2.01408E+16,5147,Rechazada,PS1,Rechazado,MALO,0,,,,,0,RECIBOS DE NOMINA,#N/A,NO_CLIENTE,0,Alto,0%,4,94,0,0,0,0,0,0,0,53,Renta,Posgrado
2.01408E+16,9032,Rechazada,PS1,Rechazado,MALO,0,,,,,0,DECLARACION ANUAL PFAE,#N/A,NO_CLIENTE,0,Alto,0%,5,94,0,0,0,0,0,0,0,56,Propia,Preparatoria
2.01408E+16,181,Rechazada,PS1,Rechazado,MALO,0,,,,,0,RECIBOS DE NOMINA,#N/A,NO_CLIENTE,0,Alto,0%,4,94,0,0,0,0,0,0,0,33,Renta,Licenciatura
2.01408E+16,4272,Rechazada,PS1,Rechazado,MALO,0,,,,,0,RECIBOS DE NOMINA,#N/A,NO_CLIENTE,0,Alto,0%,5,94,0,0,0,0,0,0,0,60,Renta,Licenciatura
2.01408E+16,506,Rechazada,PS1,Rechazado,MALO,0,,,,,0,RECIBOS DE NOMINA,#N/A,NO_CLIENTE,0,Alto,0%,5,94,0,0,0,0,0,0,0,25,Hipoteca,Preparatoria
2.01408E+16,197,Rechazada,PS1,Rechazado,MALO,0,,,,,0,RECIBOS DE NOMINA,#N/A,NO_CLIENTE,24200,Alto,0%,4,94,0,1,26660,1700,0,7029,0,33,Renta,Posgrado
2.01408E+16,5196,Rechazada,PS1,Rechazado,MALO,0,,,,,0,RECIBOS DE NOMINA,#N/A,NO_CLIENTE,0,Alto,0%,5,94,0,0,0,0,0,0,0,32,Familiares,Licenciatura
2.01408E+16,194,Rechazada,PS1,Rechazado,MALO,0,,,,,0,RECIBOS DE NOMINA,#N/A,NO_CLIENTE,0,Alto,0%,4,94,0,0,0,0,0,9394,0,41,Propia,Licenciatura
2.01408E+16,4153,Rechazada,PS1,Rechazado,MALO,0,,,,,0,RECIBOS DE NOMINA,#N/A,NO_CLIENTE,0,Alto,0%,5,94,0,0,0,0,0,0,0,37,Hipoteca,Preparatoria
2.01408E+16,184,Rechazada,PS1,Rechazado,MALO,0,,,,,0,RECIBOS DE NOMINA,#N/A,NO_CLIENTE,18000,Alto,0%,5,94,0,1,17366,1070,0,0,0,26,Familiares,Preparatoria
2.01408E+16,4073,Rechazada,PS1,Rechazado,MALO,0,,,,,0,PROPIEDAD ACTIVO FIJO,#N/A,NO_CLIENTE,0,Alto,0%,4,94,0,0,0,0,0,0,0,41,Familiares,Posgrado
2.01408E+16,7130,Rechazada,PS1,Rechazado,MALO,0,,,,,0,PROPIEDAD ACTIVO FIJO,#N/A,NO_CLIENTE,39600,Alto,0%,4,94,0,0,29280,0,0,200848,1,49,Familiares,Posgrado
2.01408E+16,4866,Rechazada,PS1,Rechazado,MALO,0,,,,,0,RECIBOS DE NOMINA,#N/A,NO_CLIENTE,0,Alto,0%,5,94,0,0,0,0,0,0,0,41,Familiares,Preparatoria
2.01408E+16,449,Rechazada,PS1,Rechazado,MALO,0,,,,,0,CTA NOMINA DIGITAL,#N/A,NO_CLIENTE,0,Alto,0%,5,94,0,0,0,0,0,0,0,30,Renta,Posgrado
2.01408E+16,336,Rechazada,PS1,Rechazado,MALO,0,,,,,0,PROPIEDAD ACTIVO FIJO,#N/A,NO_CLIENTE,0,Alto,0%,4,94,0,0,0,0,0,0,0,35,Hipoteca,Preparatoria
2.01408E+16,593,Rechazada,PS1,Rechazado,MALO,0,,,,,0,PROPIEDAD ACTIVO FIJO,#N/A,NO_CLIENTE,0,Alto,0%,5,94,0,0,0,0,0,29133,0,38,Renta,Licenciatura
2.01408E+16,586,Rechazada,PS1,Rechazado,MALO,0,,,,,0,RECIBOS DE NOMINA,#N/A,NO_CLIENTE,0,Alto,0%,4,94,0,0,0,0,0,0,0,52,Familiares,Licenciatura
2.01408E+16,257,Rechazada,PS1,Rechazado,MALO,0,,,,,0,PROPIEDAD ACTIVO FIJO,#N/A,NO_CLIENTE,0,Alto,0%,5,94,0,0,0,0,0,0,0,48,Renta,Preparatoria
2.01408E+16,713,Rechazada,PS1,Rechazado,MALO,0,,,,,0,RECIBOS DE NOMINA,#N/A,NO_CLIENTE,0,Alto,0%,5,94,0,0,0,0,0,0,0,40,Familiares,Licenciatura
2.01408E+16,465,Rechazada,PS1,Rechazado,MALO,0,,,,,0,RECIBOS DE NOMINA,#N/A,NO_CLIENTE,0,Alto,0%,4,94,0,0,0,0,0,0,0,60,Familiares,Posgrado
2.01408E+16,4376,Rechazada,PS1,Rechazado,MALO,0,,,,,0,RECIBOS DE NOMINA,#N/A,NO_CLIENTE,0,Alto,0%,4,94,0,0,0,0,0,0,0,47,Propia,Posgrado
2.01408E+16,279,Rechazada,PS1,Rechazado,MALO,0,,,,,0,RECIBOS DE NOMINA,#N/A,NO_CLIENTE,0,Alto,0%,5,94,0,0,0,0,0,0,0,55,Renta,Preparatoria
2.01408E+16,185,Rechazada,PS1,Rechazado,MALO,0,,,,,0,RECIBOS DE NOMINA,#N/A,NO_CLIENTE,0,Alto,0%,5,94,0,0,0,0,0,0,0,38,Renta,Posgrado
2.01408E+16,447,Rechazada,PS1,Rechazado,MALO,0,,,,,0,RECIBOS DE NOMINA,#N/A,NO_CLIENTE,15,Alto,0%,4,94,0,0,0,0,0,0,0,52,Hipoteca,Posgrado
2.01408E+16,4463,Rechazada,PS1,Rechazado,MALO,0,,,,,0,PROPIEDAD ACTIVO FIJO,#N/A,NO_CLIENTE,0,Alto,0%,5,94,0,0,0,0,0,0,0,48,Propia,Secundaria
2.01408E+16,4344,Rechazada,PS1,Rechazado,MALO,0,,,,,0,RECIBOS DE NOMINA,#N/A,NO_CLIENTE,0,Alto,0%,4,94,0,0,0,0,0,0,0,39,Renta,Posgrado
2.01408E+16,920,Rechazada,PS1,Rechazado,MALO,0,,,,,0,RECIBOS DE NOMINA,#N/A,NO_CLIENTE,0,Alto,0%,5,94,0,0,0,0,0,0,0,45,Renta,Preparatoria
2.01408E+16,959,Rechazada,PS1,Rechazado,MALO,0,,,,,0,RECIBOS DE NOMINA,#N/A,NO_CLIENTE,0,Alto,0%,5,94,0,0,0,0,0,8167,0,47,Familiares,Posgrado
2.01406E+16,4779,Rechazada,CN0,Rechazado,MALO,0,,,,,15955,RECIBOS DE NOMINA,Medio B,NO_CLIENTE,0,Alto,0%,4,94,0,0,0,0,0,0,0,51,Familiares,Preparatoria
2.01407E+16,5111,En_proceso,CN0,Rechazado,MALO,0,,,,,0,RECIBOS DE NOMINA,Medio D,NO_CLIENTE,0,Alto,0%,5,94,0,0,0,0,0,0,0,41,Renta,Licenciatura
2.01406E+16,102,Rechazada,CN0,Rechazado,MALO,0,,,,,9606,PROPIEDAD ACTIVO FIJO,Medio B,NO_CLIENTE,0,Alto,0%,4,94,0,0,0,0,0,0,0,27,Propia,Preparatoria
2.01407E+16,7919,En_proceso,CN0,Rechazado,MALO,0,,,,,0,RECIBOS DE NOMINA,Alto C,NO_CLIENTE,0,Alto,0%,5,94,0,0,0,0,0,0,0,51,Propia,Licenciatura
2.01406E+16,305,Rechazada,CN0,Rechazado,MALO,0,,,,,6250,PROPIEDAD ACTIVO FIJO,Medio A,CLIENTE_BANCO,5004,Alto,0%,5,94,0,0,4366,0,0,0,0,35,Familiares,Posgrado
2.01406E+16,506,Rechazada,CN0,Rechazado,MALO,0,,,,,0,RECIBOS DE NOMINA,Alto C,NO_CLIENTE,0,Alto,0%,4,94,0,0,0,0,0,0,0,38,Propia,Posgrado
2.01408E+16,4424,Rechazada,CN0,Rechazado,MALO,0,,,,,38448,RECIBOS DE NOMINA,Alto B,CLIENTE_BANCO,0,Alto,0%,5,94,0,0,0,0,0,0,0,41,Familiares,Preparatoria
2.01406E+16,4430,Rechazada,PS1,Rechazado,MALO,0,,,,,0,INVERSIONES,#N/A,NO_CLIENTE,0,Alto,0%,4,95,0,0,0,0,0,0,0,40,Familiares,Preparatoria
2.01406E+16,755,Cancelada,PS1,Rechazado,MALO,0,,,,,0,RECIBOS DE NOMINA,#N/A,NO_CLIENTE,0,Alto,0%,5,95,0,1,51434,620,0,33860,0,31,Renta,Preparatoria
2.01406E+16,4476,Rechazada,PS1,Rechazado,MALO,0,,,,,0,PROPIEDAD ACTIVO FIJO,#N/A,NO_CLIENTE,0,Alto,0%,5,95,0,0,0,0,0,0,0,29,Propia,Licenciatura
2.01406E+16,911,Rechazada,PS1,Rechazado,MALO,0,,,,,0,RECIBOS DE NOMINA,#N/A,NO_CLIENTE,0,Alto,0%,4,95,0,1,23685,520,0,3039,0,49,Renta,Licenciatura
2.01406E+16,162,Rechazada,PS1,Rechazado,MALO,0,,,,,0,RECIBOS DE NOMINA,#N/A,NO_CLIENTE,0,Alto,0%,4,95,0,0,0,0,0,0,0,43,Hipoteca,Licenciatura
2.01406E+16,607,Rechazada,PS1,Rechazado,MALO,0,,,,,0,PROPIEDAD ACTIVO FIJO,#N/A,NO_CLIENTE,0,Alto,0%,5,95,0,0,0,0,0,0,0,33,Familiares,Preparatoria
2.01406E+16,4,Rechazada,PS1,Rechazado,MALO,0,,,,,0,PROPIEDAD ACTIVO FIJO,#N/A,NO_CLIENTE,0,Alto,0%,5,95,0,0,4042,0,0,0,0,54,Renta,Licenciatura
2.01407E+16,828,Rechazada,PS1,Rechazado,MALO,0,,,,,0,PROPIEDAD ACTIVO FIJO,#N/A,NO_CLIENTE,0,Alto,0%,4,95,0,1,37859,1520,0,0,0,44,Renta,Licenciatura
2.01407E+16,274,Rechazada,PS1,Rechazado,MALO,0,,,,,0,PROPIEDAD ACTIVO FIJO,#N/A,NO_CLIENTE,0,Alto,0%,5,95,0,0,0,0,0,0,0,45,Renta,Licenciatura
2.01407E+16,702,Rechazada,PS1,Rechazado,MALO,0,,,,,0,RECIBOS DE NOMINA,#N/A,NO_CLIENTE,0,Alto,0%,4,95,0,0,0,0,0,0,0,40,Renta,Posgrado
2.01407E+16,358,Rechazada,PS1,Rechazado,MALO,0,,,,,0,RECIBOS DE NOMINA,#N/A,NO_CLIENTE,0,Alto,0%,5,95,0,1,19162,1240,0,102922,0,34,Hipoteca,Preparatoria
2.01407E+16,4413,Rechazada,PS1,Rechazado,MALO,0,,,,,0,RECIBOS DE NOMINA,#N/A,NO_CLIENTE,0,Alto,0%,5,95,0,1,64773,2460,0,28372,0,49,Renta,Licenciatura
2.01407E+16,815,Rechazada,PS1,Rechazado,MALO,0,,,,,0,PROPIEDAD ACTIVO FIJO,#N/A,NO_CLIENTE,0,Alto,0%,4,95,0,1,4882,250,0,0,0,53,Propia,Preparatoria
2.01407E+16,133,Rechazada,PS1,Rechazado,MALO,0,,,,,0,PROPIEDAD ACTIVO FIJO,#N/A,NO_CLIENTE,0,Alto,0%,3,95,0,0,9494,0,0,0,0,27,Propia,Licenciatura
2.01407E+16,604,Rechazada,PS1,Rechazado,MALO,0,,,,,0,PROPIEDAD ACTIVO FIJO,#N/A,NO_CLIENTE,0,Alto,0%,2,95,0,1,32621,2170,0,0,0,47,Renta,Posgrado
2.01407E+16,4277,Rechazada,PS1,Rechazado,MALO,0,,,,,0,RECIBOS DE NOMINA,#N/A,NO_CLIENTE,0,Alto,0%,3,95,0,0,0,0,0,0,0,26,Propia,Posgrado
2.01407E+16,739,Rechazada,PS1,Rechazado,MALO,0,,,,,0,RECIBOS DE NOMINA,#N/A,NO_CLIENTE,0,Alto,0%,4,95,0,0,0,0,0,0,0,41,Familiares,Posgrado
2.01407E+16,164,Rechazada,PS1,Rechazado,MALO,0,,,,,0,RECIBOS DE NOMINA,#N/A,NO_CLIENTE,0,Alto,0%,3,95,0,0,0,0,0,0,0,44,Familiares,Posgrado
2.01407E+16,4600,Rechazada,PS1,Rechazado,MALO,0,,,,,0,RECIBOS DE NOMINA,#N/A,NO_CLIENTE,0,Alto,0%,3,95,0,0,0,0,0,0,0,51,Familiares,Posgrado
2.01407E+16,561,Rechazada,PS1,Rechazado,MALO,0,,,,,0,PAGOS PROV SEMESTRALES PF,#N/A,NO_CLIENTE,0,Alto,0%,2,95,0,0,0,0,0,0,0,52,Familiares,Preparatoria
2.01407E+16,269,Rechazada,PS1,Rechazado,MALO,0,,,,,0,RECIBOS DE NOMINA,#N/A,NO_CLIENTE,0,Alto,0%,3,95,0,0,0,0,0,0,0,48,Hipoteca,Posgrado
2.01407E+16,7416,Rechazada,PS1,Rechazado,MALO,0,,,,,0,RECIBOS DE NOMINA,#N/A,NO_CLIENTE,0,Alto,0%,2,95,0,0,0,0,0,0,0,45,Propia,Preparatoria
2.01407E+16,4152,Rechazada,PS1,Rechazado,MALO,0,,,,,0,RECIBOS DE NOMINA,#N/A,NO_CLIENTE,0,Alto,0%,1,95,0,0,0,0,0,0,0,46,Hipoteca,Preparatoria
2.01407E+16,648,Rechazada,PS1,Rechazado,MALO,0,,,,,0,PROPIEDAD ACTIVO FIJO,#N/A,NO_CLIENTE,0,Alto,0%,2,95,0,1,10546,589,0,0,0,58,Hipoteca,Licenciatura
2.01407E+16,396,Rechazada,PS1,Rechazado,MALO,0,,,,,0,RECIBOS DE NOMINA,#N/A,NO_CLIENTE,0,Alto,0%,3,95,0,0,0,0,0,0,0,25,Familiares,Preparatoria
2.01407E+16,733,Rechazada,PS1,Rechazado,MALO,0,,,,,0,PROPIEDAD ACTIVO FIJO,#N/A,NO_CLIENTE,0,Alto,0%,2,95,0,0,0,0,0,0,0,32,Renta,Posgrado
2.01407E+16,624,Rechazada,PS1,Rechazado,MALO,0,,,,,0,PROPIEDAD ACTIVO FIJO,#N/A,NO_CLIENTE,0,Alto,0%,1,95,0,0,48997,0,0,88700,0,48,Hipoteca,Preparatoria
2.01407E+16,7989,Rechazada,PS1,Rechazado,MALO,0,,,,,0,PROPIEDAD ACTIVO FIJO,#N/A,NO_CLIENTE,0,Alto,0%,4,95,0,0,3355,0,0,0,0,31,Propia,Posgrado
2.01407E+16,4184,Rechazada,PS1,Rechazado,MALO,0,,,,,0,RECIBOS DE NOMINA,#N/A,NO_CLIENTE,0,Alto,0%,3,95,0,0,0,0,0,0,0,39,Propia,Licenciatura
2.01407E+16,4876,Rechazada,PS1,Rechazado,MALO,0,,,,,0,PROPIEDAD ACTIVO FIJO,#N/A,NO_CLIENTE,0,Alto,0%,2,95,0,0,0,0,0,0,0,47,Propia,Licenciatura
2.01407E+16,780,Rechazada,PS1,Rechazado,MALO,0,,,,,0,RECIBOS DE NOMINA,#N/A,NO_CLIENTE,0,Alto,0%,3,95,0,0,0,0,0,29259,0,30,Familiares,Licenciatura
2.01407E+16,785,Rechazada,PS1,Rechazado,MALO,0,,,,,0,RECIBOS DE NOMINA,#N/A,NO_CLIENTE,0,Alto,0%,4,95,0,0,0,0,0,0,0,54,Renta,Licenciatura
2.01407E+16,9639,Rechazada,PS1,Rechazado,MALO,0,,,,,0,PROPIEDAD ACTIVO FIJO,#N/A,NO_CLIENTE,0,Alto,0%,3,95,0,0,0,0,0,0,0,59,Hipoteca,Posgrado
2.01407E+16,18037,Cancelada,PS1,Rechazado,MALO,0,,,,,0,RECIBOS DE NOMINA,#N/A,NO_CLIENTE,0,Alto,0%,3,95,0,0,0,0,0,0,0,25,Familiares,Preparatoria
2.01407E+16,50012,Cancelada,PS1,Rechazado,MALO,0,,,,,0,SIN COMPROBANTE,#N/A,NO_CLIENTE,0,Alto,0%,2,95,0,0,0,0,0,0,0,38,Familiares,Posgrado
2.01407E+16,4441,Rechazada,PS1,Rechazado,MALO,0,,,,,0,PROPIEDAD ACTIVO FIJO,#N/A,NO_CLIENTE,0,Alto,0%,3,95,0,0,0,0,0,0,0,51,Propia,Licenciatura
2.01407E+16,7763,Cancelada,PS1,Rechazado,MALO,0,,,,,0,PROPIEDAD ACTIVO FIJO,#N/A,NO_CLIENTE,0,Alto,0%,2,95,0,0,0,0,0,0,0,55,Propia,Posgrado
2.01407E+16,269,Rechazada,PS1,Rechazado,MALO,0,,,,,0,RECIBOS DE NOMINA,#N/A,NO_CLIENTE,0,Alto,0%,1,95,0,0,0,0,0,0,0,56,Familiares,Licenciatura
2.01407E+16,419,Cancelada,PS1,Rechazado,MALO,0,,,,,0,RECIBOS DE NOMINA,#N/A,NO_CLIENTE,0,Alto,0%,2,95,0,0,0,0,0,0,0,34,Hipoteca,Preparatoria
2.01407E+16,483,Rechazada,PS1,Rechazado,MALO,0,,,,,0,PROPIEDAD ACTIVO FIJO,#N/A,NO_CLIENTE,0,Alto,0%,3,95,0,0,0,0,0,0,0,32,Renta,Posgrado
2.01407E+16,965,Rechazada,PS1,Rechazado,MALO,0,,,,,0,RECIBOS DE NOMINA,#N/A,NO_CLIENTE,0,Alto,0%,2,95,0,0,0,0,0,0,0,51,Propia,Posgrado
2.01407E+16,4357,Rechazada,PS1,Rechazado,MALO,0,,,,,0,RECIBOS DE NOMINA,#N/A,NO_CLIENTE,0,Alto,0%,1,95,0,0,0,0,0,33613,0,26,Familiares,Preparatoria
2.01407E+16,220,Rechazada,PS1,Rechazado,MALO,0,,,,,0,RECIBOS DE NOMINA,#N/A,NO_CLIENTE,0,Alto,0%,4,95,0,0,0,0,0,0,0,55,Renta,Preparatoria
2.01407E+16,547,Rechazada,PS1,Rechazado,MALO,0,,,,,0,PROPIEDAD ACTIVO FIJO,#N/A,NO_CLIENTE,0,Alto,0%,3,95,0,0,0,0,0,0,0,59,Hipoteca,Posgrado
2.01407E+16,18008,Rechazada,PS1,Rechazado,MALO,0,,,,,0,RECIBOS DE NOMINA,#N/A,NO_CLIENTE,0,Alto,0%,2,95,0,0,0,0,0,0,0,46,Propia,Secundaria
2.01407E+16,14013,Rechazada,PS1,Rechazado,MALO,0,,,,,0,RECIBOS DE NOMINA,#N/A,NO_CLIENTE,0,Alto,0%,3,95,0,0,0,0,0,0,0,34,Propia,Posgrado
2.01407E+16,7138,Rechazada,PS1,Rechazado,MALO,0,,,,,0,RECIBOS DE NOMINA,#N/A,NO_CLIENTE,0,Alto,0%,4,95,0,0,0,0,0,0,0,50,Propia,Preparatoria
2.01407E+16,383,Rechazada,PS1,Rechazado,MALO,0,,,,,0,RECIBOS DE NOMINA,#N/A,NO_CLIENTE,0,Alto,0%,3,95,0,0,0,0,0,18697,0,59,Propia,Posgrado
2.01407E+16,383,Rechazada,PS1,Rechazado,MALO,0,,,,,0,PROPIEDAD ACTIVO FIJO,#N/A,NO_CLIENTE,0,Alto,0%,3,95,0,1,927,250,0,0,0,41,Propia,Posgrado
2.01407E+16,4319,Rechazada,PS1,Rechazado,MALO,0,,,,,0,PROPIEDAD ACTIVO FIJO,#N/A,NO_CLIENTE,0,Alto,0%,2,95,0,0,0,0,0,0,0,49,Familiares,Posgrado
2.01407E+16,801,Rechazada,PS1,Rechazado,MALO,0,,,,,0,PROPIEDAD ACTIVO FIJO,#N/A,NO_CLIENTE,0,Alto,0%,3,95,0,0,0,0,0,61854,0,26,Propia,Preparatoria
2.01407E+16,486,Rechazada,PS1,Rechazado,MALO,0,,,,,0,RECIBOS DE NOMINA,#N/A,NO_CLIENTE,0,Alto,0%,2,95,0,1,2146,250,0,0,0,51,Hipoteca,Posgrado
2.01407E+16,390,Rechazada,PS1,Rechazado,MALO,0,,,,,0,RECIBOS DE NOMINA,#N/A,NO_CLIENTE,0,Alto,0%,1,95,0,0,0,0,0,0,0,46,Renta,Posgrado
2.01407E+16,4782,Rechazada,PS1,Rechazado,MALO,0,,,,,0,RECIBOS DE NOMINA,#N/A,NO_CLIENTE,0,Alto,0%,2,95,0,0,0,0,0,0,0,39,Propia,Preparatoria
2.01407E+16,4083,Rechazada,PS1,Rechazado,MALO,0,,,,,0,PAGOS PROV SEMESTRALES PF,#N/A,NO_CLIENTE,0,Alto,0%,3,95,0,0,0,0,0,0,0,56,Hipoteca,Preparatoria
2.01407E+16,755,Rechazada,PS1,Rechazado,MALO,0,,,,,0,PROPIEDAD ACTIVO FIJO,#N/A,NO_CLIENTE,0,Alto,0%,2,95,0,0,0,0,0,0,0,30,Renta,Preparatoria
2.01407E+16,733,Rechazada,PS1,Rechazado,MALO,0,,,,,0,RECIBOS DE NOMINA,#N/A,NO_CLIENTE,0,Alto,0%,1,95,0,0,0,0,0,0,0,54,Propia,Preparatoria
2.01407E+16,658,Rechazada,PS1,Rechazado,MALO,0,,,,,0,PROPIEDAD ACTIVO FIJO,#N/A,NO_CLIENTE,0,Alto,0%,4,95,0,0,0,0,0,1853,0,44,Familiares,Preparatoria
2.01407E+16,319,Rechazada,PS1,Rechazado,MALO,0,,,,,0,RECIBOS DE NOMINA,#N/A,NO_CLIENTE,0,Alto,0%,3,95,0,0,0,0,0,0,0,32,Propia,Preparatoria
2.01407E+16,879,Rechazada,PS1,Rechazado,MALO,0,,,,,0,RECIBOS DE NOMINA,#N/A,NO_CLIENTE,0,Alto,0%,2,95,0,0,0,0,0,136305,0,48,Familiares,Posgrado
2.01407E+16,4440,Rechazada,PS1,Rechazado,MALO,0,,,,,0,RECIBOS DE NOMINA,#N/A,NO_CLIENTE,0,Alto,0%,3,95,0,0,0,0,0,0,0,25,Propia,Posgrado
2.01407E+16,289,Rechazada,PS1,Rechazado,MALO,0,,,,,0,RECIBOS DE NOMINA,#N/A,NO_CLIENTE,0,Alto,0%,4,95,0,0,0,0,0,12666,0,42,Hipoteca,Preparatoria
2.01407E+16,277,Rechazada,PS1,Rechazado,MALO,0,,,,,0,RECIBOS DE NOMINA,#N/A,NO_CLIENTE,0,Alto,0%,3,95,0,0,0,0,0,0,0,48,Familiares,Preparatoria
2.01407E+16,277,Rechazada,PS1,Rechazado,MALO,0,,,,,0,RECIBOS DE NOMINA,#N/A,NO_CLIENTE,0,Alto,0%,3,95,0,0,0,0,0,0,0,34,Familiares,Posgrado
2.01407E+16,4266,Rechazada,PS1,Rechazado,MALO,0,,,,,0,RECIBOS DE NOMINA,#N/A,NO_CLIENTE,0,Alto,0%,2,95,0,0,0,0,0,0,0,37,Familiares,Preparatoria
2.01407E+16,6467,Rechazada,PS1,Rechazado,MALO,0,,,,,0,RECIBOS DE NOMINA,#N/A,NO_CLIENTE,0,Alto,0%,3,95,0,0,0,0,0,0,0,57,Hipoteca,Preparatoria
2.01407E+16,380,En_proceso,PS1,Rechazado,MALO,0,,,,,0,PROPIEDAD ACTIVO FIJO,#N/A,NO_CLIENTE,0,Alto,0%,2,95,0,0,0,0,0,0,0,58,Hipoteca,Posgrado
2.01407E+16,4207,Rechazada,PS1,Rechazado,MALO,0,,,,,0,PROPIEDAD ACTIVO FIJO,#N/A,NO_CLIENTE,0,Alto,0%,1,95,0,0,0,0,0,0,0,58,Renta,Posgrado
2.01407E+16,198,Rechazada,PS1,Rechazado,MALO,0,,,,,0,RECIBOS DE NOMINA,#N/A,NO_CLIENTE,0,Alto,0%,2,95,0,0,0,0,0,0,0,55,Familiares,Posgrado
2.01407E+16,973,Rechazada,PS1,Rechazado,MALO,0,,,,,0,PROPIEDAD ACTIVO FIJO,#N/A,NO_CLIENTE,0,Alto,0%,3,95,0,1,12354,790,0,0,0,40,Propia,Licenciatura
2.01407E+16,7912,Rechazada,PS1,Rechazado,MALO,0,,,,,0,PROPIEDAD ACTIVO FIJO,#N/A,NO_CLIENTE,0,Alto,0%,2,95,0,0,0,0,0,0,0,43,Renta,Licenciatura
2.01407E+16,4357,Rechazada,PS1,Rechazado,MALO,0,,,,,0,RECIBOS DE NOMINA,#N/A,NO_CLIENTE,0,Alto,0%,1,95,0,1,1565,380,0,0,0,38,Renta,Licenciatura
2.01407E+16,112,Rechazada,PS1,Rechazado,MALO,0,,,,,0,RECIBOS DE NOMINA,#N/A,NO_CLIENTE,0,Alto,0%,4,95,0,0,0,0,0,0,0,41,Renta,Posgrado
2.01407E+16,109,Rechazada,PS1,Rechazado,MALO,0,,,,,0,PROPIEDAD ACTIVO FIJO,#N/A,NO_CLIENTE,0,Alto,0%,3,95,0,1,46524,2640,0,0,0,42,Familiares,Preparatoria
2.01407E+16,4635,Rechazada,PS1,Rechazado,MALO,0,,,,,0,RECIBOS DE NOMINA,#N/A,NO_CLIENTE,0,Alto,0%,2,95,0,0,0,0,0,0,0,49,Propia,Preparatoria
2.01407E+16,277,Rechazada,PS1,Rechazado,MALO,0,,,,,0,RECIBOS DE NOMINA,#N/A,NO_CLIENTE,0,Alto,0%,3,95,0,0,0,0,0,0,0,37,Hipoteca,Preparatoria
2.01407E+16,478,Rechazada,PS1,Rechazado,MALO,0,,,,,0,CTA NOMINA DIGITAL,#N/A,NO_CLIENTE,0,Alto,0%,4,95,0,0,0,0,0,0,0,40,Propia,Posgrado
2.01407E+16,951,Rechazada,PS1,Rechazado,MALO,0,,,,,0,RECIBOS DE NOMINA,#N/A,NO_CLIENTE,0,Alto,0%,3,95,0,0,0,0,0,0,0,31,Familiares,Posgrado
2.01407E+16,308,Rechazada,PS1,Rechazado,MALO,0,,,,,0,RECIBOS DE NOMINA,#N/A,NO_CLIENTE,0,Alto,0%,3,95,0,0,0,0,0,0,0,38,Familiares,Preparatoria
2.01407E+16,4221,Rechazada,PS1,Rechazado,MALO,0,,,,,0,PROPIEDAD ACTIVO FIJO,#N/A,NO_CLIENTE,0,Alto,0%,2,95,0,0,2562,0,0,3993,0,50,Propia,Licenciatura
2.01407E+16,920,Rechazada,PS1,Rechazado,MALO,0,,,,,0,RECIBOS DE NOMINA,#N/A,NO_CLIENTE,0,Alto,0%,3,95,0,0,0,0,0,0,0,58,Hipoteca,Posgrado
2.01407E+16,7797,Rechazada,PS1,Rechazado,MALO,0,,,,,0,RECIBOS DE NOMINA,#N/A,NO_CLIENTE,0,Alto,0%,2,95,0,0,0,0,0,0,0,37,Hipoteca,Preparatoria
2.01407E+16,568,Rechazada,PS1,Rechazado,MALO,0,,,,,0,PROPIEDAD ACTIVO FIJO,#N/A,NO_CLIENTE,0,Alto,0%,1,95,0,1,21160,540,0,52457,0,53,Propia,Posgrado
2.01407E+16,965,Rechazada,PS1,Rechazado,MALO,0,,,,,0,PROPIEDAD ACTIVO FIJO,#N/A,NO_CLIENTE,0,Alto,0%,2,95,0,0,0,0,0,0,0,33,Propia,Preparatoria
2.01407E+16,4080,Rechazada,PS1,Rechazado,MALO,0,,,,,0,RECIBOS DE NOMINA,#N/A,NO_CLIENTE,0,Alto,0%,3,95,0,0,0,0,0,102234,0,53,Renta,Posgrado
2.01407E+16,4096,Rechazada,PS1,Rechazado,MALO,0,,,,,0,PAGOS PROV SEMESTRALES PF,#N/A,NO_CLIENTE,0,Alto,0%,2,95,0,0,0,0,0,0,0,25,Hipoteca,Preparatoria
2.01407E+16,60,Rechazada,PS1,Rechazado,MALO,0,,,,,0,RECIBOS DE NOMINA,#N/A,NO_CLIENTE,0,Alto,0%,1,95,0,0,9703,0,0,131062,0,44,Propia,Posgrado
2.01407E+16,4160,Rechazada,PS1,Rechazado,MALO,0,,,,,0,PROPIEDAD ACTIVO FIJO,#N/A,NO_CLIENTE,0,Alto,0%,4,95,0,0,0,0,0,0,0,60,Propia,Licenciatura
2.01407E+16,607,Rechazada,PS1,Rechazado,MALO,0,,,,,0,RECIBOS DE NOMINA,#N/A,NO_CLIENTE,0,Alto,0%,3,95,0,0,0,0,0,0,0,47,Propia,Posgrado
2.01408E+16,4474,Rechazada,PS1,Rechazado,MALO,0,,,,,0,PROPIEDAD ACTIVO FIJO,#N/A,NO_CLIENTE,0,Alto,0%,2,95,0,1,60532,6900,0,227093,0,53,Propia,Preparatoria
2.01408E+16,568,Rechazada,PS1,Rechazado,MALO,0,,,,,0,PROPIEDAD ACTIVO FIJO,#N/A,NO_CLIENTE,0,Alto,0%,3,95,0,0,0,0,0,0,0,39,Propia,Preparatoria
2.01408E+16,267,Rechazada,PS1,Rechazado,MALO,0,,,,,0,PROPIEDAD ACTIVO FIJO,#N/A,NO_CLIENTE,0,Alto,0%,4,95,0,0,0,0,0,0,0,60,Familiares,Posgrado
2.01408E+16,126,Rechazada,PS1,Rechazado,MALO,0,,,,,0,RECIBOS DE NOMINA,#N/A,NO_CLIENTE,0,Alto,0%,3,95,0,0,0,0,0,0,0,42,Propia,Posgrado
2.01408E+16,370,Rechazada,PS1,Rechazado,MALO,0,,,,,0,RECIBOS DE NOMINA,#N/A,NO_CLIENTE,0,Alto,0%,3,95,0,0,0,0,0,0,0,29,Familiares,Licenciatura
2.01408E+16,7625,Rechazada,PS1,Rechazado,MALO,0,,,,,0,RECIBOS DE NOMINA,#N/A,NO_CLIENTE,0,Alto,0%,2,95,0,0,0,0,0,0,0,54,Renta,Posgrado
2.01408E+16,178,Rechazada,PS1,Rechazado,MALO,0,,,,,0,RECIBOS DE NOMINA,#N/A,NO_CLIENTE,0,Alto,0%,3,95,0,0,0,0,0,0,0,60,Hipoteca,Licenciatura
2.01408E+16,4631,Rechazada,PS1,Rechazado,MALO,0,,,,,0,RECIBOS DE NOMINA,#N/A,NO_CLIENTE,0,Alto,0%,2,95,0,0,0,0,0,0,0,57,Familiares,Licenciatura
2.01408E+16,4498,Rechazada,PS1,Rechazado,MALO,0,,,,,0,PROPIEDAD ACTIVO FIJO,#N/A,NO_CLIENTE,0,Alto,0%,1,95,0,0,0,0,0,12923,0,42,Hipoteca,Preparatoria
2.01408E+16,121,Rechazada,PS1,Rechazado,MALO,0,,,,,0,PROPIEDAD ACTIVO FIJO,#N/A,NO_CLIENTE,0,Alto,0%,2,95,0,1,1562,250,0,0,0,31,Propia,Preparatoria
2.01408E+16,918,Rechazada,PS1,Rechazado,MALO,0,,,,,0,RECIBOS DE NOMINA,#N/A,NO_CLIENTE,0,Alto,0%,3,95,0,0,0,0,0,0,0,52,Familiares,Posgrado
2.01408E+16,4400,Rechazada,PS1,Rechazado,MALO,0,,,,,0,PROPIEDAD ACTIVO FIJO,#N/A,NO_CLIENTE,0,Alto,0%,2,95,0,1,41487,2490,0,0,0,30,Hipoteca,Preparatoria
2.01408E+16,617,Rechazada,PS1,Rechazado,MALO,0,,,,,0,RECIBOS DE NOMINA,#N/A,NO_CLIENTE,0,Alto,0%,1,95,0,0,0,0,0,0,0,57,Familiares,Licenciatura
2.01408E+16,711,Rechazada,PS1,Rechazado,MALO,0,,,,,0,RECIBOS DE NOMINA,#N/A,NO_CLIENTE,26000,Alto,0%,4,95,0,0,0,0,0,0,0,34,Hipoteca,Licenciatura
2.01408E+16,239,Rechazada,PS1,Rechazado,MALO,0,,,,,0,RECIBOS DE NOMINA,#N/A,NO_CLIENTE,0,Alto,0%,3,95,0,0,0,0,0,3083,0,27,Familiares,Posgrado
2.01408E+16,461,Rechazada,PS1,Rechazado,MALO,0,,,,,0,RECIBOS DE NOMINA,#N/A,NO_CLIENTE,0,Alto,0%,2,95,0,0,0,0,0,5832,0,58,Propia,Licenciatura
2.01408E+16,4644,Rechazada,PS1,Rechazado,MALO,0,,,,,0,PROPIEDAD ACTIVO FIJO,#N/A,NO_CLIENTE,0,Alto,0%,3,95,0,0,0,0,0,0,0,37,Renta,Preparatoria
2.01408E+16,7743,Rechazada,PS1,Rechazado,MALO,0,,,,,0,RECIBOS DE NOMINA,#N/A,NO_CLIENTE,0,Alto,0%,4,95,0,0,0,0,0,0,0,52,Hipoteca,Licenciatura
2.01408E+16,572,Rechazada,PS1,Rechazado,MALO,0,,,,,0,RECIBOS DE NOMINA,#N/A,NO_CLIENTE,0,Alto,0%,3,95,0,0,0,0,0,0,0,37,Renta,Posgrado
2.01408E+16,7998,Rechazada,PS1,Rechazado,MALO,0,,,,,0,RECIBOS DE NOMINA,#N/A,NO_CLIENTE,0,Alto,0%,3,95,0,0,0,0,0,0,0,48,Renta,Preparatoria
2.01408E+16,500,Rechazada,PS1,Rechazado,MALO,0,,,,,0,RECIBOS DE NOMINA,#N/A,NO_CLIENTE,0,Alto,0%,2,95,0,0,0,0,0,0,0,55,Familiares,Posgrado
2.01408E+16,11753,Rechazada,PS1,Rechazado,MALO,0,,,,,0,RECIBOS DE NOMINA,#N/A,NO_CLIENTE,134800,Alto,0%,3,95,0,2,57682,3630,0,0,0,48,Propia,Licenciatura
2.01408E+16,36,Rechazada,PS1,Rechazado,MALO,0,,,,,0,RECIBOS DE NOMINA,#N/A,NO_CLIENTE,0,Alto,0%,2,95,0,0,0,0,0,0,0,29,Renta,Licenciatura
2.01408E+16,289,Rechazada,PS1,Rechazado,MALO,0,,,,,0,PROPIEDAD ACTIVO FIJO,#N/A,NO_CLIENTE,44000,Alto,0%,1,95,0,0,34074,0,0,0,0,45,Familiares,Preparatoria
2.01408E+16,247,Rechazada,PS1,Rechazado,MALO,0,,,,,0,RECIBOS DE NOMINA,#N/A,NO_CLIENTE,0,Alto,0%,2,95,0,0,0,0,0,0,0,33,Hipoteca,Preparatoria
2.01408E+16,162,Rechazada,PS1,Rechazado,MALO,0,,,,,0,RECIBOS DE NOMINA,#N/A,NO_CLIENTE,0,Alto,0%,3,95,0,0,0,0,0,0,0,52,Propia,Posgrado
2.01408E+16,9287,Rechazada,PS1,Rechazado,MALO,0,,,,,0,RECIBOS DE NOMINA,#N/A,NO_CLIENTE,0,Alto,0%,2,95,0,0,0,0,0,0,0,42,Propia,Posgrado
2.01408E+16,7575,Rechazada,PS1,Rechazado,MALO,0,,,,,0,PROPIEDAD ACTIVO FIJO,#N/A,NO_CLIENTE,0,Alto,0%,1,95,0,0,0,0,0,0,0,58,Familiares,Licenciatura
2.01408E+16,15026,Rechazada,PS1,Rechazado,MALO,0,,,,,0,RECIBOS DE NOMINA,#N/A,NO_CLIENTE,0,Alto,0%,4,95,0,0,0,0,0,0,0,32,Familiares,Posgrado
2.01408E+16,7772,Rechazada,PS1,Rechazado,MALO,0,,,,,0,PROPIEDAD ACTIVO FIJO,#N/A,NO_CLIENTE,0,Alto,0%,3,95,0,0,0,0,0,2610,0,39,Familiares,Posgrado
2.01408E+16,773,Rechazada,PS1,Rechazado,MALO,0,,,,,0,RECIBOS DE NOMINA,#N/A,NO_CLIENTE,0,Alto,0%,2,95,0,0,0,0,0,0,0,55,Hipoteca,Preparatoria
2.01408E+16,471,Rechazada,PS1,Rechazado,MALO,0,,,,,0,RECIBOS DE NOMINA,#N/A,NO_CLIENTE,0,Alto,0%,3,95,0,0,0,0,0,0,0,60,Familiares,Preparatoria
2.01408E+16,18031,Rechazada,PS1,Rechazado,MALO,0,,,,,0,PROPIEDAD ACTIVO FIJO,#N/A,NO_CLIENTE,0,Alto,0%,4,95,0,0,0,0,0,0,0,53,Familiares,Preparatoria
2.01408E+16,9244,Rechazada,PS1,Rechazado,MALO,0,,,,,0,PROPIEDAD ACTIVO FIJO,#N/A,NO_CLIENTE,0,Alto,0%,3,95,0,0,0,0,0,0,0,47,Familiares,Posgrado
2.01408E+16,658,Rechazada,PS1,Rechazado,MALO,0,,,,,0,RECIBOS DE NOMINA,#N/A,NO_CLIENTE,31900,Alto,0%,3,95,0,2,20455,2060,0,18277,0,37,Propia,Licenciatura
2.01408E+16,7620,Rechazada,PS1,Rechazado,MALO,0,,,,,0,RECIBOS DE NOMINA,#N/A,NO_CLIENTE,0,Alto,0%,2,95,0,0,0,0,0,0,0,31,Renta,Licenciatura
2.01408E+16,9261,Rechazada,PS1,Rechazado,MALO,0,,,,,0,PROPIEDAD ACTIVO FIJO,#N/A,NO_CLIENTE,0,Alto,0%,3,95,0,0,0,0,0,0,0,56,Renta,Posgrado
2.01408E+16,7790,Rechazada,PS1,Rechazado,MALO,0,,,,,0,RECIBOS DE NOMINA,#N/A,NO_CLIENTE,0,Alto,0%,2,95,0,0,0,0,0,0,0,31,Familiares,Preparatoria
2.01408E+16,8167,Rechazada,PS1,Rechazado,MALO,0,,,,,0,PROPIEDAD ACTIVO FIJO,#N/A,NO_CLIENTE,0,Alto,0%,1,95,0,0,0,0,0,0,0,53,Renta,Licenciatura
2.01408E+16,7772,Rechazada,PS1,Rechazado,MALO,0,,,,,0,PROPIEDAD ACTIVO FIJO,#N/A,NO_CLIENTE,0,Alto,0%,2,95,0,0,0,0,0,0,0,26,Hipoteca,Licenciatura
2.01408E+16,7794,Rechazada,PS1,Rechazado,MALO,0,,,,,0,PROPIEDAD ACTIVO FIJO,#N/A,NO_CLIENTE,0,Alto,0%,3,95,0,0,0,0,0,0,0,44,Hipoteca,Licenciatura
2.01408E+16,8151,Rechazada,PS1,Rechazado,MALO,0,,,,,0,RECIBOS DE NOMINA,#N/A,NO_CLIENTE,0,Alto,0%,2,95,0,0,0,0,0,0,0,54,Propia,Preparatoria
2.01408E+16,7912,Rechazada,PS1,Rechazado,MALO,0,,,,,0,PROPIEDAD ACTIVO FIJO,#N/A,NO_CLIENTE,5000,Alto,0%,1,95,0,0,103,0,0,0,0,33,Propia,Licenciatura
2.01408E+16,7920,Rechazada,PS1,Rechazado,MALO,0,,,,,0,RECIBOS DE NOMINA,#N/A,NO_CLIENTE,0,Alto,0%,4,95,0,0,0,0,0,0,0,47,Hipoteca,Licenciatura
2.01408E+16,9184,Rechazada,PS1,Rechazado,MALO,0,,,,,0,PROPIEDAD ACTIVO FIJO,#N/A,NO_CLIENTE,37000,Alto,0%,3,95,0,0,13577,0,0,0,0,45,Hipoteca,Licenciatura
2.01408E+16,8156,Rechazada,PS1,Rechazado,MALO,0,,,,,0,RECIBOS DE NOMINA,#N/A,NO_CLIENTE,0,Alto,0%,2,95,0,0,0,0,0,0,0,53,Renta,Posgrado
2.01408E+16,9171,Rechazada,PS1,Rechazado,MALO,0,,,,,0,RECIBOS DE NOMINA,#N/A,NO_CLIENTE,0,Alto,0%,3,95,0,0,0,0,0,0,0,42,Familiares,Preparatoria
2.01408E+16,8166,Rechazada,PS1,Rechazado,MALO,0,,,,,0,PROPIEDAD ACTIVO FIJO,#N/A,NO_CLIENTE,10000,Alto,0%,4,95,0,1,0,0,0,0,0,45,Hipoteca,Posgrado
2.01408E+16,9396,Rechazada,PS1,Rechazado,MALO,0,,,,,0,RECIBOS DE NOMINA,#N/A,NO_CLIENTE,0,Alto,0%,3,95,0,0,0,0,0,0,0,36,Familiares,Preparatoria
2.01408E+16,7790,Rechazada,PS1,Rechazado,MALO,0,,,,,0,RECIBOS DE NOMINA,#N/A,NO_CLIENTE,0,Alto,0%,3,95,0,0,0,0,0,0,0,57,Familiares,Preparatoria
2.01408E+16,7742,Rechazada,PS1,Rechazado,MALO,0,,,,,0,RECIBOS DE NOMINA,#N/A,NO_CLIENTE,0,Alto,0%,2,95,0,0,0,0,0,0,0,42,Propia,Licenciatura
2.01408E+16,7804,Rechazada,PS1,Rechazado,MALO,0,,,,,0,PROPIEDAD ACTIVO FIJO,#N/A,NO_CLIENTE,101000,Alto,0%,3,95,0,1,91702,4020,0,0,0,49,Familiares,Posgrado
2.01408E+16,7892,Rechazada,PS1,Rechazado,MALO,0,,,,,0,PROPIEDAD ACTIVO FIJO,#N/A,NO_CLIENTE,0,Alto,0%,2,95,0,0,0,0,0,0,0,42,Renta,Posgrado
2.01408E+16,9166,Rechazada,PS1,Rechazado,MALO,0,,,,,0,PROPIEDAD ACTIVO FIJO,#N/A,NO_CLIENTE,0,Alto,0%,4,95,0,0,0,0,0,0,0,40,Familiares,Preparatoria
2.01408E+16,9175,Rechazada,PS1,Rechazado,MALO,0,,,,,0,PROPIEDAD ACTIVO FIJO,#N/A,NO_CLIENTE,0,Alto,0%,5,95,0,0,0,0,0,0,0,44,Propia,Licenciatura
2.01408E+16,7727,Rechazada,PS1,Rechazado,MALO,0,,,,,0,RECIBOS DE NOMINA,#N/A,NO_CLIENTE,0,Alto,0%,5,95,0,0,0,0,0,0,0,57,Propia,Posgrado
2.01408E+16,7811,Rechazada,PS1,Rechazado,MALO,0,,,,,0,PROPIEDAD ACTIVO FIJO,#N/A,NO_CLIENTE,0,Alto,0%,4,95,0,0,0,0,0,0,0,48,Hipoteca,Licenciatura
2.01408E+16,7795,Rechazada,PS1,Rechazado,MALO,0,,,,,0,PROPIEDAD ACTIVO FIJO,#N/A,NO_CLIENTE,0,Alto,0%,5,95,0,0,0,0,0,0,0,28,Hipoteca,Preparatoria
2.01408E+16,10030,Rechazada,PS1,Rechazado,MALO,0,,,,,0,PROPIEDAD ACTIVO FIJO,#N/A,NO_CLIENTE,0,Alto,0%,4,95,0,0,0,0,0,0,0,49,Hipoteca,Posgrado
2.01408E+16,399,Rechazada,PS1,Rechazado,MALO,0,,,,,0,RECIBOS DE NOMINA,#N/A,NO_CLIENTE,0,Alto,0%,5,95,0,0,0,0,0,0,0,46,Familiares,Posgrado
2.01408E+16,181,Rechazada,PS1,Rechazado,MALO,0,,,,,0,RECIBOS DE NOMINA,#N/A,NO_CLIENTE,0,Alto,0%,5,95,0,0,0,0,0,0,0,32,Propia,Preparatoria
2.01408E+16,690,Rechazada,PS1,Rechazado,MALO,0,,,,,0,PROPIEDAD ACTIVO FIJO,#N/A,NO_CLIENTE,26000,Alto,0%,4,95,0,1,6821,370,0,86787,0,38,Renta,Posgrado
2.01408E+16,165,Rechazada,PS1,Rechazado,MALO,0,,,,,0,PAGOS PROV SEMESTRALES PF,#N/A,NO_CLIENTE,0,Alto,0%,5,95,0,0,0,0,0,3736,0,40,Propia,Posgrado
2.01408E+16,4228,Rechazada,PS1,Rechazado,MALO,0,,,,,0,RECIBOS DE NOMINA,#N/A,NO_CLIENTE,0,Alto,0%,4,95,0,0,0,0,0,0,0,46,Hipoteca,Posgrado
2.01408E+16,4424,Rechazada,PS1,Rechazado,MALO,0,,,,,0,PROPIEDAD ACTIVO FIJO,#N/A,NO_CLIENTE,28700,Alto,0%,5,95,0,0,29199,0,0,0,0,27,Propia,Preparatoria
2.01408E+16,926,Rechazada,PS1,Rechazado,MALO,0,,,,,0,PROPIEDAD ACTIVO FIJO,#N/A,NO_CLIENTE,30000,Alto,0%,5,95,0,0,0,0,0,0,0,48,Hipoteca,Posgrado
2.01408E+16,302,Rechazada,PS1,Rechazado,MALO,0,,,,,0,PROPIEDAD ACTIVO FIJO,#N/A,NO_CLIENTE,0,Alto,0%,4,95,0,0,0,0,0,0,0,32,Renta,Licenciatura
2.01408E+16,4764,Rechazada,PS1,Rechazado,MALO,0,,,,,0,RECIBOS DE NOMINA,#N/A,NO_CLIENTE,0,Alto,0%,5,95,0,0,0,0,0,0,0,26,Hipoteca,Preparatoria
2.01408E+16,424,Rechazada,PS1,Rechazado,MALO,0,,,,,0,PROPIEDAD ACTIVO FIJO,#N/A,NO_CLIENTE,7000,Alto,0%,4,95,0,1,5627,420,0,0,0,47,Propia,Preparatoria
2.01408E+16,4667,Rechazada,PS1,Rechazado,MALO,0,,,,,0,RECIBOS DE NOMINA,#N/A,NO_CLIENTE,0,Alto,0%,5,95,0,0,0,0,0,0,0,27,Familiares,Licenciatura
2.01408E+16,4266,Rechazada,PS1,Rechazado,MALO,0,,,,,0,RECIBOS DE NOMINA,#N/A,NO_CLIENTE,0,Alto,0%,5,95,0,0,0,0,0,0,0,27,Familiares,Posgrado
2.01408E+16,4602,Rechazada,PS1,Rechazado,MALO,0,,,,,0,RECIBOS DE NOMINA,#N/A,NO_CLIENTE,0,Alto,0%,4,95,0,0,0,0,0,0,0,25,Propia,Posgrado
2.01408E+16,4349,Rechazada,PS1,Rechazado,MALO,0,,,,,0,RECIBOS DE NOMINA,#N/A,NO_CLIENTE,0,Alto,0%,4,95,0,0,0,0,0,0,0,57,Familiares,Licenciatura
2.01408E+16,885,Rechazada,PS1,Rechazado,MALO,0,,,,,0,RECIBOS DE NOMINA,#N/A,NO_CLIENTE,0,Alto,0%,5,95,0,0,0,0,0,0,0,60,Renta,Posgrado
2.01408E+16,84,Rechazada,PS1,Rechazado,MALO,0,,,,,0,RECIBOS DE NOMINA,#N/A,NO_CLIENTE,0,Alto,0%,5,95,0,0,0,0,0,0,0,27,Hipoteca,Preparatoria
2.01408E+16,370,Rechazada,PS1,Rechazado,MALO,0,,,,,0,RECIBOS DE NOMINA,#N/A,NO_CLIENTE,0,Alto,0%,4,95,0,0,0,0,0,0,0,39,Renta,Posgrado
2.01408E+16,506,Rechazada,PS1,Rechazado,MALO,0,,,,,0,RECIBOS DE NOMINA,#N/A,NO_CLIENTE,0,Alto,0%,5,95,0,0,0,0,0,0,0,38,Familiares,Preparatoria
2.01408E+16,25,Rechazada,PS1,Rechazado,MALO,0,,,,,0,RECIBOS DE NOMINA,#N/A,NO_CLIENTE,0,Alto,0%,4,95,0,0,0,0,0,0,0,27,Hipoteca,Preparatoria
2.01408E+16,285,Rechazada,PS1,Rechazado,MALO,0,,,,,0,RECIBOS DE NOMINA,#N/A,NO_CLIENTE,0,Alto,0%,5,95,0,0,0,0,0,14447,0,56,Renta,Preparatoria
2.01408E+16,9172,Rechazada,PS1,Rechazado,MALO,0,,,,,0,RECIBOS DE NOMINA,#N/A,NO_CLIENTE,0,Alto,0%,5,95,0,0,0,0,0,0,0,59,Renta,Preparatoria
2.01408E+16,8147,Rechazada,PS1,Rechazado,MALO,0,,,,,0,RECIBOS DE NOMINA,#N/A,NO_CLIENTE,0,Alto,0%,4,95,0,0,0,0,0,0,0,55,Renta,Posgrado
2.01408E+16,10003,Rechazada,PS1,Rechazado,MALO,0,,,,,0,PROPIEDAD ACTIVO FIJO,#N/A,NO_CLIENTE,7000,Alto,0%,4,95,0,0,633,0,0,0,0,58,Renta,Posgrado
2.01408E+16,7720,En_proceso,PS1,Rechazado,MALO,0,,,,,0,PROPIEDAD ACTIVO FIJO,#N/A,NO_CLIENTE,0,Alto,0%,5,95,0,0,0,0,0,0,0,59,Renta,Preparatoria
2.01408E+16,5753,Rechazada,PS1,Rechazado,MALO,0,,,,,0,PROPIEDAD ACTIVO FIJO,#N/A,NO_CLIENTE,0,Alto,0%,5,95,0,0,0,0,0,0,0,49,Renta,Posgrado
2.01408E+16,7892,Rechazada,PS1,Rechazado,MALO,0,,,,,0,PROPIEDAD ACTIVO FIJO,#N/A,NO_CLIENTE,12000,Alto,0%,4,95,0,1,6532,470,0,0,0,59,Familiares,Preparatoria
2.01408E+16,8123,Rechazada,PS1,Rechazado,MALO,0,,,,,0,PROPIEDAD ACTIVO FIJO,#N/A,NO_CLIENTE,0,Alto,0%,5,95,0,0,0,0,0,0,0,47,Familiares,Licenciatura
2.01408E+16,6428,Rechazada,PS1,Rechazado,MALO,0,,,,,0,PROPIEDAD ACTIVO FIJO,#N/A,NO_CLIENTE,21400,Alto,0%,4,95,0,0,0,0,0,32500,0,36,Propia,Preparatoria
2.01408E+16,107,Rechazada,PS1,Rechazado,MALO,0,,,,,0,PROPIEDAD ACTIVO FIJO,#N/A,NO_CLIENTE,0,Alto,0%,5,95,0,0,0,0,0,0,0,60,Propia,Posgrado
2.01408E+16,223,Rechazada,PS1,Rechazado,MALO,0,,,,,0,PROPIEDAD ACTIVO FIJO,#N/A,NO_CLIENTE,0,Alto,0%,5,95,0,0,0,0,0,0,0,41,Hipoteca,Posgrado
2.01408E+16,4862,Rechazada,PS1,Rechazado,MALO,0,,,,,0,RECIBOS DE NOMINA,#N/A,NO_CLIENTE,0,Alto,0%,4,95,0,0,0,0,0,0,0,34,Hipoteca,Licenciatura
2.01408E+16,447,Rechazada,PS1,Rechazado,MALO,0,,,,,0,RECIBOS DE NOMINA,#N/A,NO_CLIENTE,15,Alto,0%,5,95,0,0,0,0,0,0,0,34,Familiares,Preparatoria
2.01408E+16,4422,Rechazada,PS1,Rechazado,MALO,0,,,,,0,RECIBOS DE NOMINA,#N/A,NO_CLIENTE,0,Alto,0%,4,95,0,0,0,0,0,0,0,31,Propia,Preparatoria
2.01408E+16,4246,Rechazada,PS1,Rechazado,MALO,0,,,,,0,RECIBOS DE NOMINA,#N/A,NO_CLIENTE,0,Alto,0%,5,95,0,0,0,0,0,0,0,40,Propia,Preparatoria
2.01408E+16,485,Rechazada,PS1,Rechazado,MALO,0,,,,,0,PROPIEDAD ACTIVO FIJO,#N/A,NO_CLIENTE,80500,Alto,0%,5,95,0,1,17952,270,0,119247,0,29,Renta,Preparatoria
2.01408E+16,4699,Rechazada,PS1,Rechazado,MALO,0,,,,,0,RECIBOS DE NOMINA,#N/A,NO_CLIENTE,0,Alto,0%,4,95,0,0,0,0,0,0,0,30,Hipoteca,Licenciatura
2.01408E+16,4348,Rechazada,PS1,Rechazado,MALO,0,,,,,0,PROPIEDAD ACTIVO FIJO,#N/A,NO_CLIENTE,0,Alto,0%,5,95,0,0,0,0,0,0,0,41,Hipoteca,Preparatoria
2.01408E+16,256,Rechazada,PS1,Rechazado,MALO,0,,,,,0,PROPIEDAD ACTIVO FIJO,#N/A,NO_CLIENTE,0,Alto,0%,4,95,0,0,0,0,0,0,0,35,Propia,Preparatoria
2.01408E+16,483,Rechazada,PS1,Rechazado,MALO,0,,,,,0,RECIBOS DE NOMINA,#N/A,NO_CLIENTE,0,Alto,0%,5,95,0,0,0,0,0,14884,0,60,Renta,Licenciatura
2.01408E+16,4594,Rechazada,PS1,Rechazado,MALO,0,,,,,0,PROPIEDAD ACTIVO FIJO,#N/A,NO_CLIENTE,3000,Alto,0%,5,95,0,0,2191,0,0,0,0,39,Renta,Posgrado
2.01408E+16,262,Rechazada,PS1,Rechazado,MALO,0,,,,,0,RECIBOS DE NOMINA,#N/A,NO_CLIENTE,0,Alto,0%,4,95,0,0,0,0,0,0,0,28,Propia,Posgrado
2.01408E+16,9437,Rechazada,PS1,Rechazado,MALO,0,,,,,0,RECIBOS DE NOMINA,#N/A,NO_CLIENTE,25500,Alto,0%,4,95,0,0,2652,0,0,0,0,37,Propia,Licenciatura
2.01408E+16,503,Rechazada,PS1,Rechazado,MALO,0,,,,,0,PROPIEDAD ACTIVO FIJO,#N/A,NO_CLIENTE,43000,Alto,0%,5,95,0,1,8332,540,0,0,0,56,Renta,Preparatoria
2.01408E+16,4393,Rechazada,PS1,Rechazado,MALO,0,,,,,0,RECIBOS DE NOMINA,#N/A,NO_CLIENTE,0,Alto,0%,5,95,0,0,0,0,0,0,0,48,Familiares,Preparatoria
2.01408E+16,691,Rechazada,PS1,Rechazado,MALO,0,,,,,0,PROPIEDAD ACTIVO FIJO,#N/A,NO_CLIENTE,0,Alto,0%,4,95,0,0,0,0,0,0,0,25,Hipoteca,Posgrado
2.01408E+16,8217,Rechazada,PS1,Rechazado,MALO,0,,,,,0,RECIBOS DE NOMINA,#N/A,NO_CLIENTE,0,Alto,0%,5,95,0,0,0,0,0,24031,0,45,Familiares,Preparatoria
2.01408E+16,4347,Rechazada,PS1,Rechazado,MALO,0,,,,,0,RECIBOS DE NOMINA,#N/A,NO_CLIENTE,21600,Alto,0%,4,95,0,0,450,0,0,59,0,58,Hipoteca,Posgrado
2.01408E+16,153,Rechazada,PS1,Rechazado,MALO,0,,,,,0,INVERSIONES,#N/A,NO_CLIENTE,0,Alto,0%,5,95,0,0,0,0,0,0,0,48,Renta,Posgrado
2.01408E+16,4409,Rechazada,PS1,Rechazado,MALO,0,,,,,0,RECIBOS DE NOMINA,#N/A,NO_CLIENTE,0,Alto,0%,5,95,0,0,0,0,0,0,0,28,Hipoteca,Posgrado
2.01408E+16,7501,Rechazada,PS1,Rechazado,MALO,0,,,,,0,RECIBOS DE NOMINA,#N/A,NO_CLIENTE,0,Alto,0%,4,95,0,0,0,0,0,0,0,45,Propia,Posgrado
2.01408E+16,246,Rechazada,PS1,Rechazado,MALO,0,,,,,0,RECIBOS DE NOMINA,#N/A,NO_CLIENTE,0,Alto,0%,3,95,0,0,0,0,0,0,0,37,Renta,Licenciatura
2.01408E+16,103,Rechazada,PS1,Rechazado,MALO,0,,,,,0,PROPIEDAD ACTIVO FIJO,#N/A,NO_CLIENTE,0,Alto,0%,2,95,0,0,0,0,0,18042,0,32,Propia,Licenciatura
2.01408E+16,981,Rechazada,PS1,Rechazado,MALO,0,,,,,0,PAGOS PROV SEMESTRALES PF,#N/A,NO_CLIENTE,0,Alto,0%,3,95,0,0,0,0,0,0,0,52,Propia,Posgrado
2.01408E+16,7556,Rechazada,PS1,Rechazado,MALO,0,,,,,0,RECIBOS DE NOMINA,#N/A,NO_CLIENTE,0,Alto,0%,4,95,0,0,0,0,0,0,0,55,Propia,Preparatoria
2.01406E+16,4399,Rechazada,CN0,Rechazado,MALO,0,,,,,0,RECIBOS DE NOMINA,Alto C,NO_CLIENTE,0,Alto,0%,3,95,0,0,0,0,0,0,0,42,Hipoteca,Preparatoria
2.01407E+16,9233,En_proceso,CN0,Rechazado,MALO,0,,,,,0,RECIBOS DE NOMINA,Medio D,NO_CLIENTE,0,Alto,0%,3,95,0,0,0,0,0,0,0,45,Hipoteca,Licenciatura
2.01408E+16,9139,En_proceso,CN0,Rechazado,MALO,0,,,,,0,INVERSIONES,Alto C,NO_CLIENTE,0,Alto,0%,2,95,0,0,0,0,0,0,0,44,Familiares,Preparatoria
2.01407E+16,8131,En_proceso,CN0,Rechazado,MALO,0,,,,,0,RECIBOS DE NOMINA,Alto C,NO_CLIENTE,0,Alto,0%,3,95,0,0,0,0,0,0,0,56,Hipoteca,Posgrado
2.01406E+16,383,Rechazada,CN0,Rechazado,MALO,0,,,,,0,RECIBOS DE NOMINA,Medio B,CLIENTE_BANCO,0,Alto,0%,2,95,0,0,0,0,0,0,0,50,Familiares,Posgrado
2.01406E+16,4152,Rechazada,CN0,Rechazado,MALO,0,,,,,18183,RECIBOS DE NOMINA,Medio B,NO_CLIENTE,0,Alto,0%,1,95,0,0,0,0,0,0,0,59,Familiares,Preparatoria
2.01408E+16,283,Rechazada,CN0,Rechazado,MALO,0,,,,,15967,PROPIEDAD ACTIVO FIJO,Alto A,CLIENTE_BANCO,0,Alto,0%,2,95,0,0,0,0,0,119028,0,55,Propia,Licenciatura
2.01406E+16,4257,Rechazada,PS1,Rechazado,MALO,0,,,,,0,RECIBOS DE NOMINA,#N/A,NO_CLIENTE,0,Alto,0%,3,96,0,0,0,0,0,0,0,54,Hipoteca,Preparatoria
2.01406E+16,42,Rechazada,PS1,Rechazado,MALO,0,,,,,0,RECIBOS DE NOMINA,#N/A,NO_CLIENTE,0,Alto,0%,2,96,0,0,0,0,0,0,0,50,Familiares,Preparatoria
2.01406E+16,319,Rechazada,PS1,Rechazado,MALO,0,,,,,0,PROPIEDAD ACTIVO FIJO,#N/A,NO_CLIENTE,0,Alto,0%,1,96,0,1,11526,70,0,32385,0,35,Hipoteca,Posgrado
2.01406E+16,4782,Rechazada,PS1,Rechazado,MALO,0,,,,,0,RECIBOS DE NOMINA,#N/A,NO_CLIENTE,0,Alto,0%,4,96,0,0,0,0,0,0,0,29,Hipoteca,Preparatoria
2.01406E+16,4357,Rechazada,PS1,Rechazado,MALO,0,,,,,0,PROPIEDAD ACTIVO FIJO,#N/A,NO_CLIENTE,0,Alto,0%,3,96,0,0,0,0,0,123920,0,34,Propia,Licenciatura
2.01406E+16,817,Rechazada,PS1,Rechazado,MALO,0,,,,,0,PROPIEDAD ACTIVO FIJO,#N/A,NO_CLIENTE,0,Alto,0%,2,96,0,0,0,0,0,0,0,49,Renta,Licenciatura
2.01406E+16,113,Rechazada,PS1,Rechazado,MALO,0,,,,,0,DECLARACION ANUAL PFAE,#N/A,NO_CLIENTE,0,Alto,0%,3,96,0,0,0,0,0,0,0,49,Familiares,Licenciatura
2.01407E+16,4375,Rechazada,PS1,Rechazado,MALO,0,,,,,0,PROPIEDAD ACTIVO FIJO,#N/A,NO_CLIENTE,0,Alto,0%,4,96,0,1,5121,1380,0,0,0,39,Renta,Preparatoria
2.01407E+16,6482,Rechazada,PS1,Rechazado,MALO,0,,,,,0,RECIBOS DE NOMINA,#N/A,NO_CLIENTE,0,Alto,0%,3,96,0,1,2477,250,0,0,0,26,Hipoteca,Posgrado
2.01407E+16,4277,Rechazada,PS1,Rechazado,MALO,0,,,,,0,RECIBOS DE NOMINA,#N/A,NO_CLIENTE,0,Alto,0%,3,96,0,0,0,0,0,0,0,59,Renta,Preparatoria
2.01407E+16,4326,Rechazada,PS1,Rechazado,MALO,0,,,,,0,RECIBOS DE NOMINA,#N/A,NO_CLIENTE,0,Alto,0%,2,96,0,0,0,0,0,0,0,58,Renta,Preparatoria
2.01407E+16,4441,Rechazada,PS1,Rechazado,MALO,0,,,,,0,PROPIEDAD ACTIVO FIJO,#N/A,NO_CLIENTE,0,Alto,0%,3,96,0,0,0,0,0,0,0,38,Propia,Licenciatura
2.01407E+16,938,Rechazada,PS1,Rechazado,MALO,0,,,,,0,RECIBOS DE NOMINA,#N/A,NO_CLIENTE,0,Alto,0%,2,96,0,0,0,0,0,0,0,40,Renta,Preparatoria
2.01407E+16,131,Rechazada,PS1,Rechazado,MALO,0,,,,,0,RECIBOS DE NOMINA,#N/A,NO_CLIENTE,0,Alto,0%,1,96,0,0,0,0,0,0,0,28,Familiares,Preparatoria
2.01407E+16,8175,Rechazada,PS1,Rechazado,MALO,0,,,,,0,PROPIEDAD ACTIVO FIJO,#N/A,NO_CLIENTE,0,Alto,0%,2,96,0,0,0,0,0,0,0,53,Propia,Licenciatura
2.01407E+16,767,Rechazada,PS1,Rechazado,MALO,0,,,,,0,PROPIEDAD ACTIVO FIJO,#N/A,NO_CLIENTE,0,Alto,0%,3,96,0,0,13300,0,0,45104,0,43,Propia,Licenciatura
2.01407E+16,2,Rechazada,PS1,Rechazado,MALO,0,,,,,0,RECIBOS DE NOMINA,#N/A,NO_CLIENTE,0,Alto,0%,2,96,0,0,0,0,0,0,1,44,Hipoteca,Posgrado
2.01407E+16,4650,Rechazada,PS1,Rechazado,MALO,0,,,,,0,PROPIEDAD ACTIVO FIJO,#N/A,NO_CLIENTE,0,Alto,0%,1,96,0,0,0,0,0,0,0,54,Propia,Secundaria
2.01407E+16,4465,Rechazada,PS1,Rechazado,MALO,0,,,,,0,PROPIEDAD ACTIVO FIJO,#N/A,NO_CLIENTE,0,Alto,0%,4,96,0,0,0,0,0,0,0,53,Propia,Licenciatura
2.01407E+16,7418,Rechazada,PS1,Rechazado,MALO,0,,,,,0,RECIBOS DE NOMINA,#N/A,NO_CLIENTE,0,Alto,0%,3,96,0,0,0,0,0,0,0,41,Hipoteca,Licenciatura
2.01407E+16,4064,Rechazada,PS1,Rechazado,MALO,0,,,,,0,RECIBOS DE NOMINA,#N/A,NO_CLIENTE,0,Alto,0%,2,96,0,0,0,0,0,0,0,38,Renta,Licenciatura
2.01407E+16,4687,Rechazada,PS1,Rechazado,MALO,0,,,,,0,RECIBOS DE NOMINA,#N/A,NO_CLIENTE,0,Alto,0%,3,96,0,0,0,0,0,64566,0,26,Familiares,Posgrado
2.01407E+16,744,Rechazada,PS1,Rechazado,MALO,0,,,,,0,RECIBOS DE NOMINA,#N/A,NO_CLIENTE,0,Alto,0%,4,96,0,0,0,0,0,0,0,40,Renta,Licenciatura
2.01407E+16,386,Rechazada,PS1,Rechazado,MALO,0,,,,,0,PROPIEDAD ACTIVO FIJO,#N/A,NO_CLIENTE,0,Alto,0%,3,96,0,0,0,0,0,0,0,47,Renta,Preparatoria
2.01407E+16,4263,Rechazada,PS1,Rechazado,MALO,0,,,,,0,RECIBOS DE NOMINA,#N/A,NO_CLIENTE,0,Alto,0%,3,96,0,0,0,0,0,0,0,58,Renta,Preparatoria
2.01407E+16,796,Rechazada,PS1,Rechazado,MALO,0,,,,,0,PROPIEDAD ACTIVO FIJO,#N/A,NO_CLIENTE,0,Alto,0%,2,96,0,0,520,0,0,0,0,31,Familiares,Licenciatura
2.01407E+16,164,Rechazada,PS1,Rechazado,MALO,0,,,,,0,PROPIEDAD ACTIVO FIJO,#N/A,NO_CLIENTE,0,Alto,0%,3,96,0,0,0,0,0,21843,0,38,Renta,Preparatoria
2.01407E+16,124,Rechazada,PS1,Rechazado,MALO,0,,,,,0,PROPIEDAD ACTIVO FIJO,#N/A,NO_CLIENTE,0,Alto,0%,2,96,0,0,0,0,0,0,0,42,Propia,Preparatoria
2.01407E+16,4393,Rechazada,PS1,Rechazado,MALO,0,,,,,0,PROPIEDAD ACTIVO FIJO,#N/A,NO_CLIENTE,0,Alto,0%,1,96,0,0,0,0,0,0,0,35,Familiares,Posgrado
2.01407E+16,780,Rechazada,PS1,Rechazado,MALO,0,,,,,0,PROPIEDAD ACTIVO FIJO,#N/A,NO_CLIENTE,0,Alto,0%,2,96,0,0,0,0,0,0,0,53,Propia,Licenciatura
2.01407E+16,277,Rechazada,PS1,Rechazado,MALO,0,,,,,0,RECIBOS DE NOMINA,#N/A,NO_CLIENTE,0,Alto,0%,3,96,0,0,0,0,0,0,0,40,Propia,Posgrado
2.01407E+16,302,Rechazada,PS1,Rechazado,MALO,0,,,,,0,RECIBOS DE NOMINA,#N/A,NO_CLIENTE,0,Alto,0%,2,96,0,0,0,0,0,0,0,49,Renta,Licenciatura
2.01407E+16,4603,Rechazada,PS1,Rechazado,MALO,0,,,,,0,RECIBOS DE NOMINA,#N/A,NO_CLIENTE,0,Alto,0%,1,96,0,0,0,0,0,0,0,35,Hipoteca,Licenciatura
2.01407E+16,462,Rechazada,PS1,Rechazado,MALO,0,,,,,0,RECIBOS DE NOMINA,#N/A,NO_CLIENTE,0,Alto,0%,4,96,0,0,0,0,0,0,0,29,Hipoteca,Preparatoria
2.01407E+16,927,Rechazada,PS1,Rechazado,MALO,0,,,,,0,RECIBOS DE NOMINA,#N/A,NO_CLIENTE,0,Alto,0%,3,96,0,0,0,0,0,0,0,58,Hipoteca,Preparatoria
2.01407E+16,50007,Rechazada,PS1,Rechazado,MALO,0,,,,,0,SIN COMPROBANTE,#N/A,NO_CLIENTE,0,Alto,0%,2,96,0,0,0,0,0,0,0,34,Propia,Licenciatura
2.01407E+16,145,Rechazada,PS1,Rechazado,MALO,0,,,,,0,PAGOS PROV SEMESTRALES PF,#N/A,NO_CLIENTE,0,Alto,0%,3,96,0,0,0,0,0,0,0,57,Renta,Licenciatura
2.01407E+16,18067,Rechazada,PS1,Rechazado,MALO,0,,,,,0,RECIBOS DE NOMINA,#N/A,NO_CLIENTE,0,Alto,0%,4,96,0,0,0,0,0,0,0,34,Propia,Licenciatura
2.01407E+16,70001,Cancelada,PS1,Rechazado,MALO,0,,,,,0,RECIBOS DE NOMINA,#N/A,NO_CLIENTE,0,Alto,0%,3,96,0,0,0,0,0,0,0,50,Familiares,Preparatoria
2.01407E+16,4603,Rechazada,PS1,Rechazado,MALO,0,,,,,0,RECIBOS DE NOMINA,#N/A,NO_CLIENTE,0,Alto,0%,3,96,0,0,0,0,0,0,0,58,Familiares,Preparatoria
2.01407E+16,253,Rechazada,PS1,Rechazado,MALO,0,,,,,0,PAGOS PROV SEMESTRALES PF,#N/A,NO_CLIENTE,0,Alto,0%,2,96,0,0,0,0,0,0,0,30,Propia,Licenciatura
2.01407E+16,4526,Rechazada,PS1,Rechazado,MALO,0,,,,,0,RECIBOS DE NOMINA,#N/A,NO_CLIENTE,0,Alto,0%,3,96,0,0,0,0,0,0,0,34,Familiares,Posgrado
2.01407E+16,4198,Rechazada,PS1,Rechazado,MALO,0,,,,,0,PROPIEDAD ACTIVO FIJO,#N/A,NO_CLIENTE,0,Alto,0%,2,96,0,1,13371,940,0,0,0,38,Familiares,Posgrado
2.01407E+16,4,Rechazada,PS1,Rechazado,MALO,0,,,,,0,PROPIEDAD ACTIVO FIJO,#N/A,NO_CLIENTE,0,Alto,0%,1,96,0,0,0,0,0,0,0,51,Propia,Licenciatura
2.01407E+16,236,Rechazada,PS1,Rechazado,MALO,0,,,,,0,RECIBOS DE NOMINA,#N/A,NO_CLIENTE,0,Alto,0%,2,96,0,0,0,0,0,0,0,41,Renta,Posgrado
2.01407E+16,12119,Rechazada,PS1,Rechazado,MALO,0,,,,,0,PROPIEDAD ACTIVO FIJO,#N/A,NO_CLIENTE,305000,Alto,0%,3,96,0,1,127024,3820,0,0,0,40,Familiares,Licenciatura
2.01407E+16,853,Rechazada,PS1,Rechazado,MALO,0,,,,,0,PROPIEDAD ACTIVO FIJO,#N/A,NO_CLIENTE,0,Alto,0%,2,96,0,0,0,0,0,0,0,60,Propia,Licenciatura
2.01407E+16,820,Rechazada,PS1,Rechazado,MALO,0,,,,,0,RECIBOS DE NOMINA,#N/A,NO_CLIENTE,0,Alto,0%,1,96,0,0,0,0,0,0,0,27,Renta,Licenciatura
2.01407E+16,135,Rechazada,PS1,Rechazado,MALO,0,,,,,0,RECIBOS DE NOMINA,#N/A,NO_CLIENTE,0,Alto,0%,4,96,0,0,0,0,0,0,0,54,Hipoteca,Preparatoria
2.01407E+16,4083,Rechazada,PS1,Rechazado,MALO,0,,,,,0,RECIBOS DE NOMINA,#N/A,NO_CLIENTE,0,Alto,0%,3,96,0,0,0,0,0,18171,0,59,Renta,Licenciatura
2.01407E+16,4421,Rechazada,PS1,Rechazado,MALO,0,,,,,0,RECIBOS DE NOMINA,#N/A,NO_CLIENTE,0,Alto,0%,2,96,0,0,0,0,0,15985,0,42,Renta,Licenciatura
2.01407E+16,692,Rechazada,PS1,Rechazado,MALO,0,,,,,0,RECIBOS DE NOMINA,#N/A,NO_CLIENTE,0,Alto,0%,3,96,0,0,0,0,0,0,0,28,Propia,Preparatoria
2.01407E+16,8217,Rechazada,PS1,Rechazado,MALO,0,,,,,0,RECIBOS DE NOMINA,#N/A,NO_CLIENTE,0,Alto,0%,4,96,0,0,0,0,0,0,0,36,Propia,Licenciatura
2.01407E+16,243,Rechazada,PS1,Rechazado,MALO,0,,,,,0,RECIBOS DE NOMINA,#N/A,NO_CLIENTE,0,Alto,0%,3,96,0,0,0,0,0,0,0,56,Familiares,Licenciatura
2.01407E+16,5165,Rechazada,PS1,Rechazado,MALO,0,,,,,0,PROPIEDAD ACTIVO FIJO,#N/A,NO_CLIENTE,0,Alto,0%,3,96,0,0,0,0,0,0,0,25,Renta,Preparatoria
2.01407E+16,9433,Rechazada,PS1,Rechazado,MALO,0,,,,,0,RECIBOS DE NOMINA,#N/A,NO_CLIENTE,0,Alto,0%,2,96,0,0,0,0,0,0,0,27,Renta,Posgrado
2.01407E+16,6472,Rechazada,PS1,Rechazado,MALO,0,,,,,0,RECIBOS DE NOMINA,#N/A,NO_CLIENTE,0,Alto,0%,3,96,0,0,0,0,0,0,0,32,Propia,Licenciatura
2.01407E+16,990,Rechazada,PS1,Rechazado,MALO,0,,,,,0,PROPIEDAD ACTIVO FIJO,#N/A,NO_CLIENTE,0,Alto,0%,2,96,0,0,0,0,0,0,0,31,Familiares,Secundaria
2.01407E+16,966,Rechazada,PS1,Rechazado,MALO,0,,,,,0,PROPIEDAD ACTIVO FIJO,#N/A,NO_CLIENTE,0,Alto,0%,1,96,0,0,0,0,0,0,0,40,Familiares,Posgrado
2.01407E+16,600,Rechazada,PS1,Rechazado,MALO,0,,,,,0,RECIBOS DE NOMINA,#N/A,NO_CLIENTE,0,Alto,0%,2,96,0,0,0,0,0,16181,0,49,Hipoteca,Licenciatura
2.01407E+16,5165,Rechazada,PS1,Rechazado,MALO,0,,,,,0,RECIBOS DE NOMINA,#N/A,NO_CLIENTE,0,Alto,0%,3,96,0,0,0,0,0,0,0,38,Renta,Licenciatura
2.01407E+16,4391,Rechazada,PS1,Rechazado,MALO,0,,,,,0,PROPIEDAD ACTIVO FIJO,#N/A,NO_CLIENTE,0,Alto,0%,2,96,0,0,0,0,0,0,0,37,Renta,Posgrado
2.01407E+16,4896,Rechazada,PS1,Rechazado,MALO,0,,,,,0,RECIBOS DE NOMINA,#N/A,NO_CLIENTE,0,Alto,0%,1,96,0,0,0,0,0,0,0,30,Hipoteca,Preparatoria
2.01407E+16,322,Rechazada,PS1,Rechazado,MALO,0,,,,,0,RECIBOS DE NOMINA,#N/A,NO_CLIENTE,0,Alto,0%,4,96,0,0,0,0,0,0,0,27,Propia,Preparatoria
2.01407E+16,413,Rechazada,PS1,Rechazado,MALO,0,,,,,0,PROPIEDAD ACTIVO FIJO,#N/A,NO_CLIENTE,0,Alto,0%,3,96,0,8,2302,2302,0,0,0,38,Familiares,Posgrado
2.01407E+16,6674,Rechazada,PS1,Rechazado,MALO,0,,,,,0,PROPIEDAD ACTIVO FIJO,#N/A,NO_CLIENTE,0,Alto,0%,2,96,0,0,5469,0,0,85550,0,47,Familiares,Licenciatura
2.01407E+16,4152,Rechazada,PS1,Rechazado,MALO,0,,,,,0,RECIBOS DE NOMINA,#N/A,NO_CLIENTE,0,Alto,0%,3,96,0,0,0,0,0,0,0,52,Propia,Preparatoria
2.01407E+16,83,Rechazada,PS1,Rechazado,MALO,0,,,,,0,PROPIEDAD ACTIVO FIJO,#N/A,NO_CLIENTE,0,Alto,0%,4,96,0,1,6129,390,0,20993,0,31,Renta,Preparatoria
2.01407E+16,11,Rechazada,PS1,Rechazado,MALO,0,,,,,0,RECIBOS DE NOMINA,#N/A,NO_CLIENTE,0,Alto,0%,3,96,0,0,0,0,0,69139,0,49,Hipoteca,Licenciatura
2.01407E+16,164,Rechazada,PS1,Rechazado,MALO,0,,,,,0,PROPIEDAD ACTIVO FIJO,#N/A,NO_CLIENTE,0,Alto,0%,3,96,0,0,0,0,0,0,0,60,Renta,Posgrado
2.01407E+16,7910,Rechazada,PS1,Rechazado,MALO,0,,,,,0,PROPIEDAD ACTIVO FIJO,#N/A,NO_CLIENTE,0,Alto,0%,2,96,0,0,0,0,0,0,0,25,Propia,Licenciatura
2.01407E+16,584,Rechazada,PS1,Rechazado,MALO,0,,,,,0,PROPIEDAD ACTIVO FIJO,#N/A,NO_CLIENTE,0,Alto,0%,3,96,0,0,0,0,0,41117,0,30,Familiares,Licenciatura
2.01407E+16,536,Rechazada,PS1,Rechazado,MALO,0,,,,,0,PROPIEDAD ACTIVO FIJO,#N/A,NO_CLIENTE,0,Alto,0%,2,96,0,0,0,0,0,0,0,26,Familiares,Preparatoria
2.01407E+16,4637,Rechazada,PS1,Rechazado,MALO,0,,,,,0,RECIBOS DE NOMINA,#N/A,NO_CLIENTE,0,Alto,0%,1,96,0,0,0,0,0,0,0,57,Propia,Preparatoria
2.01407E+16,269,Rechazada,PS1,Rechazado,MALO,0,,,,,0,RECIBOS DE NOMINA,#N/A,NO_CLIENTE,0,Alto,0%,2,96,0,0,0,0,0,0,0,42,Propia,Preparatoria
2.01407E+16,322,Rechazada,PS1,Rechazado,MALO,0,,,,,0,RECIBOS DE NOMINA,#N/A,NO_CLIENTE,0,Alto,0%,3,96,0,0,0,0,0,0,0,33,Propia,Preparatoria
2.01407E+16,895,Rechazada,PS1,Rechazado,MALO,0,,,,,0,RECIBOS DE NOMINA,#N/A,NO_CLIENTE,0,Alto,0%,2,96,0,0,0,0,0,0,0,60,Familiares,Licenciatura
2.01407E+16,546,Rechazada,PS1,Rechazado,MALO,0,,,,,0,RECIBOS DE NOMINA,#N/A,NO_CLIENTE,0,Alto,0%,1,96,0,0,0,0,0,13178,0,45,Hipoteca,Preparatoria
2.01407E+16,427,Rechazada,PS1,Rechazado,MALO,0,,,,,0,PROPIEDAD ACTIVO FIJO,#N/A,NO_CLIENTE,0,Alto,0%,4,96,0,0,0,0,0,0,0,43,Renta,Preparatoria
2.01407E+16,4766,Rechazada,PS1,Rechazado,MALO,0,,,,,0,RECIBOS DE NOMINA,#N/A,NO_CLIENTE,0,Alto,0%,3,96,0,0,10000,0,0,55951,0,55,Hipoteca,Licenciatura
2.01407E+16,212,Rechazada,PS1,Rechazado,MALO,0,,,,,0,RECIBOS DE NOMINA,#N/A,NO_CLIENTE,0,Alto,0%,2,96,0,0,0,0,0,0,0,38,Familiares,Preparatoria
2.01407E+16,9142,Rechazada,PS1,Rechazado,MALO,0,,,,,0,RECIBOS DE NOMINA,#N/A,NO_CLIENTE,0,Alto,0%,3,96,0,0,0,0,0,0,0,49,Familiares,Posgrado
2.01407E+16,7438,Rechazada,PS1,Rechazado,MALO,0,,,,,0,RECIBOS DE NOMINA,#N/A,NO_CLIENTE,0,Alto,0%,4,96,0,0,0,0,0,0,0,58,Familiares,Licenciatura
2.01407E+16,118,Rechazada,PS1,Rechazado,MALO,0,,,,,0,PROPIEDAD ACTIVO FIJO,#N/A,NO_CLIENTE,0,Alto,0%,3,96,0,1,6286,250,0,0,0,46,Renta,Preparatoria
2.01407E+16,4347,Rechazada,PS1,Rechazado,MALO,0,,,,,0,PROPIEDAD ACTIVO FIJO,#N/A,NO_CLIENTE,0,Alto,0%,3,96,0,0,0,0,0,0,0,49,Propia,Posgrado
2.01407E+16,6560,Rechazada,PS1,Rechazado,MALO,0,,,,,0,PROPIEDAD ACTIVO FIJO,#N/A,NO_CLIENTE,0,Alto,0%,2,96,0,1,2901,250,0,0,0,34,Hipoteca,Posgrado
2.01407E+16,162,Rechazada,PS1,Rechazado,MALO,0,,,,,0,PROPIEDAD ACTIVO FIJO,#N/A,NO_CLIENTE,0,Alto,0%,3,96,0,0,0,0,0,0,0,52,Hipoteca,Posgrado
2.01407E+16,466,Rechazada,PS1,Rechazado,MALO,0,,,,,0,RECIBOS DE NOMINA,#N/A,NO_CLIENTE,0,Alto,0%,2,96,0,0,0,0,0,61633,0,53,Familiares,Licenciatura
2.01407E+16,187,Rechazada,PS1,Rechazado,MALO,0,,,,,0,RECIBOS DE NOMINA,#N/A,NO_CLIENTE,0,Alto,0%,1,96,0,0,0,0,0,0,0,50,Propia,Posgrado
2.01408E+16,197,Rechazada,PS1,Rechazado,MALO,0,,,,,0,RECIBOS DE NOMINA,#N/A,NO_CLIENTE,0,Alto,0%,2,96,0,0,2512,0,0,0,0,25,Hipoteca,Licenciatura
2.01408E+16,41,Rechazada,PS1,Rechazado,MALO,0,,,,,0,RECIBOS DE NOMINA,#N/A,NO_CLIENTE,0,Alto,0%,3,96,0,0,0,0,0,0,0,25,Propia,Posgrado
2.01408E+16,105,Rechazada,PS1,Rechazado,MALO,0,,,,,0,PROPIEDAD ACTIVO FIJO,#N/A,NO_CLIENTE,0,Alto,0%,2,96,0,0,13012,0,0,0,0,44,Hipoteca,Licenciatura
2.01408E+16,4635,Rechazada,PS1,Rechazado,MALO,0,,,,,0,RECIBOS DE NOMINA,#N/A,NO_CLIENTE,0,Alto,0%,1,96,0,0,0,0,0,0,0,45,Hipoteca,Preparatoria
2.01408E+16,891,Rechazada,PS1,Rechazado,MALO,0,,,,,0,RECIBOS DE NOMINA,#N/A,NO_CLIENTE,0,Alto,0%,4,96,0,0,0,0,0,0,0,54,Familiares,Licenciatura
2.01408E+16,9172,Rechazada,PS1,Rechazado,MALO,0,,,,,0,RECIBOS DE NOMINA,#N/A,NO_CLIENTE,0,Alto,0%,3,96,0,0,0,0,0,0,0,35,Renta,Preparatoria
2.01408E+16,307,Rechazada,PS1,Rechazado,MALO,0,,,,,0,RECIBOS DE NOMINA,#N/A,NO_CLIENTE,0,Alto,0%,2,96,0,0,0,0,0,0,0,52,Propia,Preparatoria
2.01408E+16,568,Rechazada,PS1,Rechazado,MALO,0,,,,,0,PROPIEDAD ACTIVO FIJO,#N/A,NO_CLIENTE,0,Alto,0%,3,96,0,0,0,0,0,0,0,46,Renta,Licenciatura
2.01408E+16,819,Rechazada,PS1,Rechazado,MALO,0,,,,,0,RECIBOS DE NOMINA,#N/A,NO_CLIENTE,0,Alto,0%,4,96,0,0,5128,0,0,0,0,30,Hipoteca,Licenciatura
2.01408E+16,162,Rechazada,PS1,Rechazado,MALO,0,,,,,0,RECIBOS DE NOMINA,#N/A,NO_CLIENTE,0,Alto,0%,3,96,0,0,0,0,0,0,0,40,Renta,Posgrado
2.01408E+16,4360,Rechazada,PS1,Rechazado,MALO,0,,,,,0,RECIBOS DE NOMINA,#N/A,NO_CLIENTE,0,Alto,0%,3,96,0,0,0,0,0,0,0,54,Familiares,Posgrado
2.01408E+16,994,Rechazada,PS1,Rechazado,MALO,0,,,,,0,RECIBOS DE NOMINA,#N/A,NO_CLIENTE,0,Alto,0%,2,96,0,1,14579,870,0,47482,0,50,Renta,Posgrado
2.01408E+16,4308,Rechazada,PS1,Rechazado,MALO,0,,,,,0,RECIBOS DE NOMINA,#N/A,NO_CLIENTE,0,Alto,0%,3,96,0,0,0,0,0,0,0,34,Familiares,Licenciatura
2.01408E+16,4730,Rechazada,PS1,Rechazado,MALO,0,,,,,0,RECIBOS DE NOMINA,#N/A,NO_CLIENTE,0,Alto,0%,2,96,0,0,0,0,0,0,0,40,Familiares,Preparatoria
2.01408E+16,4473,Rechazada,PS1,Rechazado,MALO,0,,,,,0,RECIBOS DE NOMINA,#N/A,NO_CLIENTE,0,Alto,0%,1,96,0,0,0,0,0,0,0,30,Renta,Posgrado
2.01408E+16,4390,Rechazada,PS1,Rechazado,MALO,0,,,,,0,RECIBOS DE NOMINA,#N/A,NO_CLIENTE,0,Alto,0%,2,96,0,0,0,0,0,0,0,40,Renta,Posgrado
2.01408E+16,303,Rechazada,PS1,Rechazado,MALO,0,,,,,0,PROPIEDAD ACTIVO FIJO,#N/A,NO_CLIENTE,37000,Alto,0%,3,96,0,0,14571,0,0,10150,0,26,Propia,Posgrado
2.01408E+16,6428,Rechazada,PS1,Rechazado,MALO,0,,,,,0,RECIBOS DE NOMINA,#N/A,NO_CLIENTE,9800,Alto,0%,2,96,0,1,6205,250,0,0,0,31,Propia,Preparatoria
2.01408E+16,208,Rechazada,PS1,Rechazado,MALO,0,,,,,0,PROPIEDAD ACTIVO FIJO,#N/A,NO_CLIENTE,0,Alto,0%,1,96,0,0,0,0,0,139061,0,58,Familiares,Posgrado
2.01408E+16,4876,Rechazada,PS1,Rechazado,MALO,0,,,,,0,RECIBOS DE NOMINA,#N/A,NO_CLIENTE,0,Alto,0%,4,96,0,0,0,0,0,0,0,26,Renta,Preparatoria
2.01408E+16,8192,Rechazada,PS1,Rechazado,MALO,0,,,,,0,PROPIEDAD ACTIVO FIJO,#N/A,NO_CLIENTE,5500,Alto,0%,3,96,0,0,0,0,0,0,0,37,Hipoteca,Posgrado
2.01408E+16,4289,Rechazada,PS1,Rechazado,MALO,0,,,,,0,RECIBOS DE NOMINA,#N/A,NO_CLIENTE,0,Alto,0%,2,96,0,8,19038,19038,0,14267,0,25,Hipoteca,Posgrado
2.01408E+16,4289,Rechazada,PS1,Rechazado,MALO,0,,,,,0,RECIBOS DE NOMINA,#N/A,NO_CLIENTE,0,Alto,0%,3,96,0,0,0,0,0,0,0,27,Renta,Posgrado
2.01408E+16,56,Rechazada,PS1,Rechazado,MALO,0,,,,,0,PROPIEDAD ACTIVO FIJO,#N/A,NO_CLIENTE,5004,Alto,0%,4,96,0,0,809,0,0,0,0,56,Hipoteca,Preparatoria
2.01408E+16,4644,Rechazada,PS1,Rechazado,MALO,0,,,,,0,PROPIEDAD ACTIVO FIJO,#N/A,NO_CLIENTE,0,Alto,0%,3,96,0,0,0,0,0,11944,0,32,Renta,Posgrado
2.01408E+16,162,Rechazada,PS1,Rechazado,MALO,0,,,,,0,RECIBOS DE NOMINA,#N/A,NO_CLIENTE,0,Alto,0%,3,96,0,0,0,0,0,0,0,36,Renta,Posgrado
2.01408E+16,4644,Rechazada,PS1,Rechazado,MALO,0,,,,,0,PROPIEDAD ACTIVO FIJO,#N/A,NO_CLIENTE,20700,Alto,0%,2,96,0,2,11827,1150,0,0,0,54,Propia,Posgrado
2.01408E+16,7568,Rechazada,PS1,Rechazado,MALO,0,,,,,0,RECIBOS DE NOMINA,#N/A,NO_CLIENTE,0,Alto,0%,3,96,0,0,0,0,0,0,0,41,Propia,Posgrado
2.01408E+16,7673,Rechazada,PS1,Rechazado,MALO,0,,,,,0,RECIBOS DE NOMINA,#N/A,NO_CLIENTE,0,Alto,0%,2,96,0,0,0,0,0,0,0,46,Familiares,Preparatoria
2.01408E+16,4148,Rechazada,PS1,Rechazado,MALO,0,,,,,0,PROPIEDAD ACTIVO FIJO,#N/A,NO_CLIENTE,69000,Alto,0%,1,96,0,0,1663,0,0,0,0,52,Propia,Preparatoria
2.01408E+16,211,Rechazada,PS1,Rechazado,MALO,0,,,,,0,RECIBOS DE NOMINA,#N/A,NO_CLIENTE,15800,Alto,0%,2,96,0,1,16260,1080,0,0,0,34,Propia,Licenciatura
2.01408E+16,124,Rechazada,PS1,Rechazado,MALO,0,,,,,0,RECIBOS DE NOMINA,#N/A,NO_CLIENTE,0,Alto,0%,3,96,0,0,0,0,0,0,0,44,Renta,Preparatoria
2.01408E+16,8156,Rechazada,PS1,Rechazado,MALO,0,,,,,0,RECIBOS DE NOMINA,#N/A,NO_CLIENTE,0,Alto,0%,2,96,0,0,0,0,0,0,0,48,Hipoteca,Preparatoria
2.01408E+16,9287,Rechazada,PS1,Rechazado,MALO,0,,,,,0,RECIBOS DE NOMINA,#N/A,NO_CLIENTE,0,Alto,0%,1,96,0,0,0,0,0,0,0,41,Familiares,Licenciatura
2.01408E+16,7796,Rechazada,PS1,Rechazado,MALO,0,,,,,0,RECIBOS DE NOMINA,#N/A,NO_CLIENTE,0,Alto,0%,4,96,0,0,0,0,0,0,0,25,Familiares,Posgrado
2.01408E+16,9184,Rechazada,PS1,Rechazado,MALO,0,,,,,0,RECIBOS DE NOMINA,#N/A,NO_CLIENTE,0,Alto,0%,3,96,0,0,0,0,0,34571,0,48,Propia,Licenciatura
2.01408E+16,4345,Rechazada,PS1,Rechazado,MALO,0,,,,,0,INVERSIONES,#N/A,NO_CLIENTE,0,Alto,0%,2,96,0,0,0,0,0,0,0,25,Familiares,Preparatoria
2.01408E+16,7575,Rechazada,PS1,Rechazado,MALO,0,,,,,0,PROPIEDAD ACTIVO FIJO,#N/A,NO_CLIENTE,23904,Alto,0%,3,96,0,1,448,335,0,0,0,48,Familiares,Preparatoria
2.01408E+16,8122,Rechazada,PS1,Rechazado,MALO,0,,,,,0,PROPIEDAD ACTIVO FIJO,#N/A,NO_CLIENTE,11000,Alto,0%,4,96,0,0,6440,0,0,0,0,26,Hipoteca,Licenciatura
2.01408E+16,7588,Rechazada,PS1,Rechazado,MALO,0,,,,,0,PAGOS PROV SEMESTRALES PF,#N/A,NO_CLIENTE,0,Alto,0%,3,96,0,0,0,0,0,0,0,57,Hipoteca,Posgrado
2.01408E+16,7620,Rechazada,PS1,Rechazado,MALO,0,,,,,0,RECIBOS DE NOMINA,#N/A,NO_CLIENTE,0,Alto,0%,3,96,0,0,0,0,0,0,0,52,Hipoteca,Preparatoria
2.01408E+16,9243,En_proceso,PS1,Rechazado,MALO,0,,,,,0,RECIBOS DE NOMINA,#N/A,NO_CLIENTE,0,Alto,0%,2,96,0,0,0,0,0,0,0,33,Propia,Preparatoria
2.01408E+16,8128,Rechazada,PS1,Rechazado,MALO,0,,,,,0,PROPIEDAD ACTIVO FIJO,#N/A,NO_CLIENTE,0,Alto,0%,3,96,0,0,0,0,0,37208,0,26,Propia,Preparatoria
2.01408E+16,7830,Rechazada,PS1,Rechazado,MALO,0,,,,,0,PROPIEDAD ACTIVO FIJO,#N/A,NO_CLIENTE,39999,Alto,0%,2,96,0,0,713,0,0,0,0,50,Familiares,Licenciatura
2.01408E+16,7674,Rechazada,PS1,Rechazado,MALO,0,,,,,0,PROPIEDAD ACTIVO FIJO,#N/A,NO_CLIENTE,0,Alto,0%,1,96,0,0,0,0,0,0,0,25,Propia,Preparatoria
2.01408E+16,9171,Rechazada,PS1,Rechazado,MALO,0,,,,,0,RECIBOS DE NOMINA,#N/A,NO_CLIENTE,0,Alto,0%,2,96,0,0,0,0,0,0,0,37,Hipoteca,Posgrado
2.01408E+16,9171,Rechazada,PS1,Rechazado,MALO,0,,,,,0,RECIBOS DE NOMINA,#N/A,NO_CLIENTE,0,Alto,0%,3,96,0,0,0,0,0,0,0,57,Familiares,Posgrado
2.01408E+16,7790,Rechazada,PS1,Rechazado,MALO,0,,,,,0,RECIBOS DE NOMINA,#N/A,NO_CLIENTE,0,Alto,0%,2,96,0,0,0,0,0,0,0,36,Hipoteca,Secundaria
2.01408E+16,10025,Rechazada,PS1,Rechazado,MALO,0,,,,,0,RECIBOS DE NOMINA,#N/A,NO_CLIENTE,0,Alto,0%,1,96,0,0,0,0,0,0,0,37,Propia,Posgrado
2.01408E+16,7797,Rechazada,PS1,Rechazado,MALO,0,,,,,0,RECIBOS DE NOMINA,#N/A,NO_CLIENTE,0,Alto,0%,4,96,0,0,0,0,0,0,0,57,Propia,Posgrado
2.01408E+16,9175,Rechazada,PS1,Rechazado,MALO,0,,,,,0,RECIBOS DE NOMINA,#N/A,NO_CLIENTE,0,Alto,0%,3,96,0,0,0,0,0,0,0,52,Propia,Preparatoria
2.01408E+16,5147,Rechazada,PS1,Rechazado,MALO,0,,,,,0,RECIBOS DE NOMINA,#N/A,NO_CLIENTE,0,Alto,0%,2,96,0,0,0,0,0,0,0,42,Propia,Preparatoria
2.01408E+16,8117,Rechazada,PS1,Rechazado,MALO,0,,,,,0,PROPIEDAD ACTIVO FIJO,#N/A,NO_CLIENTE,0,Alto,0%,3,96,0,0,0,0,0,0,0,41,Renta,Preparatoria
2.01408E+16,8147,Rechazada,PS1,Rechazado,MALO,0,,,,,0,RECIBOS DE NOMINA,#N/A,NO_CLIENTE,0,Alto,0%,4,96,0,0,0,0,0,0,0,28,Hipoteca,Preparatoria
2.01408E+16,8131,Rechazada,PS1,Rechazado,MALO,0,,,,,0,PROPIEDAD ACTIVO FIJO,#N/A,NO_CLIENTE,0,Alto,0%,3,96,0,0,0,0,0,0,0,49,Familiares,Preparatoria
2.01408E+16,9175,Rechazada,PS1,Rechazado,MALO,0,,,,,0,RECIBOS DE NOMINA,#N/A,NO_CLIENTE,0,Alto,0%,3,96,0,0,0,0,0,0,0,55,Familiares,Licenciatura
2.01408E+16,9171,Rechazada,PS1,Rechazado,MALO,0,,,,,0,RECIBOS DE NOMINA,#N/A,NO_CLIENTE,7000,Alto,0%,2,96,0,0,0,0,0,0,0,48,Hipoteca,Preparatoria
2.01408E+16,7772,Rechazada,PS1,Rechazado,MALO,0,,,,,0,PROPIEDAD ACTIVO FIJO,#N/A,NO_CLIENTE,0,Alto,0%,3,96,0,0,0,0,0,0,0,33,Propia,Posgrado
2.01408E+16,7788,Rechazada,PS1,Rechazado,MALO,0,,,,,0,RECIBOS DE NOMINA,#N/A,NO_CLIENTE,0,Alto,0%,2,96,0,0,0,0,0,0,0,49,Propia,Licenciatura
2.01408E+16,388,Rechazada,PS1,Rechazado,MALO,0,,,,,0,RECIBOS DE NOMINA,#N/A,NO_CLIENTE,0,Alto,0%,1,96,0,0,0,0,0,0,0,40,Hipoteca,Licenciatura
2.01408E+16,7,Rechazada,PS1,Rechazado,MALO,0,,,,,0,RECIBOS DE NOMINA,#N/A,NO_CLIENTE,0,Alto,0%,2,96,0,0,0,0,0,0,0,32,Propia,Preparatoria
2.01408E+16,232,Rechazada,PS1,Rechazado,MALO,0,,,,,0,PROPIEDAD ACTIVO FIJO,#N/A,NO_CLIENTE,0,Alto,0%,3,96,0,0,0,0,0,0,0,27,Hipoteca,Licenciatura
2.01408E+16,727,Rechazada,PS1,Rechazado,MALO,0,,,,,0,PROPIEDAD ACTIVO FIJO,#N/A,NO_CLIENTE,0,Alto,0%,2,96,0,0,0,0,0,0,0,42,Propia,Preparatoria
2.01408E+16,4136,Rechazada,PS1,Rechazado,MALO,0,,,,,0,RECIBOS DE NOMINA,#N/A,NO_CLIENTE,0,Alto,0%,1,96,0,0,0,0,0,0,0,51,Familiares,Licenciatura
2.01408E+16,532,Rechazada,PS1,Rechazado,MALO,0,,,,,0,RECIBOS DE NOMINA,#N/A,NO_CLIENTE,0,Alto,0%,4,96,0,0,0,0,0,0,0,50,Hipoteca,Posgrado
2.01408E+16,5203,Rechazada,PS1,Rechazado,MALO,0,,,,,0,PROPIEDAD ACTIVO FIJO,#N/A,NO_CLIENTE,0,Alto,0%,3,96,0,0,0,0,0,0,0,51,Familiares,Secundaria
2.01408E+16,662,Rechazada,PS1,Rechazado,MALO,0,,,,,0,RECIBOS DE NOMINA,#N/A,NO_CLIENTE,0,Alto,0%,4,96,0,0,0,0,0,0,0,32,Propia,Posgrado
2.01408E+16,273,Rechazada,PS1,Rechazado,MALO,0,,,,,0,PROPIEDAD ACTIVO FIJO,#N/A,NO_CLIENTE,28700,Alto,0%,5,96,0,0,29773,0,0,0,0,39,Renta,Posgrado
2.01408E+16,4302,Rechazada,PS1,Rechazado,MALO,0,,,,,0,RECIBOS DE NOMINA,#N/A,NO_CLIENTE,0,Alto,0%,5,96,0,0,0,0,0,0,0,47,Familiares,Licenciatura
2.01408E+16,594,Rechazada,PS1,Rechazado,MALO,0,,,,,0,RECIBOS DE NOMINA,#N/A,NO_CLIENTE,0,Alto,0%,4,96,0,0,0,0,0,0,0,34,Propia,Posgrado
2.01408E+16,310,Rechazada,PS1,Rechazado,MALO,0,,,,,0,RECIBOS DE NOMINA,#N/A,NO_CLIENTE,0,Alto,0%,5,96,0,0,0,0,0,0,0,43,Propia,Preparatoria
2.01408E+16,216,Rechazada,PS1,Rechazado,MALO,0,,,,,0,RECIBOS DE NOMINA,#N/A,NO_CLIENTE,0,Alto,0%,4,96,0,0,0,0,0,0,0,52,Propia,Licenciatura
2.01408E+16,197,Rechazada,PS1,Rechazado,MALO,0,,,,,0,RECIBOS DE NOMINA,#N/A,NO_CLIENTE,0,Alto,0%,5,96,0,0,0,0,0,0,0,56,Hipoteca,Posgrado
2.01408E+16,536,Rechazada,PS1,Rechazado,MALO,0,,,,,0,PROPIEDAD ACTIVO FIJO,#N/A,NO_CLIENTE,0,Alto,0%,5,96,0,0,0,0,0,0,0,40,Hipoteca,Licenciatura
2.01408E+16,208,Rechazada,PS1,Rechazado,MALO,0,,,,,0,RECIBOS DE NOMINA,#N/A,NO_CLIENTE,0,Alto,0%,4,96,0,0,0,0,0,70853,0,51,Renta,Preparatoria
2.01408E+16,437,Rechazada,PS1,Rechazado,MALO,0,,,,,0,RECIBOS DE NOMINA,#N/A,NO_CLIENTE,0,Alto,0%,5,96,0,0,0,0,0,0,0,33,Propia,Licenciatura
2.01408E+16,4393,Rechazada,PS1,Rechazado,MALO,0,,,,,0,PROPIEDAD ACTIVO FIJO,#N/A,NO_CLIENTE,0,Alto,0%,4,96,0,0,0,0,0,0,0,51,Propia,Licenciatura
2.01408E+16,976,Rechazada,PS1,Rechazado,MALO,0,,,,,0,RECIBOS DE NOMINA,#N/A,NO_CLIENTE,0,Alto,0%,5,96,0,0,0,0,0,0,0,33,Familiares,Preparatoria
2.01408E+16,4527,Rechazada,PS1,Rechazado,MALO,0,,,,,0,RECIBOS DE NOMINA,#N/A,NO_CLIENTE,0,Alto,0%,5,96,0,0,0,0,0,0,0,28,Familiares,Posgrado
2.01408E+16,500,Rechazada,PS1,Rechazado,MALO,0,,,,,0,RECIBOS DE NOMINA,#N/A,NO_CLIENTE,0,Alto,0%,4,96,0,0,0,0,0,0,0,29,Hipoteca,Licenciatura
2.01408E+16,9160,Rechazada,PS1,Rechazado,MALO,0,,,,,0,RECIBOS DE NOMINA,#N/A,NO_CLIENTE,0,Alto,0%,5,96,0,0,0,0,0,0,0,42,Familiares,Licenciatura
2.01408E+16,7706,Rechazada,PS1,Rechazado,MALO,0,,,,,0,PROPIEDAD ACTIVO FIJO,#N/A,NO_CLIENTE,0,Alto,0%,4,96,0,0,0,0,0,0,0,51,Renta,Posgrado
2.01408E+16,8118,Rechazada,PS1,Rechazado,MALO,0,,,,,0,RECIBOS DE NOMINA,#N/A,NO_CLIENTE,0,Alto,0%,5,96,0,0,0,0,0,0,0,37,Propia,Licenciatura
2.01408E+16,9160,Rechazada,PS1,Rechazado,MALO,0,,,,,0,PROPIEDAD ACTIVO FIJO,#N/A,NO_CLIENTE,0,Alto,0%,5,96,0,0,0,0,0,0,0,56,Hipoteca,Posgrado
2.01408E+16,8147,Rechazada,PS1,Rechazado,MALO,0,,,,,0,RECIBOS DE NOMINA,#N/A,NO_CLIENTE,0,Alto,0%,4,96,0,0,0,0,0,0,0,52,Hipoteca,Licenciatura
2.01408E+16,9152,Rechazada,PS1,Rechazado,MALO,0,,,,,0,RECIBOS DE NOMINA,#N/A,NO_CLIENTE,0,Alto,0%,4,96,0,0,0,0,0,0,0,25,Hipoteca,Posgrado
2.01408E+16,253,Rechazada,PS1,Rechazado,MALO,0,,,,,0,RECIBOS DE NOMINA,#N/A,NO_CLIENTE,0,Alto,0%,5,96,0,0,0,0,0,0,0,49,Familiares,Secundaria
2.01408E+16,192,Rechazada,PS1,Rechazado,MALO,0,,,,,0,PROPIEDAD ACTIVO FIJO,#N/A,NO_CLIENTE,10000,Alto,0%,5,96,0,0,0,0,0,0,0,25,Familiares,Preparatoria
2.01408E+16,444,Rechazada,PS1,Rechazado,MALO,0,,,,,0,RECIBOS DE NOMINA,#N/A,NO_CLIENTE,0,Alto,0%,4,96,0,0,0,0,0,0,0,37,Propia,Preparatoria
2.01408E+16,4367,Rechazada,PS1,Rechazado,MALO,0,,,,,0,PROPIEDAD ACTIVO FIJO,#N/A,NO_CLIENTE,0,Alto,0%,5,96,0,0,0,0,0,0,0,49,Renta,Preparatoria
2.01408E+16,42,Rechazada,PS1,Rechazado,MALO,0,,,,,0,RECIBOS DE NOMINA,#N/A,NO_CLIENTE,0,Alto,0%,4,96,0,0,0,0,0,0,0,51,Hipoteca,Posgrado
2.01408E+16,134,Rechazada,PS1,Rechazado,MALO,0,,,,,0,RECIBOS DE NOMINA,#N/A,NO_CLIENTE,0,Alto,0%,5,96,0,0,0,0,0,0,0,59,Familiares,Licenciatura
2.01408E+16,305,Rechazada,PS1,Rechazado,MALO,0,,,,,0,PROPIEDAD ACTIVO FIJO,#N/A,NO_CLIENTE,0,Alto,0%,5,96,0,0,0,0,0,0,0,56,Renta,Licenciatura
2.01408E+16,9147,Rechazada,PS1,Rechazado,MALO,0,,,,,0,PROPIEDAD ACTIVO FIJO,#N/A,NO_CLIENTE,0,Alto,0%,4,96,0,0,0,0,0,0,0,35,Familiares,Licenciatura
2.01408E+16,285,Rechazada,PS1,Rechazado,MALO,0,,,,,0,RECIBOS DE NOMINA,#N/A,NO_CLIENTE,0,Alto,0%,4,96,0,0,0,0,0,0,0,38,Familiares,Licenciatura
2.01408E+16,926,Rechazada,PS1,Rechazado,MALO,0,,,,,0,RECIBOS DE NOMINA,#N/A,NO_CLIENTE,1999,Alto,0%,5,96,0,1,1601,250,0,0,0,26,Renta,Posgrado
2.01408E+16,4395,Rechazada,PS1,Rechazado,MALO,0,,,,,0,PROPIEDAD ACTIVO FIJO,#N/A,NO_CLIENTE,0,Alto,0%,5,96,0,0,0,0,0,0,0,51,Hipoteca,Licenciatura
2.01408E+16,981,Rechazada,PS1,Rechazado,MALO,0,,,,,0,PROPIEDAD ACTIVO FIJO,#N/A,NO_CLIENTE,12600,Alto,0%,4,96,0,1,1444,250,0,0,0,52,Familiares,Preparatoria
2.01408E+16,820,Rechazada,PS1,Rechazado,MALO,0,,,,,0,PROPIEDAD ACTIVO FIJO,#N/A,NO_CLIENTE,0,Alto,0%,5,96,0,0,0,0,0,0,0,34,Familiares,Licenciatura
2.01408E+16,134,Rechazada,PS1,Rechazado,MALO,0,,,,,0,RECIBOS DE NOMINA,#N/A,NO_CLIENTE,0,Alto,0%,4,96,0,0,0,0,0,10899,0,32,Propia,Licenciatura
2.01408E+16,83,Rechazada,PS1,Rechazado,MALO,0,,,,,0,RECIBOS DE NOMINA,#N/A,NO_CLIENTE,0,Alto,0%,5,96,0,0,0,0,0,0,0,56,Propia,Posgrado
2.01408E+16,323,Rechazada,PS1,Rechazado,MALO,0,,,,,0,PROPIEDAD ACTIVO FIJO,#N/A,NO_CLIENTE,100,Alto,0%,5,96,0,0,0,0,0,78563,0,27,Hipoteca,Preparatoria
2.01408E+16,680,Rechazada,PS1,Rechazado,MALO,0,,,,,0,RECIBOS DE NOMINA,#N/A,NO_CLIENTE,0,Alto,0%,4,96,0,0,0,0,0,0,0,53,Hipoteca,Posgrado
2.01408E+16,4372,Rechazada,PS1,Rechazado,MALO,0,,,,,0,RECIBOS DE NOMINA,#N/A,NO_CLIENTE,14700,Alto,0%,5,96,0,1,15242,980,0,49481,0,55,Propia,Posgrado
2.01408E+16,7504,Rechazada,PS1,Rechazado,MALO,0,,,,,0,PROPIEDAD ACTIVO FIJO,#N/A,NO_CLIENTE,0,Alto,0%,4,96,0,0,0,0,0,0,0,28,Familiares,Posgrado
2.01408E+16,69,Rechazada,PS1,Rechazado,MALO,0,,,,,0,PROPIEDAD ACTIVO FIJO,#N/A,NO_CLIENTE,27500,Alto,0%,5,96,0,8,33412,30564,0,0,0,58,Propia,Posgrado
2.01408E+16,4408,Rechazada,PS1,Rechazado,MALO,0,,,,,0,RECIBOS DE NOMINA,#N/A,NO_CLIENTE,0,Alto,0%,5,96,0,0,0,0,0,0,0,40,Propia,Licenciatura
2.01408E+16,4283,Rechazada,PS1,Rechazado,MALO,0,,,,,0,INVERSIONES,#N/A,NO_CLIENTE,0,Alto,0%,4,96,0,0,0,0,0,50373,0,46,Renta,Posgrado
2.01408E+16,156,Rechazada,PS1,Rechazado,MALO,0,,,,,0,RECIBOS DE NOMINA,#N/A,NO_CLIENTE,0,Alto,0%,5,96,0,0,0,0,0,0,0,52,Renta,Preparatoria
2.01408E+16,121,Rechazada,PS1,Rechazado,MALO,0,,,,,0,RECIBOS DE NOMINA,#N/A,NO_CLIENTE,0,Alto,0%,4,96,0,0,0,0,0,0,0,29,Hipoteca,Preparatoria
2.01408E+16,125,Rechazada,PS1,Rechazado,MALO,0,,,,,0,PROPIEDAD ACTIVO FIJO,#N/A,NO_CLIENTE,32000,Alto,0%,5,96,0,0,23335,0,0,135552,0,45,Hipoteca,Preparatoria
2.01408E+16,707,Rechazada,PS1,Rechazado,MALO,0,,,,,0,INVERSIONES,#N/A,NO_CLIENTE,0,Alto,0%,5,96,0,0,0,0,0,0,0,43,Hipoteca,Preparatoria
2.01408E+16,852,Rechazada,PS1,Rechazado,MALO,0,,,,,0,INVERSIONES,#N/A,NO_CLIENTE,0,Alto,0%,4,96,0,0,0,0,0,209697,0,50,Hipoteca,Licenciatura
2.01406E+16,6564,Rechazada,CN0,Rechazado,MALO,0,,,,,0,PROPIEDAD ACTIVO FIJO,Alto C,CLIENTE_BANCO,0,Alto,0%,4,96,0,0,0,0,0,0,0,32,Familiares,Licenciatura
2.01407E+16,7919,En_proceso,CN0,Rechazado,MALO,0,,,,,0,RECIBOS DE NOMINA,Medio D,NO_CLIENTE,0,Alto,0%,5,96,0,0,0,0,0,0,0,29,Propia,Posgrado
2.01406E+16,4376,Rechazada,CN0,Rechazado,MALO,0,,,,,0,PROPIEDAD ACTIVO FIJO,Alto C,CLIENTE_BANCO,0,Alto,0%,5,96,0,1,4546,570,0,0,0,47,Familiares,Posgrado
2.01408E+16,9149,En_proceso,CN0,Rechazado,MALO,0,,,,,0,INVERSIONES,Alto C,NO_CLIENTE,7000,Alto,0%,4,96,0,0,0,0,0,0,0,30,Familiares,Posgrado
2.01406E+16,7434,Rechazada,CN0,Rechazado,MALO,0,,,,,0,RECIBOS DE NOMINA,Alto C,NO_CLIENTE,0,Alto,0%,5,96,0,0,0,0,0,0,0,54,Hipoteca,Preparatoria
2.01406E+16,594,Rechazada,CN0,Rechazado,MALO,0,,,,,4157,RECIBOS DE NOMINA,Medio B,NO_CLIENTE,0,Alto,0%,4,96,0,0,0,0,0,0,0,46,Renta,Posgrado
2.01408E+16,4099,Rechazada,CN0,Rechazado,MALO,0,,,,,59194,PROPIEDAD ACTIVO FIJO,Alto B,CLIENTE_BANCO,0,Alto,0%,5,96,0,0,0,0,0,0,0,53,Familiares,Preparatoria
2.01406E+16,4257,Rechazada,PS1,Rechazado,MALO,0,,,,,0,RECIBOS DE NOMINA,#N/A,NO_CLIENTE,0,Alto,0%,5,97,0,1,3991,250,0,0,0,43,Hipoteca,Licenciatura
2.01406E+16,4422,Rechazada,PS1,Rechazado,MALO,0,,,,,0,PROPIEDAD ACTIVO FIJO,#N/A,NO_CLIENTE,0,Alto,0%,4,97,0,0,0,0,0,0,0,38,Hipoteca,Preparatoria
2.01406E+16,52,Rechazada,PS1,Rechazado,MALO,0,,,,,0,PROPIEDAD ACTIVO FIJO,#N/A,NO_CLIENTE,0,Alto,0%,3,97,0,0,0,0,0,0,0,30,Propia,Licenciatura
2.01406E+16,165,Rechazada,PS1,Rechazado,MALO,0,,,,,0,PROPIEDAD ACTIVO FIJO,#N/A,NO_CLIENTE,0,Alto,0%,2,97,0,0,0,0,0,3908,0,28,Propia,Licenciatura
2.01406E+16,4669,Rechazada,PS1,Rechazado,MALO,0,,,,,0,RECIBOS DE NOMINA,#N/A,NO_CLIENTE,0,Alto,0%,3,97,0,1,3016,250,0,0,0,50,Familiares,Preparatoria
2.01406E+16,471,Rechazada,PS1,Rechazado,MALO,0,,,,,0,RECIBOS DE NOMINA,#N/A,NO_CLIENTE,0,Alto,0%,4,97,0,0,0,0,0,0,0,49,Hipoteca,Posgrado
2.01406E+16,8196,Rechazada,PS1,Rechazado,MALO,0,,,,,0,PROPIEDAD ACTIVO FIJO,#N/A,NO_CLIENTE,0,Alto,0%,3,97,0,0,0,0,0,0,0,51,Renta,Preparatoria
2.01407E+16,497,Rechazada,PS1,Rechazado,MALO,0,,,,,0,RECIBOS DE NOMINA,#N/A,NO_CLIENTE,0,Alto,0%,3,97,0,0,0,0,0,0,0,60,Familiares,Preparatoria
2.01407E+16,990,Rechazada,PS1,Rechazado,MALO,0,,,,,0,RECIBOS DE NOMINA,#N/A,NO_CLIENTE,0,Alto,0%,2,97,0,0,0,0,0,0,0,50,Hipoteca,Licenciatura
2.01407E+16,424,Rechazada,PS1,Rechazado,MALO,0,,,,,0,RECIBOS DE NOMINA,#N/A,NO_CLIENTE,0,Alto,0%,3,97,0,0,0,0,0,0,0,31,Familiares,Preparatoria
2.01407E+16,879,Rechazada,PS1,Rechazado,MALO,0,,,,,0,PROPIEDAD ACTIVO FIJO,#N/A,NO_CLIENTE,0,Alto,0%,2,97,0,0,0,0,0,29486,0,56,Renta,Licenciatura
2.01407E+16,7162,Rechazada,PS1,Rechazado,MALO,0,,,,,0,RECIBOS DE NOMINA,#N/A,NO_CLIENTE,0,Alto,0%,1,97,0,0,0,0,0,0,0,55,Renta,Licenciatura
2.01407E+16,4357,Rechazada,PS1,Rechazado,MALO,0,,,,,0,PROPIEDAD ACTIVO FIJO,#N/A,NO_CLIENTE,0,Alto,0%,2,97,0,1,32341,970,0,81376,0,59,Familiares,Licenciatura
2.01407E+16,133,Rechazada,PS1,Rechazado,MALO,0,,,,,0,RECIBOS DE NOMINA,#N/A,NO_CLIENTE,0,Alto,0%,3,97,0,0,0,0,0,0,0,41,Propia,Posgrado
2.01407E+16,166,Rechazada,PS1,Rechazado,MALO,0,,,,,0,RECIBOS DE NOMINA,#N/A,NO_CLIENTE,0,Alto,0%,2,97,0,0,0,0,0,0,0,35,Propia,Preparatoria
2.01407E+16,966,Rechazada,PS1,Rechazado,MALO,0,,,,,0,RECIBOS DE NOMINA,#N/A,NO_CLIENTE,0,Alto,0%,1,97,0,0,0,0,0,0,0,37,Familiares,Posgrado
2.01407E+16,5187,Rechazada,PS1,Rechazado,MALO,0,,,,,0,PROPIEDAD ACTIVO FIJO,#N/A,NO_CLIENTE,0,Alto,0%,4,97,0,1,496,250,0,0,0,35,Hipoteca,Licenciatura
2.01407E+16,115,Rechazada,PS1,Rechazado,MALO,0,,,,,0,RECIBOS DE NOMINA,#N/A,NO_CLIENTE,0,Alto,0%,3,97,0,0,0,0,0,0,0,39,Propia,Posgrado
2.01407E+16,111,Rechazada,PS1,Rechazado,MALO,0,,,,,0,RECIBOS DE NOMINA,#N/A,NO_CLIENTE,0,Alto,0%,2,97,0,0,0,0,0,0,0,26,Renta,Posgrado
2.01407E+16,7441,Rechazada,PS1,Rechazado,MALO,0,,,,,0,PROPIEDAD ACTIVO FIJO,#N/A,NO_CLIENTE,0,Alto,0%,3,97,0,1,12525,1080,0,0,0,29,Familiares,Secundaria
2.01407E+16,16,Rechazada,PS1,Rechazado,MALO,0,,,,,0,PROPIEDAD ACTIVO FIJO,#N/A,NO_CLIENTE,0,Alto,0%,4,97,0,1,4512,410,0,0,0,31,Familiares,Posgrado
2.01407E+16,731,Rechazada,PS1,Rechazado,MALO,0,,,,,0,RECIBOS DE NOMINA,#N/A,NO_CLIENTE,0,Alto,0%,3,97,0,0,0,0,0,0,0,30,Propia,Licenciatura
2.01407E+16,5165,Rechazada,PS1,Rechazado,MALO,0,,,,,0,RECIBOS DE NOMINA,#N/A,NO_CLIENTE,0,Alto,0%,3,97,0,0,0,0,0,0,0,48,Familiares,Posgrado
2.01407E+16,4431,Rechazada,PS1,Rechazado,MALO,0,,,,,0,DECLARACION ANUAL PFAE,#N/A,NO_CLIENTE,0,Alto,0%,2,97,0,0,0,0,0,0,0,60,Familiares,Licenciatura
2.01407E+16,944,Rechazada,PS1,Rechazado,MALO,0,,,,,0,RECIBOS DE NOMINA,#N/A,NO_CLIENTE,0,Alto,0%,3,97,0,0,0,0,0,0,0,49,Renta,Licenciatura
2.01407E+16,4435,Rechazada,PS1,Rechazado,MALO,0,,,,,0,PAGOS PROV SEMESTRALES PF,#N/A,NO_CLIENTE,0,Alto,0%,2,97,0,0,0,0,0,0,0,46,Familiares,Licenciatura
2.01407E+16,120,Rechazada,PS1,Rechazado,MALO,0,,,,,0,RECIBOS DE NOMINA,#N/A,NO_CLIENTE,0,Alto,0%,1,97,0,0,8426,0,0,0,0,51,Hipoteca,Licenciatura
2.01407E+16,165,Rechazada,PS1,Rechazado,MALO,0,,,,,0,PROPIEDAD ACTIVO FIJO,#N/A,NO_CLIENTE,0,Alto,0%,2,97,0,0,0,0,0,0,0,45,Familiares,Licenciatura
2.01407E+16,4577,Rechazada,PS1,Rechazado,MALO,0,,,,,0,RECIBOS DE NOMINA,#N/A,NO_CLIENTE,0,Alto,0%,3,97,0,0,0,0,0,0,0,47,Propia,Preparatoria
2.01407E+16,920,Rechazada,PS1,Rechazado,MALO,0,,,,,0,RECIBOS DE NOMINA,#N/A,NO_CLIENTE,0,Alto,0%,2,97,0,0,0,0,0,0,0,25,Familiares,Licenciatura
2.01407E+16,319,Rechazada,PS1,Rechazado,MALO,0,,,,,0,RECIBOS DE NOMINA,#N/A,NO_CLIENTE,0,Alto,0%,1,97,0,0,0,0,0,0,0,41,Familiares,Licenciatura
2.01407E+16,4635,Rechazada,PS1,Rechazado,MALO,0,,,,,0,PROPIEDAD ACTIVO FIJO,#N/A,NO_CLIENTE,0,Alto,0%,4,97,0,0,0,0,0,1162,0,53,Hipoteca,Preparatoria
2.01407E+16,19020,Cancelada,PS1,Rechazado,MALO,0,,,,,0,PROPIEDAD ACTIVO FIJO,#N/A,NO_CLIENTE,0,Alto,0%,3,97,0,1,969,440,0,0,0,60,Propia,Licenciatura
2.01407E+16,166,Rechazada,PS1,Rechazado,MALO,0,,,,,0,RECIBOS DE NOMINA,#N/A,NO_CLIENTE,0,Alto,0%,2,97,0,0,0,0,0,0,0,26,Renta,Preparatoria
2.01407E+16,4374,Rechazada,PS1,Rechazado,MALO,0,,,,,0,PROPIEDAD ACTIVO FIJO,#N/A,NO_CLIENTE,0,Alto,0%,3,97,0,1,2072,1970,0,36526,0,29,Propia,Posgrado
2.01407E+16,402,Rechazada,PS1,Rechazado,MALO,0,,,,,0,RECIBOS DE NOMINA,#N/A,NO_CLIENTE,0,Alto,0%,4,97,0,0,0,0,0,11697,0,57,Propia,Licenciatura
2.01407E+16,4454,Rechazada,PS1,Rechazado,MALO,0,,,,,0,RECIBOS DE NOMINA,#N/A,NO_CLIENTE,0,Alto,0%,3,97,0,0,0,0,0,0,0,55,Familiares,Posgrado
2.01407E+16,24016,Rechazada,PS1,Rechazado,MALO,0,,,,,0,RECIBOS DE NOMINA,#N/A,NO_CLIENTE,0,Alto,0%,3,97,0,0,0,0,0,0,0,50,Familiares,Licenciatura
2.01407E+16,14050,Rechazada,PS1,Rechazado,MALO,0,,,,,0,PROPIEDAD ACTIVO FIJO,#N/A,NO_CLIENTE,0,Alto,0%,2,97,0,0,0,0,0,0,0,37,Renta,Posgrado
2.01407E+16,107,Rechazada,PS1,Rechazado,MALO,0,,,,,0,PROPIEDAD ACTIVO FIJO,#N/A,NO_CLIENTE,0,Alto,0%,3,97,0,0,2432,0,0,0,0,52,Propia,Posgrado
2.01407E+16,4643,Rechazada,PS1,Rechazado,MALO,0,,,,,0,RECIBOS DE NOMINA,#N/A,NO_CLIENTE,0,Alto,0%,2,97,0,0,0,0,0,0,0,50,Familiares,Posgrado
2.01407E+16,208,Rechazada,PS1,Rechazado,MALO,0,,,,,0,RECIBOS DE NOMINA,#N/A,NO_CLIENTE,0,Alto,0%,1,97,0,0,0,0,0,0,0,45,Propia,Posgrado
2.01407E+16,4725,Rechazada,PS1,Rechazado,MALO,0,,,,,0,PROPIEDAD ACTIVO FIJO,#N/A,NO_CLIENTE,0,Alto,0%,2,97,0,0,0,0,0,0,0,47,Renta,Preparatoria
2.01407E+16,4603,Rechazada,PS1,Rechazado,MALO,0,,,,,0,PROPIEDAD ACTIVO FIJO,#N/A,NO_CLIENTE,0,Alto,0%,3,97,0,1,227,227,0,0,0,49,Propia,Licenciatura
2.01407E+16,547,Rechazada,PS1,Rechazado,MALO,0,,,,,0,PROPIEDAD ACTIVO FIJO,#N/A,NO_CLIENTE,0,Alto,0%,2,97,0,0,0,0,0,0,0,60,Familiares,Licenciatura
2.01407E+16,14056,Rechazada,PS1,Rechazado,MALO,0,,,,,0,PROPIEDAD ACTIVO FIJO,#N/A,NO_CLIENTE,0,Alto,0%,1,97,0,1,47354,2760,0,37629,0,39,Familiares,Licenciatura
2.01407E+16,7418,Rechazada,PS1,Rechazado,MALO,0,,,,,0,PROPIEDAD ACTIVO FIJO,#N/A,NO_CLIENTE,0,Alto,0%,4,97,0,0,15511,0,0,0,0,48,Hipoteca,Posgrado
2.01407E+16,918,Rechazada,PS1,Rechazado,MALO,0,,,,,0,RECIBOS DE NOMINA,#N/A,NO_CLIENTE,0,Alto,0%,3,97,0,0,0,0,0,39025,0,39,Renta,Posgrado
2.01407E+16,4040,Rechazada,PS1,Rechazado,MALO,0,,,,,0,RECIBOS DE NOMINA,#N/A,NO_CLIENTE,0,Alto,0%,2,97,0,0,0,0,0,0,0,37,Familiares,Posgrado
2.01407E+16,752,Rechazada,PS1,Rechazado,MALO,0,,,,,0,RECIBOS DE NOMINA,#N/A,NO_CLIENTE,0,Alto,0%,3,97,0,0,0,0,0,11494,0,37,Hipoteca,Preparatoria
2.01407E+16,126,Rechazada,PS1,Rechazado,MALO,0,,,,,0,PROPIEDAD ACTIVO FIJO,#N/A,NO_CLIENTE,0,Alto,0%,4,97,0,0,0,0,0,0,0,35,Propia,Posgrado
2.01407E+16,561,Rechazada,PS1,Rechazado,MALO,0,,,,,0,RECIBOS DE NOMINA,#N/A,NO_CLIENTE,0,Alto,0%,3,97,0,0,0,0,0,0,0,27,Hipoteca,Preparatoria
2.01407E+16,4089,Rechazada,PS1,Rechazado,MALO,0,,,,,0,PROPIEDAD ACTIVO FIJO,#N/A,NO_CLIENTE,0,Alto,0%,3,97,0,0,0,0,0,0,0,31,Propia,Preparatoria
2.01407E+16,245,Rechazada,PS1,Rechazado,MALO,0,,,,,0,RECIBOS DE NOMINA,#N/A,NO_CLIENTE,0,Alto,0%,2,97,0,0,0,0,0,0,0,40,Familiares,Preparatoria
2.01407E+16,4897,Rechazada,PS1,Rechazado,MALO,0,,,,,0,PROPIEDAD ACTIVO FIJO,#N/A,NO_CLIENTE,0,Alto,0%,3,97,0,0,0,0,0,53116,0,36,Hipoteca,Preparatoria
2.01407E+16,88,Rechazada,PS1,Rechazado,MALO,0,,,,,0,RECIBOS DE NOMINA,#N/A,NO_CLIENTE,0,Alto,0%,2,97,0,0,0,0,0,0,0,47,Hipoteca,Posgrado
2.01407E+16,673,Rechazada,PS1,Rechazado,MALO,0,,,,,0,RECIBOS DE NOMINA,#N/A,NO_CLIENTE,0,Alto,0%,1,97,0,0,0,0,0,0,0,27,Hipoteca,Licenciatura
2.01407E+16,730,Rechazada,PS1,Rechazado,MALO,0,,,,,0,RECIBOS DE NOMINA,#N/A,NO_CLIENTE,0,Alto,0%,2,97,0,0,0,0,0,0,0,33,Hipoteca,Licenciatura
2.01407E+16,4526,Rechazada,PS1,Rechazado,MALO,0,,,,,0,RECIBOS DE NOMINA,#N/A,NO_CLIENTE,0,Alto,0%,3,97,0,2,2655,500,0,0,0,36,Familiares,Posgrado
2.01407E+16,5145,Rechazada,PS1,Rechazado,MALO,0,,,,,0,PROPIEDAD ACTIVO FIJO,#N/A,NO_CLIENTE,0,Alto,0%,2,97,0,0,0,0,0,0,0,45,Familiares,Preparatoria
2.01407E+16,84,Rechazada,PS1,Rechazado,MALO,0,,,,,0,RECIBOS DE NOMINA,#N/A,NO_CLIENTE,0,Alto,0%,1,97,0,0,0,0,0,0,0,36,Propia,Licenciatura
2.01407E+16,16,Rechazada,PS1,Rechazado,MALO,0,,,,,0,PROPIEDAD ACTIVO FIJO,#N/A,NO_CLIENTE,0,Alto,0%,4,97,0,1,1271,820,0,0,0,40,Renta,Preparatoria
2.01407E+16,4164,Rechazada,PS1,Rechazado,MALO,0,,,,,0,RECIBOS DE NOMINA,#N/A,NO_CLIENTE,0,Alto,0%,3,97,0,0,0,0,0,0,0,37,Propia,Licenciatura
2.01407E+16,4432,Rechazada,PS1,Rechazado,MALO,0,,,,,0,RECIBOS DE NOMINA,#N/A,NO_CLIENTE,0,Alto,0%,2,97,0,0,0,0,0,0,0,52,Propia,Licenciatura
2.01407E+16,892,Rechazada,PS1,Rechazado,MALO,0,,,,,0,RECIBOS DE NOMINA,#N/A,NO_CLIENTE,0,Alto,0%,3,97,0,0,0,0,0,0,0,45,Familiares,Posgrado
2.01407E+16,131,Rechazada,PS1,Rechazado,MALO,0,,,,,0,RECIBOS DE NOMINA,#N/A,NO_CLIENTE,0,Alto,0%,4,97,0,0,0,0,0,0,0,50,Hipoteca,Preparatoria
2.01407E+16,309,Rechazada,PS1,Rechazado,MALO,0,,,,,0,RECIBOS DE NOMINA,#N/A,NO_CLIENTE,0,Alto,0%,3,97,0,0,0,0,0,0,0,59,Familiares,Preparatoria
2.01407E+16,181,Rechazada,PS1,Rechazado,MALO,0,,,,,0,RECIBOS DE NOMINA,#N/A,NO_CLIENTE,0,Alto,0%,3,97,0,0,0,0,0,0,0,41,Familiares,Posgrado
2.01407E+16,267,Rechazada,PS1,Rechazado,MALO,0,,,,,0,RECIBOS DE NOMINA,#N/A,NO_CLIENTE,0,Alto,0%,2,97,0,0,0,0,0,0,0,38,Familiares,Preparatoria
2.01407E+16,4333,Rechazada,PS1,Rechazado,MALO,0,,,,,0,RECIBOS DE NOMINA,#N/A,NO_CLIENTE,0,Alto,0%,3,97,0,0,0,0,0,0,0,43,Propia,Posgrado
2.01407E+16,7743,Rechazada,PS1,Rechazado,MALO,0,,,,,0,RECIBOS DE NOMINA,#N/A,NO_CLIENTE,0,Alto,0%,2,97,0,0,0,0,0,0,0,39,Propia,Licenciatura
2.01407E+16,885,Rechazada,PS1,Rechazado,MALO,0,,,,,0,PROPIEDAD ACTIVO FIJO,#N/A,NO_CLIENTE,0,Alto,0%,1,97,0,1,32986,1820,0,0,0,56,Propia,Preparatoria
2.01407E+16,4663,Rechazada,PS1,Rechazado,MALO,0,,,,,0,PROPIEDAD ACTIVO FIJO,#N/A,NO_CLIENTE,0,Alto,0%,2,97,0,0,0,0,0,0,0,32,Propia,Posgrado
2.01407E+16,4718,Rechazada,PS1,Rechazado,MALO,0,,,,,0,RECIBOS DE NOMINA,#N/A,NO_CLIENTE,0,Alto,0%,3,97,0,0,0,0,0,0,0,45,Hipoteca,Posgrado
2.01407E+16,311,Rechazada,PS1,Rechazado,MALO,0,,,,,0,RECIBOS DE NOMINA,#N/A,NO_CLIENTE,0,Alto,0%,2,97,0,0,0,0,0,0,0,40,Hipoteca,Preparatoria
2.01407E+16,4454,Rechazada,PS1,Rechazado,MALO,0,,,,,0,RECIBOS DE NOMINA,#N/A,NO_CLIENTE,0,Alto,0%,1,97,0,0,0,0,0,0,0,49,Propia,Licenciatura
2.01407E+16,945,Rechazada,PS1,Rechazado,MALO,0,,,,,0,RECIBOS DE NOMINA,#N/A,NO_CLIENTE,0,Alto,0%,4,97,0,0,0,0,0,0,0,49,Renta,Posgrado
2.01407E+16,826,Rechazada,PS1,Rechazado,MALO,0,,,,,0,PROPIEDAD ACTIVO FIJO,#N/A,NO_CLIENTE,0,Alto,0%,3,97,0,0,0,0,0,30414,0,40,Renta,Preparatoria
2.01407E+16,626,Rechazada,PS1,Rechazado,MALO,0,,,,,0,RECIBOS DE NOMINA,#N/A,NO_CLIENTE,0,Alto,0%,2,97,0,0,0,0,0,0,0,32,Propia,Preparatoria
2.01407E+16,661,Rechazada,PS1,Rechazado,MALO,0,,,,,0,RECIBOS DE NOMINA,#N/A,NO_CLIENTE,0,Alto,0%,3,97,0,0,0,0,0,0,0,57,Propia,Preparatoria
2.01407E+16,4149,Rechazada,PS1,Rechazado,MALO,0,,,,,0,RECIBOS DE NOMINA,#N/A,NO_CLIENTE,0,Alto,0%,4,97,0,0,0,0,0,0,0,60,Propia,Posgrado
2.01407E+16,7912,Rechazada,PS1,Rechazado,MALO,0,,,,,0,PROPIEDAD ACTIVO FIJO,#N/A,NO_CLIENTE,0,Alto,0%,3,97,0,0,0,0,0,0,0,53,Propia,Posgrado
2.01407E+16,211,Rechazada,PS1,Rechazado,MALO,0,,,,,0,RECIBOS DE NOMINA,#N/A,NO_CLIENTE,0,Alto,0%,3,97,0,0,0,0,0,18298,0,60,Hipoteca,Preparatoria
2.01407E+16,111,Rechazada,PS1,Rechazado,MALO,0,,,,,0,PROPIEDAD ACTIVO FIJO,#N/A,NO_CLIENTE,0,Alto,0%,2,97,0,0,0,0,0,0,0,34,Propia,Licenciatura
2.01407E+16,347,Rechazada,PS1,Rechazado,MALO,0,,,,,0,INVERSIONES,#N/A,NO_CLIENTE,0,Alto,0%,3,97,0,0,0,0,0,0,0,49,Propia,Posgrado
2.01407E+16,4266,Rechazada,PS1,Rechazado,MALO,0,,,,,0,RECIBOS DE NOMINA,#N/A,NO_CLIENTE,0,Alto,0%,2,97,0,0,0,0,0,0,0,57,Familiares,Licenciatura
2.01407E+16,311,Rechazada,PS1,Rechazado,MALO,0,,,,,0,RECIBOS DE NOMINA,#N/A,NO_CLIENTE,0,Alto,0%,1,97,0,0,0,0,0,0,0,34,Familiares,Posgrado
2.01407E+16,289,Rechazada,PS1,Rechazado,MALO,0,,,,,0,RECIBOS DE NOMINA,#N/A,NO_CLIENTE,0,Alto,0%,2,97,0,0,0,0,0,0,0,42,Propia,Posgrado
2.01407E+16,918,Rechazada,PS1,Rechazado,MALO,0,,,,,0,RECIBOS DE NOMINA,#N/A,NO_CLIENTE,0,Alto,0%,3,97,0,0,0,0,0,0,0,38,Renta,Posgrado
2.01408E+16,901,Rechazada,PS1,Rechazado,MALO,0,,,,,0,PROPIEDAD ACTIVO FIJO,#N/A,NO_CLIENTE,0,Alto,0%,2,97,0,0,8302,0,0,0,0,49,Hipoteca,Preparatoria
2.01408E+16,88,Rechazada,PS1,Rechazado,MALO,0,,,,,0,PROPIEDAD ACTIVO FIJO,#N/A,NO_CLIENTE,0,Alto,0%,1,97,0,0,0,0,0,0,0,36,Hipoteca,Preparatoria
2.01408E+16,782,Rechazada,PS1,Rechazado,MALO,0,,,,,0,RECIBOS DE NOMINA,#N/A,NO_CLIENTE,0,Alto,0%,4,97,0,0,0,0,0,0,0,52,Propia,Preparatoria
2.01408E+16,4730,Rechazada,PS1,Rechazado,MALO,0,,,,,0,RECIBOS DE NOMINA,#N/A,NO_CLIENTE,0,Alto,0%,3,97,0,0,0,0,0,0,0,39,Propia,Posgrado
2.01408E+16,4668,Rechazada,PS1,Rechazado,MALO,0,,,,,0,PAGOS PROV SEMESTRALES PF,#N/A,NO_CLIENTE,0,Alto,0%,2,97,0,0,0,0,0,0,0,36,Hipoteca,Preparatoria
2.01408E+16,466,Rechazada,PS1,Rechazado,MALO,0,,,,,0,RECIBOS DE NOMINA,#N/A,NO_CLIENTE,0,Alto,0%,3,97,0,0,0,0,0,22878,0,56,Propia,Preparatoria
2.01408E+16,313,Rechazada,PS1,Rechazado,MALO,0,,,,,0,RECIBOS DE NOMINA,#N/A,NO_CLIENTE,0,Alto,0%,4,97,0,0,0,0,0,0,0,46,Hipoteca,Licenciatura
2.01408E+16,6500,Rechazada,PS1,Rechazado,MALO,0,,,,,0,RECIBOS DE NOMINA,#N/A,NO_CLIENTE,0,Alto,0%,3,97,0,0,0,0,0,0,0,53,Hipoteca,Preparatoria
2.01408E+16,4782,Rechazada,PS1,Rechazado,MALO,0,,,,,0,RECIBOS DE NOMINA,#N/A,NO_CLIENTE,0,Alto,0%,3,97,0,0,0,0,0,0,0,46,Familiares,Posgrado
2.01408E+16,4147,Rechazada,PS1,Rechazado,MALO,0,,,,,0,RECIBOS DE NOMINA,#N/A,NO_CLIENTE,0,Alto,0%,2,97,0,0,0,0,0,0,0,35,Familiares,Posgrado
2.01408E+16,4581,Rechazada,PS1,Rechazado,MALO,0,,,,,0,RECIBOS DE NOMINA,#N/A,NO_CLIENTE,0,Alto,0%,3,97,0,0,0,0,0,0,0,57,Familiares,Licenciatura
2.01408E+16,7770,Rechazada,PS1,Rechazado,MALO,0,,,,,0,RECIBOS DE NOMINA,#N/A,NO_CLIENTE,0,Alto,0%,2,97,0,0,0,0,0,0,0,36,Hipoteca,Preparatoria
2.01408E+16,59,Rechazada,PS1,Rechazado,MALO,0,,,,,0,RECIBOS DE NOMINA,#N/A,NO_CLIENTE,0,Alto,0%,1,97,0,0,0,0,0,0,0,35,Renta,Posgrado
2.01408E+16,826,Rechazada,PS1,Rechazado,MALO,0,,,,,0,PROPIEDAD ACTIVO FIJO,#N/A,NO_CLIENTE,20000,Alto,0%,2,97,0,1,6425,440,0,44886,0,43,Renta,Licenciatura
2.01408E+16,215,Rechazada,PS1,Rechazado,MALO,0,,,,,0,PROPIEDAD ACTIVO FIJO,#N/A,NO_CLIENTE,0,Alto,0%,3,97,0,0,0,0,0,0,0,32,Hipoteca,Licenciatura
2.01408E+16,939,Rechazada,PS1,Rechazado,MALO,0,,,,,0,RECIBOS DE NOMINA,#N/A,NO_CLIENTE,13000,Alto,0%,2,97,0,0,1307,0,0,0,0,31,Hipoteca,Licenciatura
2.01408E+16,217,Rechazada,PS1,Rechazado,MALO,0,,,,,0,RECIBOS DE NOMINA,#N/A,NO_CLIENTE,0,Alto,0%,1,97,0,0,0,0,0,7324,0,25,Hipoteca,Licenciatura
2.01408E+16,4749,Rechazada,PS1,Rechazado,MALO,0,,,,,0,PROPIEDAD ACTIVO FIJO,#N/A,NO_CLIENTE,0,Alto,0%,4,97,0,0,0,0,0,0,0,54,Hipoteca,Posgrado
2.01408E+16,997,Rechazada,PS1,Rechazado,MALO,0,,,,,0,PROPIEDAD ACTIVO FIJO,#N/A,NO_CLIENTE,0,Alto,0%,3,97,0,0,0,0,0,0,0,51,Hipoteca,Licenciatura
2.01408E+16,753,Rechazada,PS1,Rechazado,MALO,0,,,,,0,RECIBOS DE NOMINA,#N/A,NO_CLIENTE,0,Alto,0%,2,97,0,0,0,0,0,0,0,34,Propia,Preparatoria
2.01408E+16,289,Rechazada,PS1,Rechazado,MALO,0,,,,,0,RECIBOS DE NOMINA,#N/A,NO_CLIENTE,0,Alto,0%,3,97,0,0,0,0,0,0,0,42,Renta,Posgrado
2.01408E+16,500,Rechazada,PS1,Rechazado,MALO,0,,,,,0,RECIBOS DE NOMINA,#N/A,NO_CLIENTE,47000,Alto,0%,4,97,0,1,47491,2670,0,0,0,40,Familiares,Preparatoria
2.01408E+16,219,Rechazada,PS1,Rechazado,MALO,0,,,,,0,RECIBOS DE NOMINA,#N/A,NO_CLIENTE,0,Alto,0%,3,97,0,8,3451,3451,0,0,0,32,Familiares,Preparatoria
2.01408E+16,6560,Rechazada,PS1,Rechazado,MALO,0,,,,,0,PROPIEDAD ACTIVO FIJO,#N/A,NO_CLIENTE,0,Alto,0%,3,97,0,0,0,0,0,0,0,32,Renta,Preparatoria
2.01408E+16,824,Rechazada,PS1,Rechazado,MALO,0,,,,,0,RECIBOS DE NOMINA,#N/A,NO_CLIENTE,0,Alto,0%,2,97,0,0,0,0,0,0,0,44,Familiares,Preparatoria
2.01408E+16,303,Rechazada,PS1,Rechazado,MALO,0,,,,,0,RECIBOS DE NOMINA,#N/A,NO_CLIENTE,0,Alto,0%,3,97,0,0,0,0,0,0,0,29,Hipoteca,Licenciatura
2.01408E+16,171,Rechazada,PS1,Rechazado,MALO,0,,,,,0,RECIBOS DE NOMINA,#N/A,NO_CLIENTE,5800,Alto,0%,2,97,0,0,4398,0,0,15499,0,26,Familiares,Preparatoria
2.01408E+16,181,Rechazada,PS1,Rechazado,MALO,0,,,,,0,PAGOS PROV SEMESTRALES PF,#N/A,NO_CLIENTE,0,Alto,0%,1,97,0,0,0,0,0,0,0,52,Hipoteca,Preparatoria
2.01408E+16,8167,Rechazada,PS1,Rechazado,MALO,0,,,,,0,PROPIEDAD ACTIVO FIJO,#N/A,NO_CLIENTE,0,Alto,0%,2,97,0,0,0,0,0,0,0,57,Hipoteca,Preparatoria
2.01408E+16,7772,Rechazada,PS1,Rechazado,MALO,0,,,,,0,PROPIEDAD ACTIVO FIJO,#N/A,NO_CLIENTE,0,Alto,0%,3,97,0,0,0,0,0,0,0,59,Propia,Licenciatura
2.01408E+16,7761,Rechazada,PS1,Rechazado,MALO,0,,,,,0,RECIBOS DE NOMINA,#N/A,NO_CLIENTE,0,Alto,0%,2,97,0,0,0,0,0,0,0,42,Hipoteca,Posgrado
2.01408E+16,69,Rechazada,PS1,Rechazado,MALO,0,,,,,0,RECIBOS DE NOMINA,#N/A,NO_CLIENTE,28000,Alto,0%,1,97,0,0,0,0,0,0,0,41,Propia,Licenciatura
2.01408E+16,7576,Rechazada,PS1,Rechazado,MALO,0,,,,,0,PROPIEDAD ACTIVO FIJO,#N/A,NO_CLIENTE,0,Alto,0%,4,97,0,0,0,0,0,0,0,44,Propia,Licenciatura
2.01408E+16,7575,Rechazada,PS1,Rechazado,MALO,0,,,,,0,PROPIEDAD ACTIVO FIJO,#N/A,NO_CLIENTE,0,Alto,0%,3,97,0,0,0,0,0,0,0,55,Familiares,Licenciatura
2.01408E+16,7991,Rechazada,PS1,Rechazado,MALO,0,,,,,0,PROPIEDAD ACTIVO FIJO,#N/A,NO_CLIENTE,0,Alto,0%,2,97,0,0,0,0,0,0,0,38,Hipoteca,Posgrado
2.01408E+16,861,Rechazada,PS1,Rechazado,MALO,0,,,,,0,PROPIEDAD ACTIVO FIJO,#N/A,NO_CLIENTE,0,Alto,0%,3,97,0,0,0,0,0,0,0,28,Hipoteca,Preparatoria
2.01408E+16,8118,Rechazada,PS1,Rechazado,MALO,0,,,,,0,RECIBOS DE NOMINA,#N/A,NO_CLIENTE,0,Alto,0%,4,97,0,0,0,0,0,0,0,43,Familiares,Preparatoria
2.01408E+16,9262,Rechazada,PS1,Rechazado,MALO,0,,,,,0,RECIBOS DE NOMINA,#N/A,NO_CLIENTE,0,Alto,0%,3,97,0,0,0,0,0,0,0,31,Propia,Licenciatura
2.01408E+16,9260,Rechazada,PS1,Rechazado,MALO,0,,,,,0,PROPIEDAD ACTIVO FIJO,#N/A,NO_CLIENTE,0,Alto,0%,3,97,0,0,0,0,0,0,0,55,Hipoteca,Preparatoria
2.01408E+16,7794,Rechazada,PS1,Rechazado,MALO,0,,,,,0,PROPIEDAD ACTIVO FIJO,#N/A,NO_CLIENTE,121000,Alto,0%,2,97,0,0,21541,0,0,23927,0,38,Familiares,Licenciatura
2.01408E+16,9260,Rechazada,PS1,Rechazado,MALO,0,,,,,0,PROPIEDAD ACTIVO FIJO,#N/A,NO_CLIENTE,0,Alto,0%,3,97,0,0,0,0,0,0,0,34,Familiares,Licenciatura
2.01408E+16,9260,Rechazada,PS1,Rechazado,MALO,0,,,,,0,PROPIEDAD ACTIVO FIJO,#N/A,NO_CLIENTE,0,Alto,0%,2,97,0,0,0,0,0,0,0,56,Familiares,Posgrado
2.01408E+16,7769,Rechazada,PS1,Rechazado,MALO,0,,,,,0,RECIBOS DE NOMINA,#N/A,NO_CLIENTE,0,Alto,0%,1,97,0,0,0,0,0,0,0,43,Renta,Preparatoria
2.01408E+16,9261,Rechazada,PS1,Rechazado,MALO,0,,,,,0,PROPIEDAD ACTIVO FIJO,#N/A,NO_CLIENTE,0,Alto,0%,2,97,0,0,0,0,0,0,0,43,Propia,Preparatoria
2.01408E+16,7799,Rechazada,PS1,Rechazado,MALO,0,,,,,0,RECIBOS DE NOMINA,#N/A,NO_CLIENTE,0,Alto,0%,3,97,0,0,0,0,0,0,0,45,Propia,Preparatoria
2.01408E+16,9141,Rechazada,PS1,Rechazado,MALO,0,,,,,0,RECIBOS DE NOMINA,#N/A,NO_CLIENTE,11000,Alto,0%,2,97,0,0,0,0,0,0,0,28,Familiares,Licenciatura
2.01408E+16,9041,Rechazada,PS1,Rechazado,MALO,0,,,,,0,RECIBOS DE NOMINA,#N/A,NO_CLIENTE,0,Alto,0%,1,97,0,0,0,0,0,0,0,54,Hipoteca,Licenciatura
2.01408E+16,10025,Rechazada,PS1,Rechazado,MALO,0,,,,,0,RECIBOS DE NOMINA,#N/A,NO_CLIENTE,0,Alto,0%,4,97,0,0,0,0,0,0,0,57,Propia,Preparatoria
2.01408E+16,7811,Rechazada,PS1,Rechazado,MALO,0,,,,,0,PROPIEDAD ACTIVO FIJO,#N/A,NO_CLIENTE,0,Alto,0%,3,97,0,0,0,0,0,0,0,33,Hipoteca,Posgrado
2.01408E+16,9175,Rechazada,PS1,Rechazado,MALO,0,,,,,0,RECIBOS DE NOMINA,#N/A,NO_CLIENTE,0,Alto,0%,2,97,0,0,0,0,0,0,0,45,Renta,Preparatoria
2.01408E+16,5147,Rechazada,PS1,Rechazado,MALO,0,,,,,0,RECIBOS DE NOMINA,#N/A,NO_CLIENTE,0,Alto,0%,3,97,0,0,0,0,0,0,0,44,Propia,Licenciatura
2.01408E+16,7706,Rechazada,PS1,Rechazado,MALO,0,,,,,0,PROPIEDAD ACTIVO FIJO,#N/A,NO_CLIENTE,0,Alto,0%,4,97,0,0,0,0,0,0,0,33,Familiares,Licenciatura
2.01408E+16,9232,Rechazada,PS1,Rechazado,MALO,0,,,,,0,PROPIEDAD ACTIVO FIJO,#N/A,NO_CLIENTE,3200,Alto,0%,3,97,0,0,0,0,0,0,0,45,Renta,Secundaria
2.01408E+16,7769,Rechazada,PS1,Rechazado,MALO,0,,,,,0,RECIBOS DE NOMINA,#N/A,NO_CLIENTE,0,Alto,0%,3,97,0,0,0,0,0,0,0,58,Hipoteca,Posgrado
2.01408E+16,7800,Rechazada,PS1,Rechazado,MALO,0,,,,,0,PROPIEDAD ACTIVO FIJO,#N/A,NO_CLIENTE,0,Alto,0%,2,97,0,0,0,0,0,0,0,54,Propia,Preparatoria
2.01408E+16,8161,Rechazada,PS1,Rechazado,MALO,0,,,,,0,RECIBOS DE NOMINA,#N/A,NO_CLIENTE,0,Alto,0%,3,97,0,0,0,0,0,0,0,45,Propia,Posgrado
2.01408E+16,7660,Rechazada,PS1,Rechazado,MALO,0,,,,,0,PROPIEDAD ACTIVO FIJO,#N/A,NO_CLIENTE,0,Alto,0%,2,97,0,0,0,0,0,0,0,52,Renta,Preparatoria
2.01408E+16,9225,Rechazada,PS1,Rechazado,MALO,0,,,,,0,RECIBOS DE NOMINA,#N/A,NO_CLIENTE,0,Alto,0%,1,97,0,0,0,0,0,0,0,41,Hipoteca,Posgrado
2.01408E+16,5147,Rechazada,PS1,Rechazado,MALO,0,,,,,0,RECIBOS DE NOMINA,#N/A,NO_CLIENTE,0,Alto,0%,2,97,0,0,0,0,0,0,0,28,Familiares,Licenciatura
2.01408E+16,180,Rechazada,PS1,Rechazado,MALO,0,,,,,0,RECIBOS DE NOMINA,#N/A,NO_CLIENTE,0,Alto,0%,3,97,0,0,0,0,0,0,0,35,Familiares,Preparatoria
2.01408E+16,287,Rechazada,PS1,Rechazado,MALO,0,,,,,0,RECIBOS DE NOMINA,#N/A,NO_CLIENTE,0,Alto,0%,2,97,0,0,0,0,0,0,0,49,Renta,Preparatoria
2.01408E+16,101,Rechazada,PS1,Rechazado,MALO,0,,,,,0,PROPIEDAD ACTIVO FIJO,#N/A,NO_CLIENTE,0,Alto,0%,1,97,0,0,0,0,0,0,0,60,Familiares,Licenciatura
2.01408E+16,152,Rechazada,PS1,Rechazado,MALO,0,,,,,0,RECIBOS DE NOMINA,#N/A,NO_CLIENTE,17500,Alto,0%,4,97,0,0,14376,0,0,19889,0,40,Renta,Licenciatura
2.01408E+16,900,Rechazada,PS1,Rechazado,MALO,0,,,,,0,RECIBOS DE NOMINA,#N/A,NO_CLIENTE,0,Alto,0%,3,97,0,0,0,0,0,0,0,50,Renta,Licenciatura
2.01408E+16,4595,Rechazada,PS1,Rechazado,MALO,0,,,,,0,RECIBOS DE NOMINA,#N/A,NO_CLIENTE,0,Alto,0%,2,97,0,0,0,0,0,3766,0,54,Propia,Posgrado
2.01408E+16,7153,Rechazada,PS1,Rechazado,MALO,0,,,,,0,RECIBOS DE NOMINA,#N/A,NO_CLIENTE,0,Alto,0%,3,97,0,0,0,0,0,0,0,47,Propia,Posgrado
2.01408E+16,354,Rechazada,PS1,Rechazado,MALO,0,,,,,0,INVERSIONES,#N/A,NO_CLIENTE,0,Alto,0%,4,97,0,0,0,0,0,0,0,32,Renta,Preparatoria
2.01408E+16,414,Rechazada,PS1,Rechazado,MALO,0,,,,,0,PROPIEDAD ACTIVO FIJO,#N/A,NO_CLIENTE,0,Alto,0%,3,97,0,0,0,0,0,0,0,39,Propia,Licenciatura
2.01408E+16,617,Rechazada,PS1,Rechazado,MALO,0,,,,,0,PROPIEDAD ACTIVO FIJO,#N/A,NO_CLIENTE,3000,Alto,0%,3,97,0,1,2807,250,0,0,0,57,Familiares,Posgrado
2.01408E+16,183,Rechazada,PS1,Rechazado,MALO,0,,,,,0,RECIBOS DE NOMINA,#N/A,NO_CLIENTE,0,Alto,0%,2,97,0,0,0,0,0,0,0,59,Renta,Preparatoria
2.01408E+16,105,Rechazada,PS1,Rechazado,MALO,0,,,,,0,PROPIEDAD ACTIVO FIJO,#N/A,NO_CLIENTE,11000,Alto,0%,3,97,0,1,10789,710,0,0,0,56,Renta,Licenciatura
2.01408E+16,112,Rechazada,PS1,Rechazado,MALO,0,,,,,0,PROPIEDAD ACTIVO FIJO,#N/A,NO_CLIENTE,0,Alto,0%,2,97,0,0,0,0,0,0,0,38,Hipoteca,Preparatoria
2.01408E+16,4339,Rechazada,PS1,Rechazado,MALO,0,,,,,0,RECIBOS DE NOMINA,#N/A,NO_CLIENTE,0,Alto,0%,1,97,0,0,0,0,0,0,0,41,Renta,Preparatoria
2.01408E+16,447,Rechazada,PS1,Rechazado,MALO,0,,,,,0,RECIBOS DE NOMINA,#N/A,NO_CLIENTE,0,Alto,0%,2,97,0,0,0,0,0,74270,0,28,Hipoteca,Preparatoria
2.01408E+16,168,Rechazada,PS1,Rechazado,MALO,0,,,,,0,RECIBOS DE NOMINA,#N/A,NO_CLIENTE,0,Alto,0%,3,97,0,0,0,0,0,0,0,44,Hipoteca,Posgrado
2.01408E+16,4164,Rechazada,PS1,Rechazado,MALO,0,,,,,0,RECIBOS DE NOMINA,#N/A,NO_CLIENTE,0,Alto,0%,2,97,0,0,0,0,0,0,0,27,Familiares,Licenciatura
2.01408E+16,323,Rechazada,PS1,Rechazado,MALO,0,,,,,0,RECIBOS DE NOMINA,#N/A,NO_CLIENTE,0,Alto,0%,1,97,0,0,0,0,0,0,0,25,Propia,Preparatoria
2.01408E+16,568,Rechazada,PS1,Rechazado,MALO,0,,,,,0,RECIBOS DE NOMINA,#N/A,NO_CLIENTE,5004,Alto,0%,4,97,0,0,935,0,0,0,0,26,Renta,Licenciatura
2.01408E+16,127,Rechazada,PS1,Rechazado,MALO,0,,,,,0,RECIBOS DE NOMINA,#N/A,NO_CLIENTE,0,Alto,0%,3,97,0,0,0,0,0,0,0,47,Hipoteca,Licenciatura
2.01408E+16,7769,Rechazada,PS1,Rechazado,MALO,0,,,,,0,RECIBOS DE NOMINA,#N/A,NO_CLIENTE,5000,Alto,0%,4,97,0,0,3539,0,0,0,0,35,Renta,Licenciatura
2.01408E+16,9144,Rechazada,PS1,Rechazado,MALO,0,,,,,0,PROPIEDAD ACTIVO FIJO,#N/A,NO_CLIENTE,0,Alto,0%,5,97,0,0,0,0,0,0,0,28,Hipoteca,Licenciatura
2.01408E+16,8118,Rechazada,PS1,Rechazado,MALO,0,,,,,0,PROPIEDAD ACTIVO FIJO,#N/A,NO_CLIENTE,0,Alto,0%,5,97,0,0,0,0,0,0,0,28,Hipoteca,Posgrado
2.01408E+16,8147,Rechazada,PS1,Rechazado,MALO,0,,,,,0,RECIBOS DE NOMINA,#N/A,NO_CLIENTE,0,Alto,0%,4,97,0,0,0,0,0,0,0,37,Hipoteca,Posgrado
2.01408E+16,8131,Rechazada,PS1,Rechazado,MALO,0,,,,,0,PROPIEDAD ACTIVO FIJO,#N/A,NO_CLIENTE,0,Alto,0%,5,97,0,0,0,0,0,0,0,26,Propia,Posgrado
2.01408E+16,9144,Rechazada,PS1,Rechazado,MALO,0,,,,,0,PROPIEDAD ACTIVO FIJO,#N/A,NO_CLIENTE,0,Alto,0%,4,97,0,0,0,0,0,0,0,57,Familiares,Preparatoria
2.01408E+16,8123,Rechazada,PS1,Rechazado,MALO,0,,,,,0,PROPIEDAD ACTIVO FIJO,#N/A,NO_CLIENTE,0,Alto,0%,5,97,0,0,0,0,0,0,0,32,Propia,Posgrado
2.01408E+16,781,Rechazada,PS1,Rechazado,MALO,0,,,,,0,RECIBOS DE NOMINA,#N/A,NO_CLIENTE,0,Alto,0%,5,97,0,0,0,0,0,0,0,44,Renta,Posgrado
2.01408E+16,358,Rechazada,PS1,Rechazado,MALO,0,,,,,0,RECIBOS DE NOMINA,#N/A,NO_CLIENTE,0,Alto,0%,4,97,0,0,0,0,0,32231,0,55,Hipoteca,Posgrado
2.01408E+16,246,Rechazada,PS1,Rechazado,MALO,0,,,,,0,RECIBOS DE NOMINA,#N/A,NO_CLIENTE,14000,Alto,0%,5,97,0,0,0,0,0,0,0,46,Hipoteca,Licenciatura
2.01408E+16,4603,Rechazada,PS1,Rechazado,MALO,0,,,,,0,RECIBOS DE NOMINA,#N/A,NO_CLIENTE,3000,Alto,0%,4,97,0,1,3080,280,0,0,0,29,Familiares,Preparatoria
2.01408E+16,458,Rechazada,PS1,Rechazado,MALO,0,,,,,0,PROPIEDAD ACTIVO FIJO,#N/A,NO_CLIENTE,0,Alto,0%,5,97,0,0,0,0,0,0,0,30,Renta,Licenciatura
2.01408E+16,648,Rechazada,PS1,Rechazado,MALO,0,,,,,0,PROPIEDAD ACTIVO FIJO,#N/A,NO_CLIENTE,24500,Alto,0%,5,97,0,1,5410,310,0,0,0,52,Propia,Preparatoria
2.01408E+16,853,Rechazada,PS1,Rechazado,MALO,0,,,,,0,PROPIEDAD ACTIVO FIJO,#N/A,NO_CLIENTE,0,Alto,0%,4,97,0,0,0,0,0,0,0,41,Familiares,Preparatoria
2.01408E+16,7128,Rechazada,PS1,Rechazado,MALO,0,,,,,0,RECIBOS DE NOMINA,#N/A,NO_CLIENTE,0,Alto,0%,5,97,0,0,0,0,0,0,0,27,Renta,Posgrado
2.01408E+16,176,Rechazada,PS1,Rechazado,MALO,0,,,,,0,PROPIEDAD ACTIVO FIJO,#N/A,NO_CLIENTE,75500,Alto,0%,4,97,0,0,6511,0,0,110394,0,47,Renta,Posgrado
2.01408E+16,389,Rechazada,PS1,Rechazado,MALO,0,,,,,0,PROPIEDAD ACTIVO FIJO,#N/A,NO_CLIENTE,0,Alto,0%,5,97,0,0,0,0,0,0,0,35,Familiares,Posgrado
2.01408E+16,428,Rechazada,PS1,Rechazado,MALO,0,,,,,0,RECIBOS DE NOMINA,#N/A,NO_CLIENTE,0,Alto,0%,5,97,0,0,0,0,0,0,0,26,Familiares,Licenciatura
2.01408E+16,457,Rechazada,PS1,Rechazado,MALO,0,,,,,0,RECIBOS DE NOMINA,#N/A,NO_CLIENTE,0,Alto,0%,4,97,0,0,0,0,0,0,0,59,Familiares,Licenciatura
2.01408E+16,6544,Rechazada,PS1,Rechazado,MALO,0,,,,,0,PROPIEDAD ACTIVO FIJO,#N/A,NO_CLIENTE,0,Alto,0%,4,97,0,0,0,0,0,0,0,35,Familiares,Licenciatura
2.01408E+16,340,Rechazada,PS1,Rechazado,MALO,0,,,,,0,PROPIEDAD ACTIVO FIJO,#N/A,NO_CLIENTE,18004,Alto,0%,5,97,0,1,8735,260,0,0,0,38,Propia,Licenciatura
2.01408E+16,553,Rechazada,PS1,Rechazado,MALO,0,,,,,0,RECIBOS DE NOMINA,#N/A,NO_CLIENTE,0,Alto,0%,5,97,0,0,0,0,0,0,0,50,Renta,Posgrado
2.01408E+16,151,Rechazada,PS1,Rechazado,MALO,0,,,,,0,PAGOS PROV SEMESTRALES PF,#N/A,NO_CLIENTE,0,Alto,0%,4,97,0,0,0,0,0,13120,0,50,Hipoteca,Licenciatura
2.01408E+16,124,Rechazada,PS1,Rechazado,MALO,0,,,,,0,RECIBOS DE NOMINA,#N/A,NO_CLIENTE,0,Alto,0%,5,97,0,0,0,0,0,0,0,42,Propia,Preparatoria
2.01408E+16,4718,Rechazada,PS1,Rechazado,MALO,0,,,,,0,RECIBOS DE NOMINA,#N/A,NO_CLIENTE,0,Alto,0%,4,97,0,0,0,0,0,0,0,49,Propia,Licenciatura
2.01408E+16,208,Rechazada,PS1,Rechazado,MALO,0,,,,,0,RECIBOS DE NOMINA,#N/A,NO_CLIENTE,35500,Alto,0%,5,97,0,0,0,0,0,0,0,50,Propia,Licenciatura
2.01408E+16,129,Rechazada,PS1,Rechazado,MALO,0,,,,,0,RECIBOS DE NOMINA,#N/A,NO_CLIENTE,0,Alto,0%,5,97,0,0,0,0,0,60912,0,26,Hipoteca,Preparatoria
2.01408E+16,948,Rechazada,PS1,Rechazado,MALO,0,,,,,0,RECIBOS DE NOMINA,#N/A,NO_CLIENTE,0,Alto,0%,4,97,0,0,0,0,0,0,0,54,Propia,Licenciatura
2.01408E+16,424,Rechazada,PS1,Rechazado,MALO,0,,,,,0,PROPIEDAD ACTIVO FIJO,#N/A,NO_CLIENTE,0,Alto,0%,4,97,0,0,0,0,0,0,0,33,Propia,Licenciatura
2.01408E+16,4393,Rechazada,PS1,Rechazado,MALO,0,,,,,0,RECIBOS DE NOMINA,#N/A,NO_CLIENTE,0,Alto,0%,5,97,0,0,0,0,0,0,0,47,Hipoteca,Posgrado
2.01408E+16,382,Rechazada,PS1,Rechazado,MALO,0,,,,,0,PROPIEDAD ACTIVO FIJO,#N/A,NO_CLIENTE,0,Alto,0%,5,97,0,0,0,0,0,0,0,52,Hipoteca,Licenciatura
2.01408E+16,4339,Rechazada,PS1,Rechazado,MALO,0,,,,,0,RECIBOS DE NOMINA,#N/A,NO_CLIENTE,211000,Alto,0%,4,97,0,0,5377,0,0,81528,0,36,Hipoteca,Posgrado
2.01408E+16,16,Rechazada,PS1,Rechazado,MALO,0,,,,,0,RECIBOS DE NOMINA,#N/A,NO_CLIENTE,0,Alto,0%,5,97,0,0,0,0,0,0,0,43,Renta,Licenciatura
2.01408E+16,6493,Rechazada,PS1,Rechazado,MALO,0,,,,,0,RECIBOS DE NOMINA,#N/A,NO_CLIENTE,0,Alto,0%,4,97,0,0,0,0,0,0,0,49,Hipoteca,Licenciatura
2.01406E+16,4622,Rechazada,CN0,Rechazado,MALO,0,,,,,0,RECIBOS DE NOMINA,Alto C,NO_CLIENTE,0,Alto,0%,5,97,0,0,0,0,0,0,0,36,Propia,Licenciatura
2.01408E+16,7919,En_proceso,CN0,Rechazado,MALO,0,,,,,0,RECIBOS DE NOMINA,Medio D,NO_CLIENTE,0,Alto,0%,5,97,0,0,0,0,0,0,0,57,Hipoteca,Preparatoria
2.01406E+16,4345,Rechazada,CN0,Rechazado,MALO,0,,,,,5436,RECIBOS DE NOMINA,Alto B,CLIENTE_BANCO,0,Alto,0%,4,97,0,0,0,0,0,0,0,58,Familiares,Secundaria
2.01408E+16,7912,En_proceso,CN0,Rechazado,MALO,0,,,,,0,RECIBOS DE NOMINA,Medio B,NO_CLIENTE,0,Alto,0%,5,97,0,0,0,0,0,0,0,39,Familiares,Preparatoria
2.01406E+16,195,Rechazada,CN0,Rechazado,MALO,0,,,,,0,RECIBOS DE NOMINA,Alto C,NO_CLIENTE,0,Alto,0%,4,97,0,0,0,0,0,0,0,52,Familiares,Posgrado
2.01406E+16,7176,Rechazada,CN0,Rechazado,MALO,0,,,,,4065,RECIBOS DE NOMINA,Alto B,CLIENTE_BANCO,0,Alto,0%,5,97,0,0,0,0,0,0,0,38,Hipoteca,Licenciatura
2.01403E+16,4766,Rechazada,CN0,Rechazado,MALO,0,,,,,15660,RECIBOS DE NOMINA,Alto C,CLIENTE_BANCO,0,Alto,0%,5,97,0,0,50546,0,0,0,0,60,Familiares,Preparatoria
2.01406E+16,163,Rechazada,PS1,Rechazado,MALO,0,,,,,0,PROPIEDAD ACTIVO FIJO,#N/A,NO_CLIENTE,0,Alto,0%,4,98,0,1,19042,1230,0,0,0,38,Hipoteca,Licenciatura
2.01406E+16,4352,Rechazada,PS1,Rechazado,MALO,0,,,,,0,PROPIEDAD ACTIVO FIJO,#N/A,NO_CLIENTE,0,Alto,0%,5,98,0,0,0,0,0,0,0,59,Familiares,Licenciatura
2.01406E+16,14,Rechazada,PS1,Rechazado,MALO,0,,,,,0,PROPIEDAD ACTIVO FIJO,#N/A,NO_CLIENTE,0,Alto,0%,4,98,0,0,3512,0,0,71190,0,30,Familiares,Licenciatura
2.01406E+16,148,Rechazada,PS1,Rechazado,MALO,0,,,,,0,RECIBOS DE NOMINA,#N/A,NO_CLIENTE,0,Alto,0%,5,98,0,1,17562,680,0,0,0,41,Hipoteca,Posgrado
2.01406E+16,6446,Rechazada,PS1,Rechazado,MALO,0,,,,,0,PROPIEDAD ACTIVO FIJO,#N/A,NO_CLIENTE,0,Alto,0%,5,98,0,0,0,0,0,0,0,32,Hipoteca,Secundaria
2.01406E+16,4084,Rechazada,PS1,Rechazado,MALO,0,,,,,0,RECIBOS DE NOMINA,#N/A,NO_CLIENTE,0,Alto,0%,4,98,0,0,0,0,0,0,0,48,Renta,Posgrado
2.01406E+16,424,Rechazada,PS1,Rechazado,MALO,0,,,,,0,RECIBOS DE NOMINA,#N/A,NO_CLIENTE,0,Alto,0%,4,98,0,0,0,0,0,0,0,38,Renta,Licenciatura
2.01407E+16,194,Rechazada,PS1,Rechazado,MALO,0,,,,,0,RECIBOS DE NOMINA,#N/A,NO_CLIENTE,0,Alto,0%,5,98,0,0,0,0,0,0,0,34,Hipoteca,Preparatoria
2.01407E+16,4277,Rechazada,PS1,Rechazado,MALO,0,,,,,0,RECIBOS DE NOMINA,#N/A,NO_CLIENTE,0,Alto,0%,5,98,0,0,0,0,0,0,0,41,Renta,Licenciatura
2.01407E+16,4498,Rechazada,PS1,Rechazado,MALO,0,,,,,0,PROPIEDAD ACTIVO FIJO,#N/A,NO_CLIENTE,0,Alto,0%,4,98,0,0,0,0,0,0,0,38,Hipoteca,Preparatoria
2.01407E+16,56,Rechazada,PS1,Rechazado,MALO,0,,,,,0,RECIBOS DE NOMINA,#N/A,NO_CLIENTE,0,Alto,0%,5,98,0,0,0,0,0,0,0,36,Familiares,Preparatoria
2.01407E+16,1,Rechazada,PS1,Rechazado,MALO,0,,,,,0,RECIBOS DE NOMINA,#N/A,NO_CLIENTE,0,Alto,0%,4,98,0,0,0,0,0,0,0,36,Propia,Licenciatura
2.01407E+16,46,Rechazada,PS1,Rechazado,MALO,0,,,,,0,RECIBOS DE NOMINA,#N/A,NO_CLIENTE,0,Alto,0%,5,98,0,0,0,0,0,0,0,35,Hipoteca,Posgrado
2.01407E+16,4326,Rechazada,PS1,Rechazado,MALO,0,,,,,0,PROPIEDAD ACTIVO FIJO,#N/A,NO_CLIENTE,0,Alto,0%,5,98,0,0,0,0,0,0,0,48,Hipoteca,Preparatoria
2.01407E+16,4064,Rechazada,PS1,Rechazado,MALO,0,,,,,0,RECIBOS DE NOMINA,#N/A,NO_CLIENTE,0,Alto,0%,4,98,0,0,0,0,0,0,0,51,Propia,Licenciatura
2.01407E+16,754,Rechazada,PS1,Rechazado,MALO,0,,,,,0,RECIBOS DE NOMINA,#N/A,NO_CLIENTE,0,Alto,0%,3,98,0,0,0,0,0,0,0,29,Familiares,Preparatoria
2.01407E+16,266,Rechazada,PS1,Rechazado,MALO,0,,,,,0,RECIBOS DE NOMINA,#N/A,NO_CLIENTE,0,Alto,0%,2,98,0,8,31297,31297,0,0,0,49,Propia,Licenciatura
2.01407E+16,798,Rechazada,PS1,Rechazado,MALO,0,,,,,0,RECIBOS DE NOMINA,#N/A,NO_CLIENTE,0,Alto,0%,3,98,0,0,0,0,0,0,0,54,Hipoteca,Posgrado
2.01407E+16,951,Rechazada,PS1,Rechazado,MALO,0,,,,,0,RECIBOS DE NOMINA,#N/A,NO_CLIENTE,0,Alto,0%,4,98,0,0,0,0,0,0,0,36,Familiares,Posgrado
2.01407E+16,240,Rechazada,PS1,Rechazado,MALO,0,,,,,0,RECIBOS DE NOMINA,#N/A,NO_CLIENTE,0,Alto,0%,3,98,0,0,0,0,0,5902,0,59,Propia,Preparatoria
2.01407E+16,246,Rechazada,PS1,Rechazado,MALO,0,,,,,0,RECIBOS DE NOMINA,#N/A,NO_CLIENTE,0,Alto,0%,3,98,0,0,0,0,0,0,0,26,Propia,Licenciatura
2.01407E+16,26002,Rechazada,PS1,Rechazado,MALO,0,,,,,0,SIN COMPROBANTE,#N/A,NO_CLIENTE,0,Alto,0%,2,98,0,0,0,0,0,0,0,46,Hipoteca,Licenciatura
2.01407E+16,319,Rechazada,PS1,Rechazado,MALO,0,,,,,0,PROPIEDAD ACTIVO FIJO,#N/A,NO_CLIENTE,0,Alto,0%,3,98,0,0,0,0,0,0,0,53,Familiares,Posgrado
2.01407E+16,497,Rechazada,PS1,Rechazado,MALO,0,,,,,0,RECIBOS DE NOMINA,#N/A,NO_CLIENTE,0,Alto,0%,2,98,0,0,5194,0,0,0,0,28,Familiares,Secundaria
2.01407E+16,4276,Rechazada,PS1,Rechazado,MALO,0,,,,,0,PROPIEDAD ACTIVO FIJO,#N/A,NO_CLIENTE,0,Alto,0%,1,98,0,0,0,0,0,0,0,50,Hipoteca,Posgrado
2.01407E+16,4032,Rechazada,PS1,Rechazado,MALO,0,,,,,0,RECIBOS DE NOMINA,#N/A,NO_CLIENTE,0,Alto,0%,2,98,0,0,0,0,0,0,0,41,Familiares,Secundaria
2.01407E+16,4395,Rechazada,PS1,Rechazado,MALO,0,,,,,0,PROPIEDAD ACTIVO FIJO,#N/A,NO_CLIENTE,0,Alto,0%,3,98,0,0,0,0,0,0,0,36,Propia,Posgrado
2.01407E+16,485,Rechazada,PS1,Rechazado,MALO,0,,,,,0,RECIBOS DE NOMINA,#N/A,NO_CLIENTE,0,Alto,0%,2,98,0,0,0,0,0,0,0,51,Renta,Preparatoria
2.01407E+16,195,Rechazada,PS1,Rechazado,MALO,0,,,,,0,RECIBOS DE NOMINA,#N/A,NO_CLIENTE,0,Alto,0%,1,98,0,0,0,0,0,0,0,48,Renta,Posgrado
2.01407E+16,134,Rechazada,PS1,Rechazado,MALO,0,,,,,0,PROPIEDAD ACTIVO FIJO,#N/A,NO_CLIENTE,0,Alto,0%,4,98,0,1,16192,870,0,717380,0,55,Propia,Posgrado
2.01407E+16,4392,Rechazada,PS1,Rechazado,MALO,0,,,,,0,PAGOS PROV SEMESTRALES PF,#N/A,NO_CLIENTE,0,Alto,0%,3,98,0,0,0,0,0,19091,0,57,Renta,Preparatoria
2.01407E+16,553,Rechazada,PS1,Rechazado,MALO,0,,,,,0,RECIBOS DE NOMINA,#N/A,NO_CLIENTE,0,Alto,0%,2,98,0,0,0,0,0,0,0,38,Propia,Posgrado
2.01407E+16,7788,Cancelada,PS1,Rechazado,MALO,0,,,,,0,RECIBOS DE NOMINA,#N/A,NO_CLIENTE,0,Alto,0%,3,98,0,0,0,0,0,0,0,26,Hipoteca,Posgrado
2.01407E+16,7660,Cancelada,PS1,Rechazado,MALO,0,,,,,0,SIN COMPROBANTE,#N/A,NO_CLIENTE,0,Alto,0%,4,98,0,0,0,0,0,0,0,28,Familiares,Licenciatura
2.01407E+16,4608,Rechazada,PS1,Rechazado,MALO,0,,,,,0,RECIBOS DE NOMINA,#N/A,NO_CLIENTE,0,Alto,0%,3,98,0,0,0,0,0,0,0,44,Renta,Preparatoria
2.01407E+16,20066,Rechazada,PS1,Rechazado,MALO,0,,,,,0,RECIBOS DE NOMINA,#N/A,NO_CLIENTE,0,Alto,0%,3,98,0,0,0,0,0,0,0,49,Propia,Preparatoria
2.01407E+16,549,Rechazada,PS1,Rechazado,MALO,0,,,,,0,RECIBOS DE NOMINA,#N/A,NO_CLIENTE,0,Alto,0%,2,98,0,0,0,0,0,0,0,36,Propia,Preparatoria
2.01407E+16,17037,Rechazada,PS1,Rechazado,MALO,0,,,,,0,PROPIEDAD ACTIVO FIJO,#N/A,NO_CLIENTE,0,Alto,0%,3,98,0,0,120783,0,0,225279,0,58,Propia,Licenciatura
2.01407E+16,8153,Cancelada,PS1,Rechazado,MALO,0,,,,,0,RECIBOS DE NOMINA,#N/A,NO_CLIENTE,0,Alto,0%,2,98,0,0,0,0,0,0,0,46,Renta,Preparatoria
2.01407E+16,16,Rechazada,PS1,Rechazado,MALO,0,,,,,0,PROPIEDAD ACTIVO FIJO,#N/A,NO_CLIENTE,0,Alto,0%,1,98,0,1,6617,250,0,0,0,37,Renta,Posgrado
2.01407E+16,752,Rechazada,PS1,Rechazado,MALO,0,,,,,0,RECIBOS DE NOMINA,#N/A,NO_CLIENTE,0,Alto,0%,2,98,0,0,0,0,0,0,0,34,Renta,Licenciatura
2.01407E+16,644,Rechazada,PS1,Rechazado,MALO,0,,,,,0,PROPIEDAD ACTIVO FIJO,#N/A,NO_CLIENTE,0,Alto,0%,3,98,0,1,18895,1190,0,79113,0,44,Hipoteca,Posgrado
2.01407E+16,215,Rechazada,PS1,Rechazado,MALO,0,,,,,0,PROPIEDAD ACTIVO FIJO,#N/A,NO_CLIENTE,0,Alto,0%,2,98,0,0,0,0,0,0,0,35,Propia,Posgrado
2.01407E+16,253,Rechazada,PS1,Rechazado,MALO,0,,,,,0,INVERSIONES,#N/A,NO_CLIENTE,0,Alto,0%,1,98,0,0,0,0,0,0,0,46,Renta,Posgrado
2.01407E+16,817,Rechazada,PS1,Rechazado,MALO,0,,,,,0,PROPIEDAD ACTIVO FIJO,#N/A,NO_CLIENTE,0,Alto,0%,4,98,0,0,23896,0,0,0,0,45,Hipoteca,Preparatoria
2.01407E+16,7465,Rechazada,PS1,Rechazado,MALO,0,,,,,0,RECIBOS DE NOMINA,#N/A,NO_CLIENTE,0,Alto,0%,3,98,0,0,0,0,0,0,0,34,Renta,Licenciatura
2.01407E+16,336,Rechazada,PS1,Rechazado,MALO,0,,,,,0,PROPIEDAD ACTIVO FIJO,#N/A,NO_CLIENTE,0,Alto,0%,2,98,0,0,15360,0,0,26366,0,50,Familiares,Preparatoria
2.01407E+16,471,Rechazada,PS1,Rechazado,MALO,0,,,,,0,PROPIEDAD ACTIVO FIJO,#N/A,NO_CLIENTE,0,Alto,0%,3,98,0,0,0,0,0,0,0,37,Renta,Licenciatura
2.01407E+16,539,Rechazada,PS1,Rechazado,MALO,0,,,,,0,RECIBOS DE NOMINA,#N/A,NO_CLIENTE,0,Alto,0%,4,98,0,1,1540,250,0,0,0,44,Hipoteca,Preparatoria
2.01407E+16,7116,Rechazada,PS1,Rechazado,MALO,0,,,,,0,PROPIEDAD ACTIVO FIJO,#N/A,NO_CLIENTE,0,Alto,0%,3,98,0,0,0,0,0,240126,0,36,Familiares,Posgrado
2.01407E+16,358,Rechazada,PS1,Rechazado,MALO,0,,,,,0,RECIBOS DE NOMINA,#N/A,NO_CLIENTE,0,Alto,0%,3,98,0,0,0,0,0,0,0,34,Propia,Posgrado
2.01407E+16,7402,Rechazada,PS1,Rechazado,MALO,0,,,,,0,RECIBOS DE NOMINA,#N/A,NO_CLIENTE,0,Alto,0%,2,98,0,1,16179,1060,0,14444,0,57,Renta,Preparatoria
2.01407E+16,46,Rechazada,PS1,Rechazado,MALO,0,,,,,0,RECIBOS DE NOMINA,#N/A,NO_CLIENTE,0,Alto,0%,3,98,0,0,0,0,0,0,0,49,Hipoteca,Posgrado
2.01407E+16,220,Rechazada,PS1,Rechazado,MALO,0,,,,,0,RECIBOS DE NOMINA,#N/A,NO_CLIENTE,0,Alto,0%,2,98,0,0,0,0,0,0,0,51,Familiares,Secundaria
2.01407E+16,4345,Rechazada,PS1,Rechazado,MALO,0,,,,,0,PROPIEDAD ACTIVO FIJO,#N/A,NO_CLIENTE,0,Alto,0%,1,98,0,0,0,0,0,0,0,33,Renta,Licenciatura
2.01407E+16,165,Rechazada,PS1,Rechazado,MALO,0,,,,,0,RECIBOS DE NOMINA,#N/A,NO_CLIENTE,0,Alto,0%,2,98,0,0,0,0,0,0,0,43,Propia,Licenciatura
2.01407E+16,673,Rechazada,PS1,Rechazado,MALO,0,,,,,0,PROPIEDAD ACTIVO FIJO,#N/A,NO_CLIENTE,0,Alto,0%,3,98,0,0,0,0,0,0,0,38,Propia,Preparatoria
2.01407E+16,520,Rechazada,PS1,Rechazado,MALO,0,,,,,0,PROPIEDAD ACTIVO FIJO,#N/A,NO_CLIENTE,0,Alto,0%,2,98,0,0,0,0,0,0,0,34,Propia,Preparatoria
2.01407E+16,476,Rechazada,PS1,Rechazado,MALO,0,,,,,0,RECIBOS DE NOMINA,#N/A,NO_CLIENTE,0,Alto,0%,1,98,0,0,0,0,0,0,0,37,Familiares,Preparatoria
2.01407E+16,752,Rechazada,PS1,Rechazado,MALO,0,,,,,0,RECIBOS DE NOMINA,#N/A,NO_CLIENTE,0,Alto,0%,4,98,0,0,0,0,0,0,0,41,Hipoteca,Preparatoria
2.01407E+16,4152,Rechazada,PS1,Rechazado,MALO,0,,,,,0,RECIBOS DE NOMINA,#N/A,NO_CLIENTE,0,Alto,0%,3,98,0,0,0,0,0,0,0,48,Familiares,Licenciatura
2.01407E+16,163,Rechazada,PS1,Rechazado,MALO,0,,,,,0,RECIBOS DE NOMINA,#N/A,NO_CLIENTE,0,Alto,0%,2,98,0,0,0,0,0,0,0,35,Propia,Licenciatura
2.01407E+16,289,Rechazada,PS1,Rechazado,MALO,0,,,,,0,RECIBOS DE NOMINA,#N/A,NO_CLIENTE,0,Alto,0%,3,98,0,0,0,0,0,0,0,26,Hipoteca,Posgrado
2.01407E+16,373,Rechazada,PS1,Rechazado,MALO,0,,,,,0,RECIBOS DE NOMINA,#N/A,NO_CLIENTE,0,Alto,0%,4,98,0,0,0,0,0,0,0,38,Hipoteca,Posgrado
2.01407E+16,131,Rechazada,PS1,Rechazado,MALO,0,,,,,0,RECIBOS DE NOMINA,#N/A,NO_CLIENTE,0,Alto,0%,3,98,0,0,0,0,0,0,0,26,Hipoteca,Licenciatura
2.01407E+16,310,Rechazada,PS1,Rechazado,MALO,0,,,,,0,RECIBOS DE NOMINA,#N/A,NO_CLIENTE,0,Alto,0%,3,98,0,0,0,0,0,0,0,53,Renta,Preparatoria
2.01407E+16,413,Rechazada,PS1,Rechazado,MALO,0,,,,,0,RECIBOS DE NOMINA,#N/A,NO_CLIENTE,0,Alto,0%,2,98,0,0,0,0,0,0,0,34,Hipoteca,Licenciatura
2.01407E+16,468,Rechazada,PS1,Rechazado,MALO,0,,,,,0,RECIBOS DE NOMINA,#N/A,NO_CLIENTE,0,Alto,0%,3,98,0,0,0,0,0,0,0,46,Propia,Secundaria
2.01407E+16,383,Rechazada,PS1,Rechazado,MALO,0,,,,,0,RECIBOS DE NOMINA,#N/A,NO_CLIENTE,0,Alto,0%,2,98,0,0,0,0,0,18902,0,39,Hipoteca,Posgrado
2.01407E+16,147,Rechazada,PS1,Rechazado,MALO,0,,,,,0,PROPIEDAD ACTIVO FIJO,#N/A,NO_CLIENTE,0,Alto,0%,1,98,0,0,0,0,0,0,0,39,Hipoteca,Preparatoria
2.01407E+16,8193,Rechazada,PS1,Rechazado,MALO,0,,,,,0,PROPIEDAD ACTIVO FIJO,#N/A,NO_CLIENTE,0,Alto,0%,2,98,0,0,0,0,0,55608,0,25,Renta,Preparatoria
2.01407E+16,9,Rechazada,PS1,Rechazado,MALO,0,,,,,0,PROPIEDAD ACTIVO FIJO,#N/A,NO_CLIENTE,0,Alto,0%,3,98,0,1,8121,560,0,1,0,32,Propia,Licenciatura
2.01407E+16,9194,Rechazada,PS1,Rechazado,MALO,0,,,,,0,PROPIEDAD ACTIVO FIJO,#N/A,NO_CLIENTE,0,Alto,0%,2,98,0,1,45106,2380,0,0,0,40,Renta,Preparatoria
2.01407E+16,107,Rechazada,PS1,Rechazado,MALO,0,,,,,0,PROPIEDAD ACTIVO FIJO,#N/A,NO_CLIENTE,0,Alto,0%,1,98,0,0,53167,0,0,33004,0,37,Renta,Preparatoria
2.01407E+16,7171,Rechazada,PS1,Rechazado,MALO,0,,,,,0,PROPIEDAD ACTIVO FIJO,#N/A,NO_CLIENTE,0,Alto,0%,4,98,0,1,3399,350,0,0,0,46,Renta,Preparatoria
2.01407E+16,308,Rechazada,PS1,Rechazado,MALO,0,,,,,0,RECIBOS DE NOMINA,#N/A,NO_CLIENTE,0,Alto,0%,3,98,0,0,0,0,0,0,0,34,Familiares,Posgrado
2.01407E+16,187,Rechazada,PS1,Rechazado,MALO,0,,,,,0,PROPIEDAD ACTIVO FIJO,#N/A,NO_CLIENTE,0,Alto,0%,2,98,0,1,10964,690,0,19409,0,29,Propia,Posgrado
2.01407E+16,4180,Rechazada,PS1,Rechazado,MALO,0,,,,,0,RECIBOS DE NOMINA,#N/A,NO_CLIENTE,0,Alto,0%,3,98,0,0,0,0,0,0,0,37,Familiares,Licenciatura
2.01407E+16,145,Rechazada,PS1,Rechazado,MALO,0,,,,,0,PROPIEDAD ACTIVO FIJO,#N/A,NO_CLIENTE,0,Alto,0%,4,98,0,1,5004,280,0,0,0,53,Propia,Licenciatura
2.01407E+16,7171,Rechazada,PS1,Rechazado,MALO,0,,,,,0,RECIBOS DE NOMINA,#N/A,NO_CLIENTE,0,Alto,0%,3,98,0,0,0,0,0,0,0,39,Hipoteca,Posgrado
2.01407E+16,4896,Rechazada,PS1,Rechazado,MALO,0,,,,,0,RECIBOS DE NOMINA,#N/A,NO_CLIENTE,0,Alto,0%,3,98,0,0,0,0,0,5428,0,35,Hipoteca,Licenciatura
2.01407E+16,9243,En_proceso,PS1,Rechazado,MALO,0,,,,,0,RECIBOS DE NOMINA,#N/A,NO_CLIENTE,0,Alto,0%,2,98,0,0,306,0,0,0,0,58,Propia,Licenciatura
2.01407E+16,194,Rechazada,PS1,Rechazado,MALO,0,,,,,0,PROPIEDAD ACTIVO FIJO,#N/A,NO_CLIENTE,0,Alto,0%,3,98,0,1,2520,1500,0,611532,0,28,Renta,Licenciatura
2.01407E+16,4436,Rechazada,PS1,Rechazado,MALO,0,,,,,0,PROPIEDAD ACTIVO FIJO,#N/A,NO_CLIENTE,0,Alto,0%,2,98,0,0,0,0,0,0,0,51,Hipoteca,Preparatoria
2.01407E+16,966,Rechazada,PS1,Rechazado,MALO,0,,,,,0,RECIBOS DE NOMINA,#N/A,NO_CLIENTE,0,Alto,0%,1,98,0,0,0,0,0,0,0,50,Propia,Licenciatura
2.01407E+16,269,Rechazada,PS1,Rechazado,MALO,0,,,,,0,RECIBOS DE NOMINA,#N/A,NO_CLIENTE,0,Alto,0%,2,98,0,0,0,0,0,0,0,35,Renta,Posgrado
2.01407E+16,4257,Rechazada,PS1,Rechazado,MALO,0,,,,,0,PROPIEDAD ACTIVO FIJO,#N/A,NO_CLIENTE,0,Alto,0%,3,98,0,0,0,0,0,0,0,57,Propia,Preparatoria
2.01407E+16,568,Rechazada,PS1,Rechazado,MALO,0,,,,,0,PROPIEDAD ACTIVO FIJO,#N/A,NO_CLIENTE,0,Alto,0%,2,98,0,0,0,0,0,0,0,33,Familiares,Licenciatura
2.01407E+16,6560,Rechazada,PS1,Rechazado,MALO,0,,,,,0,PROPIEDAD ACTIVO FIJO,#N/A,NO_CLIENTE,0,Alto,0%,1,98,0,0,0,0,0,0,0,35,Renta,Posgrado
2.01408E+16,7445,Rechazada,PS1,Rechazado,MALO,0,,,,,0,RECIBOS DE NOMINA,#N/A,NO_CLIENTE,0,Alto,0%,4,98,0,0,0,0,0,0,0,40,Propia,Licenciatura
2.01408E+16,305,Rechazada,PS1,Rechazado,MALO,0,,,,,0,RECIBOS DE NOMINA,#N/A,NO_CLIENTE,0,Alto,0%,3,98,0,0,0,0,0,0,0,41,Hipoteca,Posgrado
2.01408E+16,572,Rechazada,PS1,Rechazado,MALO,0,,,,,0,RECIBOS DE NOMINA,#N/A,NO_CLIENTE,0,Alto,0%,2,98,0,0,0,0,0,0,0,42,Renta,Posgrado
2.01408E+16,2,Rechazada,PS1,Rechazado,MALO,0,,,,,0,RECIBOS DE NOMINA,#N/A,NO_CLIENTE,0,Alto,0%,3,98,0,0,0,0,0,0,0,55,Hipoteca,Licenciatura
2.01408E+16,194,Rechazada,PS1,Rechazado,MALO,0,,,,,0,RECIBOS DE NOMINA,#N/A,NO_CLIENTE,0,Alto,0%,4,98,0,0,0,0,0,0,0,46,Hipoteca,Preparatoria
2.01408E+16,776,Rechazada,PS1,Rechazado,MALO,0,,,,,0,RECIBOS DE NOMINA,#N/A,NO_CLIENTE,0,Alto,0%,3,98,0,1,578,250,0,65721,0,25,Familiares,Posgrado
2.01408E+16,673,Rechazada,PS1,Rechazado,MALO,0,,,,,0,RECIBOS DE NOMINA,#N/A,NO_CLIENTE,0,Alto,0%,3,98,0,0,0,0,0,0,0,33,Hipoteca,Licenciatura
2.01408E+16,4149,Rechazada,PS1,Rechazado,MALO,0,,,,,0,RECIBOS DE NOMINA,#N/A,NO_CLIENTE,0,Alto,0%,2,98,0,0,0,0,0,0,0,45,Hipoteca,Licenciatura
2.01408E+16,4650,Rechazada,PS1,Rechazado,MALO,0,,,,,0,RECIBOS DE NOMINA,#N/A,NO_CLIENTE,0,Alto,0%,3,98,0,0,0,0,0,0,0,43,Renta,Preparatoria
2.01408E+16,961,Rechazada,PS1,Rechazado,MALO,0,,,,,0,PROPIEDAD ACTIVO FIJO,#N/A,NO_CLIENTE,0,Alto,0%,2,98,0,1,17114,330,0,320390,0,34,Renta,Licenciatura
2.01408E+16,370,Rechazada,PS1,Rechazado,MALO,0,,,,,0,RECIBOS DE NOMINA,#N/A,NO_CLIENTE,0,Alto,0%,1,98,0,0,0,0,0,0,0,48,Propia,Preparatoria
2.01408E+16,945,Rechazada,PS1,Rechazado,MALO,0,,,,,0,RECIBOS DE NOMINA,#N/A,NO_CLIENTE,0,Alto,0%,2,98,0,0,0,0,0,0,0,52,Hipoteca,Posgrado
2.01408E+16,181,En_proceso,PS1,Rechazado,MALO,0,,,,,0,RECIBOS DE NOMINA,#N/A,NO_CLIENTE,44000,Alto,0%,3,98,0,0,31353,0,0,0,0,32,Familiares,Licenciatura
2.01408E+16,171,Rechazada,PS1,Rechazado,MALO,0,,,,,0,RECIBOS DE NOMINA,#N/A,NO_CLIENTE,0,Alto,0%,2,98,0,0,0,0,0,0,0,32,Propia,Preparatoria
2.01408E+16,4603,Rechazada,PS1,Rechazado,MALO,0,,,,,0,RECIBOS DE NOMINA,#N/A,NO_CLIENTE,0,Alto,0%,1,98,0,0,0,0,0,0,0,36,Renta,Preparatoria
2.01408E+16,389,Rechazada,PS1,Rechazado,MALO,0,,,,,0,PROPIEDAD ACTIVO FIJO,#N/A,NO_CLIENTE,26003,Alto,0%,4,98,0,1,26838,1610,0,49145,0,51,Familiares,Posgrado
2.01408E+16,4690,Rechazada,PS1,Rechazado,MALO,0,,,,,0,RECIBOS DE NOMINA,#N/A,NO_CLIENTE,0,Alto,0%,3,98,0,0,0,0,0,0,0,38,Familiares,Preparatoria
2.01408E+16,178,Rechazada,PS1,Rechazado,MALO,0,,,,,0,RECIBOS DE NOMINA,#N/A,NO_CLIENTE,0,Alto,0%,2,98,0,0,0,0,0,0,0,50,Familiares,Licenciatura
2.01408E+16,673,Rechazada,PS1,Rechazado,MALO,0,,,,,0,PROPIEDAD ACTIVO FIJO,#N/A,NO_CLIENTE,0,Alto,0%,3,98,0,0,0,0,0,0,0,40,Hipoteca,Preparatoria
2.01408E+16,70001,Rechazada,PS1,Rechazado,MALO,0,,,,,0,SIN COMPROBANTE,#N/A,NO_CLIENTE,0,Alto,0%,4,98,0,0,0,0,0,0,0,54,Familiares,Preparatoria
2.01408E+16,4357,Rechazada,PS1,Rechazado,MALO,0,,,,,0,RECIBOS DE NOMINA,#N/A,NO_CLIENTE,0,Alto,0%,3,98,0,0,0,0,0,0,0,57,Propia,Licenciatura
2.01408E+16,9196,Rechazada,PS1,Rechazado,MALO,0,,,,,0,RECIBOS DE NOMINA,#N/A,NO_CLIENTE,0,Alto,0%,3,98,0,0,0,0,0,29727,0,46,Familiares,Licenciatura
2.01408E+16,7138,Rechazada,PS1,Rechazado,MALO,0,,,,,0,PROPIEDAD ACTIVO FIJO,#N/A,NO_CLIENTE,240000,Alto,0%,2,98,0,1,196309,7710,0,93991,0,41,Familiares,Licenciatura
2.01408E+16,9135,Rechazada,PS1,Rechazado,MALO,0,,,,,0,RECIBOS DE NOMINA,#N/A,NO_CLIENTE,0,Alto,0%,3,98,0,0,0,0,0,0,0,42,Propia,Preparatoria
2.01408E+16,4364,Rechazada,PS1,Rechazado,MALO,0,,,,,0,RECIBOS DE NOMINA,#N/A,NO_CLIENTE,0,Alto,0%,2,98,0,0,0,0,0,3429,0,26,Propia,Preparatoria
2.01408E+16,162,Rechazada,PS1,Rechazado,MALO,0,,,,,0,RECIBOS DE NOMINA,#N/A,NO_CLIENTE,0,Alto,0%,1,98,0,0,0,0,0,0,0,45,Renta,Preparatoria
2.01408E+16,7742,Rechazada,PS1,Rechazado,MALO,0,,,,,0,RECIBOS DE NOMINA,#N/A,NO_CLIENTE,0,Alto,0%,2,98,0,0,0,0,0,0,0,59,Hipoteca,Posgrado
2.01408E+16,968,Rechazada,PS1,Rechazado,MALO,0,,,,,0,PROPIEDAD ACTIVO FIJO,#N/A,NO_CLIENTE,25600,Alto,0%,3,98,0,1,20447,1290,0,0,0,34,Familiares,Licenciatura
2.01408E+16,7582,Rechazada,PS1,Rechazado,MALO,0,,,,,0,PROPIEDAD ACTIVO FIJO,#N/A,NO_CLIENTE,0,Alto,0%,2,98,0,0,0,0,0,0,0,36,Renta,Licenciatura
2.01408E+16,174,Rechazada,PS1,Rechazado,MALO,0,,,,,0,RECIBOS DE NOMINA,#N/A,NO_CLIENTE,0,Alto,0%,1,98,0,0,0,0,0,0,0,44,Renta,Posgrado
2.01408E+16,7568,Rechazada,PS1,Rechazado,MALO,0,,,,,0,RECIBOS DE NOMINA,#N/A,NO_CLIENTE,0,Alto,0%,4,98,0,0,0,0,0,0,0,28,Hipoteca,Posgrado
2.01408E+16,471,Rechazada,PS1,Rechazado,MALO,0,,,,,0,PROPIEDAD ACTIVO FIJO,#N/A,NO_CLIENTE,11500,Alto,0%,3,98,0,1,11631,700,0,0,0,57,Renta,Posgrado
2.01408E+16,7576,Rechazada,PS1,Rechazado,MALO,0,,,,,0,RECIBOS DE NOMINA,#N/A,NO_CLIENTE,0,Alto,0%,2,98,0,0,0,0,0,0,0,51,Propia,Posgrado
2.01408E+16,6428,Rechazada,PS1,Rechazado,MALO,0,,,,,0,RECIBOS DE NOMINA,#N/A,NO_CLIENTE,0,Alto,0%,3,98,0,0,0,0,0,0,0,29,Hipoteca,Preparatoria
2.01408E+16,435,Rechazada,PS1,Rechazado,MALO,0,,,,,0,PROPIEDAD ACTIVO FIJO,#N/A,NO_CLIENTE,0,Alto,0%,4,98,0,0,0,0,0,0,0,33,Propia,Preparatoria
2.01408E+16,7790,Rechazada,PS1,Rechazado,MALO,0,,,,,0,RECIBOS DE NOMINA,#N/A,NO_CLIENTE,0,Alto,0%,3,98,0,0,0,0,0,0,0,30,Renta,Secundaria
2.01408E+16,4454,Rechazada,PS1,Rechazado,MALO,0,,,,,0,PROPIEDAD ACTIVO FIJO,#N/A,NO_CLIENTE,0,Alto,0%,3,98,0,0,0,0,0,0,0,50,Propia,Posgrado
2.01408E+16,8166,Rechazada,PS1,Rechazado,MALO,0,,,,,0,RECIBOS DE NOMINA,#N/A,NO_CLIENTE,0,Alto,0%,2,98,0,0,0,0,0,0,0,34,Hipoteca,Licenciatura
2.01408E+16,7589,Rechazada,PS1,Rechazado,MALO,0,,,,,0,PROPIEDAD ACTIVO FIJO,#N/A,NO_CLIENTE,0,Alto,0%,3,98,0,0,0,0,0,0,0,57,Renta,Licenciatura
2.01408E+16,8128,Rechazada,PS1,Rechazado,MALO,0,,,,,0,RECIBOS DE NOMINA,#N/A,NO_CLIENTE,0,Alto,0%,2,98,0,0,0,0,0,0,0,36,Propia,Preparatoria
2.01408E+16,7915,Rechazada,PS1,Rechazado,MALO,0,,,,,0,RECIBOS DE NOMINA,#N/A,NO_CLIENTE,0,Alto,0%,1,98,0,0,0,0,0,0,0,60,Renta,Licenciatura
2.01408E+16,7742,Rechazada,PS1,Rechazado,MALO,0,,,,,0,RECIBOS DE NOMINA,#N/A,NO_CLIENTE,0,Alto,0%,2,98,0,0,0,0,0,0,0,44,Hipoteca,Posgrado
2.01408E+16,5751,Rechazada,PS1,Rechazado,MALO,0,,,,,0,PROPIEDAD ACTIVO FIJO,#N/A,NO_CLIENTE,0,Alto,0%,3,98,0,0,0,0,0,0,0,36,Propia,Posgrado
2.01408E+16,5302,Rechazada,PS1,Rechazado,MALO,0,,,,,0,RECIBOS DE NOMINA,#N/A,NO_CLIENTE,0,Alto,0%,2,98,0,0,0,0,0,0,0,39,Propia,Licenciatura
2.01408E+16,10025,Rechazada,PS1,Rechazado,MALO,0,,,,,0,RECIBOS DE NOMINA,#N/A,NO_CLIENTE,0,Alto,0%,1,98,0,0,0,0,0,0,0,38,Hipoteca,Preparatoria
2.01408E+16,10018,Rechazada,PS1,Rechazado,MALO,0,,,,,0,PROPIEDAD ACTIVO FIJO,#N/A,NO_CLIENTE,19500,Alto,0%,4,98,0,0,7205,0,0,0,0,49,Renta,Preparatoria
2.01408E+16,9261,Rechazada,PS1,Rechazado,MALO,0,,,,,0,PROPIEDAD ACTIVO FIJO,#N/A,NO_CLIENTE,0,Alto,0%,3,98,0,0,0,0,0,0,0,55,Propia,Preparatoria
2.01408E+16,8122,Rechazada,PS1,Rechazado,MALO,0,,,,,0,PROPIEDAD ACTIVO FIJO,#N/A,NO_CLIENTE,29300,Alto,0%,2,98,0,1,6197,380,0,13887,0,48,Propia,Posgrado
2.01408E+16,9098,Rechazada,PS1,Rechazado,MALO,0,,,,,0,RECIBOS DE NOMINA,#N/A,NO_CLIENTE,0,Alto,0%,3,98,0,0,0,0,0,0,0,49,Propia,Preparatoria
2.01408E+16,8164,Rechazada,PS1,Rechazado,MALO,0,,,,,0,PROPIEDAD ACTIVO FIJO,#N/A,NO_CLIENTE,0,Alto,0%,4,98,0,0,0,0,0,0,0,29,Propia,Licenciatura
2.01408E+16,7589,Rechazada,PS1,Rechazado,MALO,0,,,,,0,RECIBOS DE NOMINA,#N/A,NO_CLIENTE,0,Alto,0%,3,98,0,0,0,0,0,0,0,60,Hipoteca,Posgrado
2.01408E+16,7791,Rechazada,PS1,Rechazado,MALO,0,,,,,0,RECIBOS DE NOMINA,#N/A,NO_CLIENTE,0,Alto,0%,3,98,0,0,0,0,0,0,0,58,Hipoteca,Licenciatura
2.01408E+16,9149,Rechazada,PS1,Rechazado,MALO,0,,,,,0,PROPIEDAD ACTIVO FIJO,#N/A,NO_CLIENTE,12700,Alto,0%,2,98,0,1,8827,250,0,0,0,30,Hipoteca,Posgrado
2.01408E+16,7788,Rechazada,PS1,Rechazado,MALO,0,,,,,0,RECIBOS DE NOMINA,#N/A,NO_CLIENTE,0,Alto,0%,3,98,0,0,0,0,0,28442,0,52,Propia,Posgrado
2.01408E+16,7791,Rechazada,PS1,Rechazado,MALO,0,,,,,0,RECIBOS DE NOMINA,#N/A,NO_CLIENTE,0,Alto,0%,2,98,0,0,0,0,0,0,0,48,Propia,Preparatoria
2.01408E+16,9396,Rechazada,PS1,Rechazado,MALO,0,,,,,0,RECIBOS DE NOMINA,#N/A,NO_CLIENTE,0,Alto,0%,1,98,0,0,0,0,0,0,0,35,Familiares,Posgrado
2.01408E+16,7628,Rechazada,PS1,Rechazado,MALO,0,,,,,0,PAGOS PROV SEMESTRALES PF,#N/A,NO_CLIENTE,0,Alto,0%,2,98,0,0,0,0,0,0,0,42,Hipoteca,Licenciatura
2.01408E+16,7830,Rechazada,PS1,Rechazado,MALO,0,,,,,0,PROPIEDAD ACTIVO FIJO,#N/A,NO_CLIENTE,0,Alto,0%,3,98,0,0,0,0,0,0,0,34,Propia,Posgrado
2.01408E+16,528,Rechazada,PS1,Rechazado,MALO,0,,,,,0,RECIBOS DE NOMINA,#N/A,NO_CLIENTE,0,Alto,0%,2,98,0,0,0,0,0,0,0,51,Propia,Licenciatura
2.01408E+16,7128,Rechazada,PS1,Rechazado,MALO,0,,,,,0,PROPIEDAD ACTIVO FIJO,#N/A,NO_CLIENTE,42600,Alto,0%,1,98,0,1,28352,1190,0,0,0,39,Propia,Licenciatura
2.01408E+16,671,Rechazada,PS1,Rechazado,MALO,0,,,,,0,RECIBOS DE NOMINA,#N/A,NO_CLIENTE,0,Alto,0%,4,98,0,0,0,0,0,0,0,43,Hipoteca,Posgrado
2.01408E+16,232,Rechazada,PS1,Rechazado,MALO,0,,,,,0,RECIBOS DE NOMINA,#N/A,NO_CLIENTE,0,Alto,0%,3,98,0,0,0,0,0,28314,0,31,Renta,Posgrado
2.01408E+16,159,Rechazada,PS1,Rechazado,MALO,0,,,,,0,RECIBOS DE NOMINA,#N/A,NO_CLIENTE,0,Alto,0%,2,98,0,0,0,0,0,0,0,38,Familiares,Posgrado
2.01408E+16,994,Rechazada,PS1,Rechazado,MALO,0,,,,,0,PAGOS PROV SEMESTRALES PF,#N/A,NO_CLIENTE,0,Alto,0%,3,98,0,0,0,0,0,0,0,53,Familiares,Preparatoria
2.01408E+16,730,Rechazada,PS1,Rechazado,MALO,0,,,,,0,RECIBOS DE NOMINA,#N/A,NO_CLIENTE,0,Alto,0%,4,98,0,0,0,0,0,0,0,54,Propia,Preparatoria
2.01408E+16,4421,Rechazada,PS1,Rechazado,MALO,0,,,,,0,RECIBOS DE NOMINA,#N/A,NO_CLIENTE,0,Alto,0%,3,98,0,0,0,0,0,58215,0,32,Familiares,Licenciatura
2.01408E+16,754,Rechazada,PS1,Rechazado,MALO,0,,,,,0,RECIBOS DE NOMINA,#N/A,NO_CLIENTE,0,Alto,0%,3,98,0,0,0,0,0,0,0,31,Hipoteca,Licenciatura
2.01408E+16,256,Rechazada,PS1,Rechazado,MALO,0,,,,,0,RECIBOS DE NOMINA,#N/A,NO_CLIENTE,0,Alto,0%,2,98,0,0,0,0,0,0,0,34,Familiares,Posgrado
2.01408E+16,4056,Rechazada,PS1,Rechazado,MALO,0,,,,,0,PROPIEDAD ACTIVO FIJO,#N/A,NO_CLIENTE,0,Alto,0%,3,98,0,0,0,0,0,0,0,25,Hipoteca,Preparatoria
2.01408E+16,16,Rechazada,PS1,Rechazado,MALO,0,,,,,0,PROPIEDAD ACTIVO FIJO,#N/A,NO_CLIENTE,0,Alto,0%,2,98,0,0,0,0,0,0,0,48,Propia,Secundaria
2.01408E+16,242,Rechazada,PS1,Rechazado,MALO,0,,,,,0,PROPIEDAD ACTIVO FIJO,#N/A,NO_CLIENTE,43000,Alto,0%,1,98,0,1,27820,1600,0,0,0,51,Familiares,Licenciatura
2.01408E+16,421,Rechazada,PS1,Rechazado,MALO,0,,,,,0,RECIBOS DE NOMINA,#N/A,NO_CLIENTE,0,Alto,0%,2,98,0,0,0,0,0,0,0,30,Renta,Licenciatura
2.01408E+16,141,Rechazada,PS1,Rechazado,MALO,0,,,,,0,RECIBOS DE NOMINA,#N/A,NO_CLIENTE,0,Alto,0%,3,98,0,0,0,0,0,14046,0,29,Renta,Posgrado
2.01408E+16,4164,Rechazada,PS1,Rechazado,MALO,0,,,,,0,PROPIEDAD ACTIVO FIJO,#N/A,NO_CLIENTE,0,Alto,0%,2,98,0,0,0,0,0,0,0,57,Familiares,Preparatoria
2.01408E+16,4733,Rechazada,PS1,Rechazado,MALO,0,,,,,0,RECIBOS DE NOMINA,#N/A,NO_CLIENTE,0,Alto,0%,1,98,0,0,0,0,0,0,0,55,Familiares,Posgrado
2.01408E+16,8185,Rechazada,PS1,Rechazado,MALO,0,,,,,0,RECIBOS DE NOMINA,#N/A,NO_CLIENTE,0,Alto,0%,4,98,0,0,0,0,0,14084,0,48,Propia,Preparatoria
2.01408E+16,100,Rechazada,PS1,Rechazado,MALO,0,,,,,0,RECIBOS DE NOMINA,#N/A,NO_CLIENTE,0,Alto,0%,3,98,0,0,0,0,0,0,0,60,Propia,Licenciatura
2.01408E+16,205,Rechazada,PS1,Rechazado,MALO,0,,,,,0,RECIBOS DE NOMINA,#N/A,NO_CLIENTE,0,Alto,0%,2,98,0,0,0,0,0,0,0,25,Hipoteca,Posgrado
2.01408E+16,574,Rechazada,PS1,Rechazado,MALO,0,,,,,0,RECIBOS DE NOMINA,#N/A,NO_CLIENTE,0,Alto,0%,3,98,0,0,0,0,0,0,0,39,Propia,Preparatoria
2.01408E+16,7674,En_proceso,PS1,Rechazado,MALO,0,,,,,0,PROPIEDAD ACTIVO FIJO,#N/A,NO_CLIENTE,0,Alto,0%,4,98,0,0,0,0,0,0,0,41,Hipoteca,Preparatoria
2.01408E+16,7811,Rechazada,PS1,Rechazado,MALO,0,,,,,0,PROPIEDAD ACTIVO FIJO,#N/A,NO_CLIENTE,0,Alto,0%,3,98,0,0,0,0,0,0,0,35,Propia,Licenciatura
2.01408E+16,262,Rechazada,PS1,Rechazado,MALO,0,,,,,0,RECIBOS DE NOMINA,#N/A,NO_CLIENTE,0,Alto,0%,3,98,0,0,0,0,0,0,0,51,Hipoteca,Preparatoria
2.01408E+16,8164,Rechazada,PS1,Rechazado,MALO,0,,,,,0,PROPIEDAD ACTIVO FIJO,#N/A,NO_CLIENTE,3000,Alto,0%,2,98,0,1,4130,550,0,0,0,53,Propia,Posgrado
2.01408E+16,7769,Rechazada,PS1,Rechazado,MALO,0,,,,,0,RECIBOS DE NOMINA,#N/A,NO_CLIENTE,0,Alto,0%,3,98,0,0,0,0,0,0,0,34,Propia,Posgrado
2.01408E+16,9261,Rechazada,PS1,Rechazado,MALO,0,,,,,0,PROPIEDAD ACTIVO FIJO,#N/A,NO_CLIENTE,0,Alto,0%,2,98,0,0,0,0,0,0,0,54,Familiares,Posgrado
2.01408E+16,5339,Rechazada,PS1,Rechazado,MALO,0,,,,,0,PROPIEDAD ACTIVO FIJO,#N/A,NO_CLIENTE,9899,Alto,0%,1,98,0,1,9721,580,0,0,0,42,Familiares,Posgrado
2.01408E+16,4496,Rechazada,PS1,Rechazado,MALO,0,,,,,0,PROPIEDAD ACTIVO FIJO,#N/A,NO_CLIENTE,40104,Alto,0%,2,98,0,1,38210,341,0,26825,0,50,Hipoteca,Posgrado
2.01408E+16,462,Rechazada,PS1,Rechazado,MALO,0,,,,,0,RECIBOS DE NOMINA,#N/A,NO_CLIENTE,0,Alto,0%,3,98,0,0,0,0,0,0,0,60,Hipoteca,Licenciatura
2.01408E+16,7347,Rechazada,PS1,Rechazado,MALO,0,,,,,0,RECIBOS DE NOMINA,#N/A,NO_CLIENTE,0,Alto,0%,2,98,0,0,0,0,0,10740,0,58,Familiares,Licenciatura
2.01408E+16,4228,Rechazada,PS1,Rechazado,MALO,0,,,,,0,RECIBOS DE NOMINA,#N/A,NO_CLIENTE,0,Alto,0%,1,98,0,0,0,0,0,0,0,52,Renta,Licenciatura
2.01408E+16,752,Rechazada,PS1,Rechazado,MALO,0,,,,,0,PROPIEDAD ACTIVO FIJO,#N/A,NO_CLIENTE,0,Alto,0%,4,98,0,0,0,0,0,0,0,32,Hipoteca,Licenciatura
2.01408E+16,374,Rechazada,PS1,Rechazado,MALO,0,,,,,0,RECIBOS DE NOMINA,#N/A,NO_CLIENTE,0,Alto,0%,3,98,0,0,0,0,0,0,0,47,Familiares,Licenciatura
2.01408E+16,4769,Rechazada,PS1,Rechazado,MALO,0,,,,,0,PROPIEDAD ACTIVO FIJO,#N/A,NO_CLIENTE,5804,Alto,0%,4,98,0,1,4726,300,0,0,0,39,Propia,Preparatoria
2.01408E+16,4764,Rechazada,PS1,Rechazado,MALO,0,,,,,0,PAGOS PROV SEMESTRALES PF,#N/A,NO_CLIENTE,0,Alto,0%,5,98,0,0,0,0,0,0,0,56,Propia,Licenciatura
2.01408E+16,4644,Rechazada,PS1,Rechazado,MALO,0,,,,,0,PROPIEDAD ACTIVO FIJO,#N/A,NO_CLIENTE,0,Alto,0%,5,98,0,0,0,0,0,0,0,43,Propia,Licenciatura
2.01408E+16,479,Rechazada,PS1,Rechazado,MALO,0,,,,,0,PROPIEDAD ACTIVO FIJO,#N/A,NO_CLIENTE,0,Alto,0%,4,98,0,0,0,0,0,0,0,27,Familiares,Preparatoria
2.01408E+16,371,Rechazada,PS1,Rechazado,MALO,0,,,,,0,RECIBOS DE NOMINA,#N/A,NO_CLIENTE,0,Alto,0%,5,98,0,0,0,0,0,0,0,46,Familiares,Licenciatura
2.01408E+16,4344,Rechazada,PS1,Rechazado,MALO,0,,,,,0,RECIBOS DE NOMINA,#N/A,NO_CLIENTE,0,Alto,0%,4,98,0,0,0,0,0,0,0,40,Familiares,Posgrado
2.01408E+16,104,Rechazada,PS1,Rechazado,MALO,0,,,,,0,PROPIEDAD ACTIVO FIJO,#N/A,NO_CLIENTE,14600,Alto,0%,5,98,0,0,7104,0,0,0,0,36,Familiares,Posgrado
2.01408E+16,4051,Rechazada,PS1,Rechazado,MALO,0,,,,,0,PROPIEDAD ACTIVO FIJO,#N/A,NO_CLIENTE,680500,Alto,0%,5,98,0,1,179966,9910,0,0,0,36,Propia,Licenciatura
2.01408E+16,570,Rechazada,PS1,Rechazado,MALO,0,,,,,0,RECIBOS DE NOMINA,#N/A,NO_CLIENTE,0,Alto,0%,4,98,0,0,0,0,0,0,0,58,Hipoteca,Licenciatura
2.01408E+16,4057,Rechazada,PS1,Rechazado,MALO,0,,,,,0,PROPIEDAD ACTIVO FIJO,#N/A,NO_CLIENTE,0,Alto,0%,5,98,0,0,0,0,0,0,0,57,Propia,Licenciatura
2.01408E+16,7465,Rechazada,PS1,Rechazado,MALO,0,,,,,0,PROPIEDAD ACTIVO FIJO,#N/A,NO_CLIENTE,16899,Alto,0%,4,98,0,0,0,0,0,0,0,27,Renta,Posgrado
2.01408E+16,415,Rechazada,PS1,Rechazado,MALO,0,,,,,0,PROPIEDAD ACTIVO FIJO,#N/A,NO_CLIENTE,0,Alto,0%,5,98,0,0,0,0,0,0,0,43,Renta,Posgrado
2.01408E+16,754,Rechazada,PS1,Rechazado,MALO,0,,,,,0,RECIBOS DE NOMINA,#N/A,NO_CLIENTE,0,Alto,0%,5,98,0,0,0,0,0,0,0,32,Hipoteca,Licenciatura
2.01408E+16,4271,Rechazada,PS1,Rechazado,MALO,0,,,,,0,RECIBOS DE NOMINA,#N/A,NO_CLIENTE,0,Alto,0%,4,98,0,0,0,0,0,0,0,37,Propia,Licenciatura
2.01408E+16,4867,Rechazada,PS1,Rechazado,MALO,0,,,,,0,RECIBOS DE NOMINA,#N/A,NO_CLIENTE,0,Alto,0%,5,98,0,0,0,0,0,28263,0,48,Renta,Posgrado
2.01408E+16,7,Rechazada,PS1,Rechazado,MALO,0,,,,,0,RECIBOS DE NOMINA,#N/A,NO_CLIENTE,0,Alto,0%,4,98,0,0,0,0,0,0,0,33,Renta,Licenciatura
2.01408E+16,148,Rechazada,PS1,Rechazado,MALO,0,,,,,0,RECIBOS DE NOMINA,#N/A,NO_CLIENTE,0,Alto,0%,5,98,0,0,0,0,0,0,0,47,Propia,Preparatoria
2.01408E+16,527,Rechazada,PS1,Rechazado,MALO,0,,,,,0,PROPIEDAD ACTIVO FIJO,#N/A,NO_CLIENTE,21500,Alto,0%,5,98,0,1,21101,1210,0,0,0,25,Familiares,Posgrado
2.01408E+16,141,Rechazada,PS1,Rechazado,MALO,0,,,,,0,RECIBOS DE NOMINA,#N/A,NO_CLIENTE,0,Alto,0%,4,98,0,0,0,0,0,0,0,56,Renta,Licenciatura
2.01408E+16,322,Rechazada,PS1,Rechazado,MALO,0,,,,,0,RECIBOS DE NOMINA,#N/A,NO_CLIENTE,0,Alto,0%,4,98,0,0,0,0,0,0,0,34,Propia,Posgrado
2.01408E+16,38,Rechazada,PS1,Rechazado,MALO,0,,,,,0,RECIBOS DE NOMINA,#N/A,NO_CLIENTE,0,Alto,0%,5,98,0,8,39183,39183,0,0,0,33,Hipoteca,Posgrado
2.01408E+16,7907,En_proceso,CN0,Rechazado,MALO,0,,,,,0,RECIBOS DE NOMINA,Medio D,NO_CLIENTE,0,Alto,0%,5,98,0,0,0,0,0,0,0,59,Hipoteca,Licenciatura
2.01407E+16,9157,En_proceso,CN0,Rechazado,MALO,0,,,,,0,INVERSIONES,Alto C,NO_CLIENTE,0,Alto,0%,4,98,0,0,0,0,0,0,0,35,Renta,Licenciatura
2.01407E+16,9155,En_proceso,CN0,Rechazado,MALO,0,,,,,0,INVERSIONES,Alto C,NO_CLIENTE,0,Alto,0%,5,98,0,0,0,0,0,0,0,32,Renta,Secundaria
2.01407E+16,9171,En_proceso,CN0,Rechazado,MALO,0,,,,,0,INVERSIONES,Alto C,NO_CLIENTE,0,Alto,0%,4,98,0,0,0,0,0,0,0,26,Hipoteca,Posgrado
2.01406E+16,952,Rechazada,CN0,Rechazado,MALO,0,,,,,0,RECIBOS DE NOMINA,Alto C,NO_CLIENTE,0,Alto,0%,5,98,0,0,0,0,0,0,0,60,Renta,Licenciatura
2.01406E+16,4051,Rechazada,CN0,Rechazado,MALO,0,,,,,0,RECIBOS DE NOMINA,Alto C,NO_CLIENTE,0,Alto,0%,5,98,0,0,0,0,0,0,0,58,Familiares,Preparatoria
2.01401E+16,256,Rechazada,CN0,Rechazado,MALO,0,,,,,6695,PROPIEDAD ACTIVO FIJO,Medio B,NO_CLIENTE,0,Alto,0%,4,98,0,0,0,0,0,0,0,55,Familiares,Licenciatura
2.01406E+16,4257,Rechazada,PS1,Rechazado,MALO,0,,,,,0,RECIBOS DE NOMINA,#N/A,NO_CLIENTE,0,Alto,0%,4,99,0,0,1692,0,0,0,0,38,Familiares,Preparatoria
2.01406E+16,918,Rechazada,PS1,Rechazado,MALO,0,,,,,0,PROPIEDAD ACTIVO FIJO,#N/A,NO_CLIENTE,0,Alto,0%,5,99,0,1,2231,250,0,0,0,57,Renta,Preparatoria
2.01406E+16,211,Rechazada,PS1,Rechazado,MALO,0,,,,,0,RECIBOS DE NOMINA,#N/A,NO_CLIENTE,0,Alto,0%,5,99,0,0,0,0,0,0,0,36,Familiares,Preparatoria
2.01406E+16,4782,Rechazada,PS1,Rechazado,MALO,0,,,,,0,PROPIEDAD ACTIVO FIJO,#N/A,NO_CLIENTE,0,Alto,0%,4,99,0,0,0,0,0,0,0,32,Hipoteca,Licenciatura
2.01406E+16,4552,Rechazada,PS1,Rechazado,MALO,0,,,,,0,PROPIEDAD ACTIVO FIJO,#N/A,NO_CLIENTE,0,Alto,0%,5,99,0,0,0,0,0,0,0,53,Renta,Licenciatura
2.01406E+16,735,Rechazada,PS1,Rechazado,MALO,0,,,,,0,PROPIEDAD ACTIVO FIJO,#N/A,NO_CLIENTE,0,Alto,0%,4,99,0,0,1931,0,0,0,0,27,Renta,Preparatoria
2.01406E+16,8174,Rechazada,PS1,Rechazado,MALO,0,,,,,0,RECIBOS DE NOMINA,#N/A,NO_CLIENTE,0,Alto,0%,5,99,0,0,0,0,0,0,0,53,Propia,Licenciatura
2.01407E+16,4552,Rechazada,PS1,Rechazado,MALO,0,,,,,0,RECIBOS DE NOMINA,#N/A,NO_CLIENTE,0,Alto,0%,5,99,0,0,0,0,0,0,0,60,Hipoteca,Licenciatura
2.01407E+16,966,Rechazada,PS1,Rechazado,MALO,0,,,,,0,PROPIEDAD ACTIVO FIJO,#N/A,NO_CLIENTE,0,Alto,0%,4,99,0,0,3724,0,0,0,0,32,Familiares,Licenciatura
2.01407E+16,4498,Rechazada,PS1,Rechazado,MALO,0,,,,,0,RECIBOS DE NOMINA,#N/A,NO_CLIENTE,0,Alto,0%,5,99,0,0,0,0,0,0,0,43,Propia,Preparatoria
2.01407E+16,653,Rechazada,PS1,Rechazado,MALO,0,,,,,0,RECIBOS DE NOMINA,#N/A,NO_CLIENTE,0,Alto,0%,4,99,0,0,0,0,0,0,0,49,Hipoteca,Posgrado
2.01407E+16,88,Rechazada,PS1,Rechazado,MALO,0,,,,,0,PROPIEDAD ACTIVO FIJO,#N/A,NO_CLIENTE,0,Alto,0%,5,99,0,0,0,0,0,0,0,51,Hipoteca,Preparatoria
2.01407E+16,4326,Rechazada,PS1,Rechazado,MALO,0,,,,,0,PROPIEDAD ACTIVO FIJO,#N/A,NO_CLIENTE,0,Alto,0%,5,99,0,0,6003,0,0,0,0,34,Familiares,Preparatoria
2.01407E+16,4160,Rechazada,PS1,Rechazado,MALO,0,,,,,0,RECIBOS DE NOMINA,#N/A,NO_CLIENTE,0,Alto,0%,4,99,0,0,0,0,0,0,0,44,Propia,Posgrado
2.01407E+16,845,Rechazada,PS1,Rechazado,MALO,0,,,,,0,PROPIEDAD ACTIVO FIJO,#N/A,NO_CLIENTE,0,Alto,0%,5,99,0,4,1606,1380,0,0,0,32,Propia,Posgrado
2.01407E+16,872,Rechazada,PS1,Rechazado,MALO,0,,,,,0,RECIBOS DE NOMINA,#N/A,NO_CLIENTE,0,Alto,0%,4,99,0,0,0,0,0,0,0,42,Familiares,Preparatoria
2.01407E+16,4726,Rechazada,PS1,Rechazado,MALO,0,,,,,0,PROPIEDAD ACTIVO FIJO,#N/A,NO_CLIENTE,136500,Alto,0%,5,99,0,1,113561,5110,0,56256,0,56,Familiares,Posgrado
2.01407E+16,262,Rechazada,PS1,Rechazado,MALO,0,,,,,0,RECIBOS DE NOMINA,#N/A,NO_CLIENTE,0,Alto,0%,5,99,0,0,0,0,0,0,0,42,Renta,Preparatoria
2.01407E+16,950,Rechazada,PS1,Rechazado,MALO,0,,,,,0,RECIBOS DE NOMINA,#N/A,NO_CLIENTE,0,Alto,0%,4,99,0,0,0,0,0,0,0,37,Familiares,Preparatoria
2.01407E+16,269,Rechazada,PS1,Rechazado,MALO,0,,,,,0,RECIBOS DE NOMINA,#N/A,NO_CLIENTE,0,Alto,0%,4,99,0,0,0,0,0,0,0,36,Familiares,Preparatoria
2.01407E+16,462,Rechazada,PS1,Rechazado,MALO,0,,,,,0,RECIBOS DE NOMINA,#N/A,NO_CLIENTE,0,Alto,0%,5,99,0,0,0,0,0,0,0,58,Propia,Posgrado
2.01407E+16,506,Rechazada,PS1,Rechazado,MALO,0,,,,,0,RECIBOS DE NOMINA,#N/A,NO_CLIENTE,0,Alto,0%,5,99,0,0,0,0,0,0,0,32,Hipoteca,Preparatoria
2.01407E+16,319,Rechazada,PS1,Rechazado,MALO,0,,,,,0,PROPIEDAD ACTIVO FIJO,#N/A,NO_CLIENTE,0,Alto,0%,4,99,0,0,0,0,0,0,0,25,Hipoteca,Posgrado
2.01407E+16,107,Rechazada,PS1,Rechazado,MALO,0,,,,,0,RECIBOS DE NOMINA,#N/A,NO_CLIENTE,0,Alto,0%,5,99,0,8,34249,34249,0,0,0,25,Familiares,Posgrado
2.01407E+16,828,Rechazada,PS1,Rechazado,MALO,0,,,,,0,RECIBOS DE NOMINA,#N/A,NO_CLIENTE,0,Alto,0%,4,99,0,0,0,0,0,0,0,29,Renta,Posgrado
2.01407E+16,752,Rechazada,PS1,Rechazado,MALO,0,,,,,0,PROPIEDAD ACTIVO FIJO,#N/A,NO_CLIENTE,0,Alto,0%,5,99,0,3,22184,3870,0,0,0,52,Familiares,Licenciatura
2.01407E+16,4722,Rechazada,PS1,Rechazado,MALO,0,,,,,0,PROPIEDAD ACTIVO FIJO,#N/A,NO_CLIENTE,0,Alto,0%,5,99,0,0,0,0,0,0,0,43,Familiares,Posgrado
2.01407E+16,938,Rechazada,PS1,Rechazado,MALO,0,,,,,0,RECIBOS DE NOMINA,#N/A,NO_CLIENTE,0,Alto,0%,4,99,0,0,0,0,0,0,0,34,Hipoteca,Secundaria
2.01407E+16,4423,Rechazada,PS1,Rechazado,MALO,0,,,,,0,PROPIEDAD ACTIVO FIJO,#N/A,NO_CLIENTE,0,Alto,0%,3,99,0,0,0,0,0,0,0,41,Propia,Preparatoria
2.01407E+16,752,Rechazada,PS1,Rechazado,MALO,0,,,,,0,RECIBOS DE NOMINA,#N/A,NO_CLIENTE,0,Alto,0%,2,99,0,0,0,0,0,0,0,31,Familiares,Licenciatura
2.01407E+16,333,Rechazada,PS1,Rechazado,MALO,0,,,,,0,RECIBOS DE NOMINA,#N/A,NO_CLIENTE,0,Alto,0%,3,99,0,0,0,0,0,0,0,27,Propia,Licenciatura
2.01407E+16,319,Rechazada,PS1,Rechazado,MALO,0,,,,,0,RECIBOS DE NOMINA,#N/A,NO_CLIENTE,0,Alto,0%,4,99,0,0,0,0,0,0,0,47,Familiares,Posgrado
2.01407E+16,7788,Cancelada,PS1,Rechazado,MALO,0,,,,,0,RECIBOS DE NOMINA,#N/A,NO_CLIENTE,0,Alto,0%,3,99,0,0,0,0,0,0,0,52,Hipoteca,Licenciatura
2.01407E+16,9179,Cancelada,PS1,Rechazado,MALO,0,,,,,0,SIN COMPROBANTE,#N/A,NO_CLIENTE,0,Alto,0%,3,99,0,0,0,0,0,0,0,53,Hipoteca,Posgrado
2.01407E+16,50002,Cancelada,PS1,Rechazado,MALO,0,,,,,0,PROPIEDAD ACTIVO FIJO,#N/A,NO_CLIENTE,0,Alto,0%,2,99,0,1,12131,340,0,0,0,43,Familiares,Posgrado
2.01407E+16,70001,Cancelada,PS1,Rechazado,MALO,0,,,,,0,RECIBOS DE NOMINA,#N/A,NO_CLIENTE,0,Alto,0%,3,99,0,0,0,0,0,0,0,44,Renta,Posgrado
2.01407E+16,4345,Rechazada,PS1,Rechazado,MALO,0,,,,,0,RECIBOS DE NOMINA,#N/A,NO_CLIENTE,0,Alto,0%,2,99,0,0,0,0,0,0,0,41,Renta,Licenciatura
2.01407E+16,7418,Rechazada,PS1,Rechazado,MALO,0,,,,,0,RECIBOS DE NOMINA,#N/A,NO_CLIENTE,0,Alto,0%,1,99,0,0,3311,0,0,15308,0,37,Propia,Posgrado
2.01407E+16,17035,Rechazada,PS1,Rechazado,MALO,0,,,,,0,PROPIEDAD ACTIVO FIJO,#N/A,NO_CLIENTE,0,Alto,0%,2,99,0,1,1176,440,0,0,0,50,Hipoteca,Preparatoria
2.01407E+16,14004,Rechazada,PS1,Rechazado,MALO,0,,,,,0,PROPIEDAD ACTIVO FIJO,#N/A,NO_CLIENTE,0,Alto,0%,3,99,0,1,3014,250,0,0,0,46,Familiares,Preparatoria
2.01407E+16,15002,Rechazada,PS1,Rechazado,MALO,0,,,,,0,RECIBOS DE NOMINA,#N/A,NO_CLIENTE,0,Alto,0%,2,99,0,0,0,0,0,0,0,57,Hipoteca,Posgrado
2.01407E+16,24035,Rechazada,PS1,Rechazado,MALO,0,,,,,0,RECIBOS DE NOMINA,#N/A,NO_CLIENTE,0,Alto,0%,1,99,0,1,32185,1900,0,60244,0,50,Familiares,Licenciatura
2.01407E+16,14091,Rechazada,PS1,Rechazado,MALO,0,,,,,0,RECIBOS DE NOMINA,#N/A,NO_CLIENTE,0,Alto,0%,4,99,0,0,0,0,0,0,0,34,Hipoteca,Licenciatura
2.01407E+16,197,Rechazada,PS1,Rechazado,MALO,0,,,,,0,RECIBOS DE NOMINA,#N/A,NO_CLIENTE,0,Alto,0%,3,99,0,0,0,0,0,0,0,40,Familiares,Licenciatura
2.01407E+16,4437,Rechazada,PS1,Rechazado,MALO,0,,,,,0,RECIBOS DE NOMINA,#N/A,NO_CLIENTE,0,Alto,0%,2,99,0,0,0,0,0,0,0,50,Propia,Licenciatura
2.01407E+16,22014,Rechazada,PS1,Rechazado,MALO,0,,,,,0,PROPIEDAD ACTIVO FIJO,#N/A,NO_CLIENTE,167500,Alto,0%,3,99,0,1,4737,880,0,0,0,49,Propia,Preparatoria
2.01407E+16,125,Rechazada,PS1,Rechazado,MALO,0,,,,,0,RECIBOS DE NOMINA,#N/A,NO_CLIENTE,0,Alto,0%,4,99,0,0,0,0,0,0,0,33,Renta,Licenciatura
2.01407E+16,4465,Rechazada,PS1,Rechazado,MALO,0,,,,,0,RECIBOS DE NOMINA,#N/A,NO_CLIENTE,0,Alto,0%,3,99,0,0,0,0,0,0,0,27,Hipoteca,Licenciatura
2.01407E+16,289,Rechazada,PS1,Rechazado,MALO,0,,,,,0,PROPIEDAD ACTIVO FIJO,#N/A,NO_CLIENTE,0,Alto,0%,3,99,0,0,0,0,0,0,0,43,Familiares,Posgrado
2.01407E+16,4152,Rechazada,PS1,Rechazado,MALO,0,,,,,0,RECIBOS DE NOMINA,#N/A,NO_CLIENTE,0,Alto,0%,2,99,0,0,0,0,0,0,0,41,Hipoteca,Licenciatura
2.01407E+16,278,Rechazada,PS1,Rechazado,MALO,0,,,,,0,RECIBOS DE NOMINA,#N/A,NO_CLIENTE,0,Alto,0%,3,99,0,0,0,0,0,0,0,38,Propia,Posgrado
2.01407E+16,160,Rechazada,PS1,Rechazado,MALO,0,,,,,0,RECIBOS DE NOMINA,#N/A,NO_CLIENTE,0,Alto,0%,2,99,0,0,0,0,0,0,0,32,Hipoteca,Posgrado
2.01407E+16,8217,Rechazada,PS1,Rechazado,MALO,0,,,,,0,PROPIEDAD ACTIVO FIJO,#N/A,NO_CLIENTE,0,Alto,0%,1,99,0,0,218,0,0,0,0,29,Familiares,Preparatoria
2.01407E+16,8176,Rechazada,PS1,Rechazado,MALO,0,,,,,0,INVERSIONES,#N/A,NO_CLIENTE,0,Alto,0%,2,99,0,0,0,0,0,25112,0,45,Hipoteca,Licenciatura
2.01407E+16,4463,Rechazada,PS1,Rechazado,MALO,0,,,,,0,RECIBOS DE NOMINA,#N/A,NO_CLIENTE,0,Alto,0%,3,99,0,0,0,0,0,0,0,55,Renta,Posgrado
2.01407E+16,549,Rechazada,PS1,Rechazado,MALO,0,,,,,0,CTA NOMINA DIGITAL,#N/A,NO_CLIENTE,0,Alto,0%,2,99,0,0,0,0,0,22019,0,29,Familiares,Licenciatura
2.01407E+16,65,Rechazada,PS1,Rechazado,MALO,0,,,,,0,RECIBOS DE NOMINA,#N/A,NO_CLIENTE,0,Alto,0%,1,99,0,0,0,0,0,0,0,56,Familiares,Preparatoria
2.01407E+16,658,Rechazada,PS1,Rechazado,MALO,0,,,,,0,PROPIEDAD ACTIVO FIJO,#N/A,NO_CLIENTE,0,Alto,0%,4,99,0,0,0,0,0,0,0,44,Propia,Posgrado
2.01407E+16,4465,Rechazada,PS1,Rechazado,MALO,0,,,,,0,PROPIEDAD ACTIVO FIJO,#N/A,NO_CLIENTE,0,Alto,0%,3,99,0,0,0,0,0,112715,0,25,Hipoteca,Licenciatura
2.01407E+16,965,Rechazada,PS1,Rechazado,MALO,0,,,,,0,RECIBOS DE NOMINA,#N/A,NO_CLIENTE,0,Alto,0%,2,99,0,0,0,0,0,0,0,25,Hipoteca,Preparatoria
2.01407E+16,4095,Rechazada,PS1,Rechazado,MALO,0,,,,,0,PAGOS PROV SEMESTRALES PF,#N/A,NO_CLIENTE,0,Alto,0%,3,99,0,0,0,0,0,0,0,40,Renta,Preparatoria
2.01407E+16,6579,Rechazada,PS1,Rechazado,MALO,0,,,,,0,RECIBOS DE NOMINA,#N/A,NO_CLIENTE,0,Alto,0%,4,99,0,0,0,0,0,0,0,33,Familiares,Licenciatura
2.01407E+16,165,Rechazada,PS1,Rechazado,MALO,0,,,,,0,PROPIEDAD ACTIVO FIJO,#N/A,NO_CLIENTE,0,Alto,0%,3,99,0,1,14198,890,0,12537,0,45,Renta,Posgrado
2.01407E+16,46,Rechazada,PS1,Rechazado,MALO,0,,,,,0,PROPIEDAD ACTIVO FIJO,#N/A,NO_CLIENTE,0,Alto,0%,3,99,0,1,12063,820,0,0,0,49,Renta,Posgrado
2.01407E+16,8193,Rechazada,PS1,Rechazado,MALO,0,,,,,0,PROPIEDAD ACTIVO FIJO,#N/A,NO_CLIENTE,0,Alto,0%,2,99,0,1,23747,1370,0,0,0,37,Hipoteca,Preparatoria
2.01407E+16,4496,Rechazada,PS1,Rechazado,MALO,0,,,,,0,RECIBOS DE NOMINA,#N/A,NO_CLIENTE,0,Alto,0%,3,99,0,0,0,0,0,0,0,50,Familiares,Preparatoria
2.01407E+16,131,Rechazada,PS1,Rechazado,MALO,0,,,,,0,RECIBOS DE NOMINA,#N/A,NO_CLIENTE,0,Alto,0%,2,99,0,0,0,0,0,0,0,47,Familiares,Posgrado
2.01407E+16,4152,Rechazada,PS1,Rechazado,MALO,0,,,,,0,RECIBOS DE NOMINA,#N/A,NO_CLIENTE,0,Alto,0%,1,99,0,0,0,0,0,32105,0,55,Hipoteca,Licenciatura
2.01407E+16,8214,Rechazada,PS1,Rechazado,MALO,0,,,,,0,INVERSIONES,#N/A,NO_CLIENTE,0,Alto,0%,2,99,0,0,0,0,0,0,0,50,Familiares,Posgrado
2.01407E+16,147,Rechazada,PS1,Rechazado,MALO,0,,,,,0,PROPIEDAD ACTIVO FIJO,#N/A,NO_CLIENTE,0,Alto,0%,3,99,0,0,0,0,0,59437,0,48,Familiares,Licenciatura
2.01407E+16,4320,Rechazada,PS1,Rechazado,MALO,0,,,,,0,RECIBOS DE NOMINA,#N/A,NO_CLIENTE,0,Alto,0%,2,99,0,0,0,0,0,0,0,58,Propia,Preparatoria
2.01407E+16,4418,Rechazada,PS1,Rechazado,MALO,0,,,,,0,RECIBOS DE NOMINA,#N/A,NO_CLIENTE,0,Alto,0%,1,99,0,0,0,0,0,0,0,28,Renta,Preparatoria
2.01407E+16,7171,Rechazada,PS1,Rechazado,MALO,0,,,,,0,RECIBOS DE NOMINA,#N/A,NO_CLIENTE,0,Alto,0%,4,99,0,0,0,0,0,0,0,46,Hipoteca,Licenciatura
2.01407E+16,658,Rechazada,PS1,Rechazado,MALO,0,,,,,0,PROPIEDAD ACTIVO FIJO,#N/A,NO_CLIENTE,0,Alto,0%,3,99,0,0,0,0,0,0,0,51,Hipoteca,Licenciatura
2.01407E+16,311,Rechazada,PS1,Rechazado,MALO,0,,,,,0,RECIBOS DE NOMINA,#N/A,NO_CLIENTE,0,Alto,0%,2,99,0,0,0,0,0,0,0,52,Propia,Licenciatura
2.01407E+16,746,Rechazada,PS1,Rechazado,MALO,0,,,,,0,RECIBOS DE NOMINA,#N/A,NO_CLIENTE,0,Alto,0%,3,99,0,0,0,0,0,0,0,29,Hipoteca,Posgrado
2.01407E+16,4866,Rechazada,PS1,Rechazado,MALO,0,,,,,0,PROPIEDAD ACTIVO FIJO,#N/A,NO_CLIENTE,0,Alto,0%,4,99,0,0,0,0,0,0,0,52,Propia,Preparatoria
2.01407E+16,4221,Rechazada,PS1,Rechazado,MALO,0,,,,,0,RECIBOS DE NOMINA,#N/A,NO_CLIENTE,0,Alto,0%,3,99,0,0,0,0,0,0,0,48,Propia,Preparatoria
2.01407E+16,744,Rechazada,PS1,Rechazado,MALO,0,,,,,0,RECIBOS DE NOMINA,#N/A,NO_CLIENTE,0,Alto,0%,3,99,0,0,0,0,0,0,0,48,Renta,Preparatoria
2.01407E+16,269,Rechazada,PS1,Rechazado,MALO,0,,,,,0,RECIBOS DE NOMINA,#N/A,NO_CLIENTE,0,Alto,0%,2,99,0,0,0,0,0,0,0,32,Familiares,Preparatoria
2.01407E+16,303,Rechazada,PS1,Rechazado,MALO,0,,,,,0,RECIBOS DE NOMINA,#N/A,NO_CLIENTE,0,Alto,0%,3,99,0,0,0,0,0,0,0,25,Renta,Posgrado
2.01407E+16,4080,Rechazada,PS1,Rechazado,MALO,0,,,,,0,RECIBOS DE NOMINA,#N/A,NO_CLIENTE,0,Alto,0%,2,99,0,0,0,0,0,0,0,45,Propia,Posgrado
2.01407E+16,4643,Rechazada,PS1,Rechazado,MALO,0,,,,,0,RECIBOS DE NOMINA,#N/A,NO_CLIENTE,0,Alto,0%,1,99,0,0,0,0,0,0,0,35,Renta,Preparatoria
2.01407E+16,568,Rechazada,PS1,Rechazado,MALO,0,,,,,0,RECIBOS DE NOMINA,#N/A,NO_CLIENTE,0,Alto,0%,2,99,0,0,0,0,0,0,0,33,Familiares,Licenciatura
2.01407E+16,4496,Rechazada,PS1,Rechazado,MALO,0,,,,,0,PROPIEDAD ACTIVO FIJO,#N/A,NO_CLIENTE,0,Alto,0%,3,99,0,0,20339,0,0,123422,0,48,Renta,Licenciatura
2.01407E+16,211,Rechazada,PS1,Rechazado,MALO,0,,,,,0,RECIBOS DE NOMINA,#N/A,NO_CLIENTE,0,Alto,0%,2,99,0,0,0,0,0,0,0,42,Renta,Posgrado
2.01407E+16,4068,Rechazada,PS1,Rechazado,MALO,0,,,,,0,RECIBOS DE NOMINA,#N/A,NO_CLIENTE,0,Alto,0%,1,99,0,0,0,0,0,0,0,36,Propia,Licenciatura
2.01407E+16,4556,Rechazada,PS1,Rechazado,MALO,0,,,,,0,RECIBOS DE NOMINA,#N/A,NO_CLIENTE,0,Alto,0%,4,99,0,0,0,0,0,0,0,25,Renta,Posgrado
2.01407E+16,4749,Rechazada,PS1,Rechazado,MALO,0,,,,,0,PROPIEDAD ACTIVO FIJO,#N/A,NO_CLIENTE,0,Alto,0%,3,99,0,1,1947,250,0,0,0,39,Propia,Licenciatura
2.01408E+16,401,Rechazada,PS1,Rechazado,MALO,0,,,,,0,RECIBOS DE NOMINA,#N/A,NO_CLIENTE,374500,Alto,0%,2,99,0,1,210437,7340,0,22931,0,53,Hipoteca,Posgrado
2.01408E+16,4451,Rechazada,PS1,Rechazado,MALO,0,,,,,0,RECIBOS DE NOMINA,#N/A,NO_CLIENTE,0,Alto,0%,3,99,0,0,0,0,0,0,0,34,Hipoteca,Preparatoria
2.01408E+16,4465,Rechazada,PS1,Rechazado,MALO,0,,,,,0,PROPIEDAD ACTIVO FIJO,#N/A,NO_CLIENTE,0,Alto,0%,4,99,0,0,0,0,0,0,0,47,Familiares,Licenciatura
2.01408E+16,4351,Rechazada,PS1,Rechazado,MALO,0,,,,,0,RECIBOS DE NOMINA,#N/A,NO_CLIENTE,0,Alto,0%,3,99,0,0,0,0,0,0,0,55,Renta,Licenciatura
2.01408E+16,924,Rechazada,PS1,Rechazado,MALO,0,,,,,0,RECIBOS DE NOMINA,#N/A,NO_CLIENTE,0,Alto,0%,3,99,0,0,0,0,0,5281,0,52,Hipoteca,Preparatoria
2.01408E+16,181,Rechazada,PS1,Rechazado,MALO,0,,,,,0,RECIBOS DE NOMINA,#N/A,NO_CLIENTE,0,Alto,0%,2,99,0,0,0,0,0,0,0,38,Renta,Licenciatura
2.01408E+16,6446,Rechazada,PS1,Rechazado,MALO,0,,,,,0,RECIBOS DE NOMINA,#N/A,NO_CLIENTE,0,Alto,0%,3,99,0,0,0,0,0,0,0,46,Propia,Secundaria
2.01408E+16,267,Rechazada,PS1,Rechazado,MALO,0,,,,,0,PROPIEDAD ACTIVO FIJO,#N/A,NO_CLIENTE,0,Alto,0%,2,99,0,0,0,0,0,0,0,28,Propia,Licenciatura
2.01408E+16,211,Rechazada,PS1,Rechazado,MALO,0,,,,,0,PROPIEDAD ACTIVO FIJO,#N/A,NO_CLIENTE,0,Alto,0%,1,99,0,0,7297,0,0,111588,0,52,Familiares,Licenciatura
2.01408E+16,7514,Rechazada,PS1,Rechazado,MALO,0,,,,,0,RECIBOS DE NOMINA,#N/A,NO_CLIENTE,0,Alto,0%,2,99,0,0,730,0,0,0,0,57,Hipoteca,Licenciatura
2.01408E+16,7418,En_proceso,PS1,Rechazado,MALO,0,,,,,0,PROPIEDAD ACTIVO FIJO,#N/A,NO_CLIENTE,0,Alto,0%,3,99,0,0,0,0,0,0,0,59,Propia,Licenciatura
2.01408E+16,162,Rechazada,PS1,Rechazado,MALO,0,,,,,0,RECIBOS DE NOMINA,#N/A,NO_CLIENTE,0,Alto,0%,2,99,0,0,0,0,0,0,0,49,Propia,Licenciatura
2.01408E+16,769,Rechazada,PS1,Rechazado,MALO,0,,,,,0,RECIBOS DE NOMINA,#N/A,NO_CLIENTE,0,Alto,0%,1,99,0,0,0,0,0,0,0,59,Propia,Licenciatura
2.01408E+16,938,Rechazada,PS1,Rechazado,MALO,0,,,,,0,RECIBOS DE NOMINA,#N/A,NO_CLIENTE,0,Alto,0%,4,99,0,0,0,0,0,0,0,37,Familiares,Licenciatura
2.01408E+16,8217,Rechazada,PS1,Rechazado,MALO,0,,,,,0,PROPIEDAD ACTIVO FIJO,#N/A,NO_CLIENTE,0,Alto,0%,3,99,0,0,0,0,0,0,0,52,Renta,Posgrado
2.01408E+16,541,Rechazada,PS1,Rechazado,MALO,0,,,,,0,RECIBOS DE NOMINA,#N/A,NO_CLIENTE,15000,Alto,0%,2,99,0,2,16671,1880,0,0,0,57,Renta,Licenciatura
2.01408E+16,755,Rechazada,PS1,Rechazado,MALO,0,,,,,0,RECIBOS DE NOMINA,#N/A,NO_CLIENTE,0,Alto,0%,3,99,0,0,0,0,0,0,0,58,Propia,Licenciatura
2.01408E+16,112,Rechazada,PS1,Rechazado,MALO,0,,,,,0,RECIBOS DE NOMINA,#N/A,NO_CLIENTE,0,Alto,0%,4,99,0,0,0,0,0,0,0,42,Propia,Posgrado
2.01408E+16,4376,Rechazada,PS1,Rechazado,MALO,0,,,,,0,PROPIEDAD ACTIVO FIJO,#N/A,NO_CLIENTE,7200,Alto,0%,3,99,0,1,6809,370,0,0,0,28,Propia,Secundaria
2.01408E+16,118,Rechazada,PS1,Rechazado,MALO,0,,,,,0,PROPIEDAD ACTIVO FIJO,#N/A,NO_CLIENTE,23500,Alto,0%,3,99,0,1,5770,300,0,0,0,54,Hipoteca,Posgrado
2.01408E+16,984,Rechazada,PS1,Rechazado,MALO,0,,,,,0,PROPIEDAD ACTIVO FIJO,#N/A,NO_CLIENTE,50000,Alto,0%,2,99,0,1,6848,720,0,0,0,33,Hipoteca,Preparatoria
2.01408E+16,4357,Rechazada,PS1,Rechazado,MALO,0,,,,,0,RECIBOS DE NOMINA,#N/A,NO_CLIENTE,3000,Alto,0%,3,99,0,0,1630,0,0,0,0,39,Hipoteca,Licenciatura
2.01408E+16,542,Rechazada,PS1,Rechazado,MALO,0,,,,,0,RECIBOS DE NOMINA,#N/A,NO_CLIENTE,0,Alto,0%,2,99,0,0,0,0,0,0,0,42,Propia,Posgrado
2.01408E+16,18,Rechazada,PS1,Rechazado,MALO,0,,,,,0,PROPIEDAD ACTIVO FIJO,#N/A,NO_CLIENTE,176500,Alto,0%,1,99,0,1,167320,6270,0,0,0,43,Renta,Licenciatura
2.01408E+16,245,Rechazada,PS1,Rechazado,MALO,0,,,,,0,PROPIEDAD ACTIVO FIJO,#N/A,NO_CLIENTE,57000,Alto,0%,2,99,0,0,259,0,0,0,0,38,Familiares,Posgrado
2.01408E+16,478,Rechazada,PS1,Rechazado,MALO,0,,,,,0,RECIBOS DE NOMINA,#N/A,NO_CLIENTE,0,Alto,0%,3,99,0,0,0,0,0,0,0,27,Propia,Preparatoria
2.01408E+16,500,Rechazada,PS1,Rechazado,MALO,0,,,,,0,RECIBOS DE NOMINA,#N/A,NO_CLIENTE,0,Alto,0%,2,99,0,8,87385,46910,0,56303,0,49,Propia,Posgrado
2.01408E+16,11715,Rechazada,PS1,Rechazado,MALO,0,,,,,0,RECIBOS DE NOMINA,#N/A,NO_CLIENTE,50000,Alto,0%,1,99,0,0,0,0,0,0,0,30,Familiares,Posgrado
2.01408E+16,310,Rechazada,PS1,Rechazado,MALO,0,,,,,0,RECIBOS DE NOMINA,#N/A,NO_CLIENTE,0,Alto,0%,4,99,0,0,0,0,0,0,0,52,Propia,Preparatoria
2.01408E+16,7568,Rechazada,PS1,Rechazado,MALO,0,,,,,0,RECIBOS DE NOMINA,#N/A,NO_CLIENTE,0,Alto,0%,3,99,0,0,0,0,0,0,0,40,Hipoteca,Posgrado
2.01408E+16,124,Rechazada,PS1,Rechazado,MALO,0,,,,,0,RECIBOS DE NOMINA,#N/A,NO_CLIENTE,0,Alto,0%,2,99,0,0,0,0,0,0,0,32,Hipoteca,Preparatoria
2.01408E+16,313,Rechazada,PS1,Rechazado,MALO,0,,,,,0,PROPIEDAD ACTIVO FIJO,#N/A,NO_CLIENTE,0,Alto,0%,4,99,0,0,0,0,0,0,0,32,Familiares,Posgrado
2.01408E+16,8121,Rechazada,PS1,Rechazado,MALO,0,,,,,0,PROPIEDAD ACTIVO FIJO,#N/A,NO_CLIENTE,0,Alto,0%,5,99,0,0,0,0,0,0,0,50,Propia,Posgrado
2.01408E+16,7769,Rechazada,PS1,Rechazado,MALO,0,,,,,0,RECIBOS DE NOMINA,#N/A,NO_CLIENTE,0,Alto,0%,5,99,0,0,0,0,0,0,0,37,Hipoteca,Licenciatura
2.01408E+16,8166,Rechazada,PS1,Rechazado,MALO,0,,,,,0,PROPIEDAD ACTIVO FIJO,#N/A,NO_CLIENTE,0,Alto,0%,4,99,0,0,0,0,0,0,0,30,Renta,Licenciatura
2.01408E+16,7799,Rechazada,PS1,Rechazado,MALO,0,,,,,0,RECIBOS DE NOMINA,#N/A,NO_CLIENTE,0,Alto,0%,5,99,0,0,0,0,0,0,0,54,Hipoteca,Posgrado
2.01408E+16,8164,Rechazada,PS1,Rechazado,MALO,0,,,,,0,PROPIEDAD ACTIVO FIJO,#N/A,NO_CLIENTE,0,Alto,0%,4,99,0,0,0,0,0,0,0,45,Renta,Licenciatura
2.01408E+16,7797,Rechazada,PS1,Rechazado,MALO,0,,,,,0,RECIBOS DE NOMINA,#N/A,NO_CLIENTE,0,Alto,0%,5,99,0,0,0,0,0,0,0,31,Renta,Posgrado
2.01408E+16,8167,Rechazada,PS1,Rechazado,MALO,0,,,,,0,PROPIEDAD ACTIVO FIJO,#N/A,NO_CLIENTE,34200,Alto,0%,5,99,0,1,31392,1000,0,17013,0,29,Familiares,Preparatoria
2.01408E+16,7799,Rechazada,PS1,Rechazado,MALO,0,,,,,0,RECIBOS DE NOMINA,#N/A,NO_CLIENTE,0,Alto,0%,4,99,0,0,0,0,0,0,0,30,Hipoteca,Licenciatura
2.01408E+16,10014,Rechazada,PS1,Rechazado,MALO,0,,,,,0,RECIBOS DE NOMINA,#N/A,NO_CLIENTE,0,Alto,0%,5,99,0,0,0,0,0,0,0,57,Hipoteca,Posgrado
2.01408E+16,7829,Rechazada,PS1,Rechazado,MALO,0,,,,,0,PROPIEDAD ACTIVO FIJO,#N/A,NO_CLIENTE,0,Alto,0%,4,99,0,0,0,0,0,0,0,59,Familiares,Licenciatura
2.01408E+16,7792,Rechazada,PS1,Rechazado,MALO,0,,,,,0,RECIBOS DE NOMINA,#N/A,NO_CLIENTE,9400,Alto,0%,5,99,0,1,6551,250,0,0,0,56,Propia,Posgrado
2.01408E+16,7618,Rechazada,PS1,Rechazado,MALO,0,,,,,0,RECIBOS DE NOMINA,#N/A,NO_CLIENTE,0,Alto,0%,5,99,0,0,0,0,0,0,0,43,Propia,Posgrado
2.01408E+16,7761,Rechazada,PS1,Rechazado,MALO,0,,,,,0,RECIBOS DE NOMINA,#N/A,NO_CLIENTE,0,Alto,0%,4,99,0,0,0,0,0,0,0,58,Renta,Posgrado
2.01408E+16,7580,Rechazada,PS1,Rechazado,MALO,0,,,,,0,RECIBOS DE NOMINA,#N/A,NO_CLIENTE,0,Alto,0%,5,99,0,0,0,0,0,0,0,38,Renta,Preparatoria
2.01408E+16,17005,Rechazada,PS1,Rechazado,MALO,0,,,,,0,RECIBOS DE NOMINA,#N/A,NO_CLIENTE,0,Alto,0%,4,99,0,0,0,0,0,0,0,32,Propia,Licenciatura
2.01408E+16,5751,Rechazada,PS1,Rechazado,MALO,0,,,,,0,PROPIEDAD ACTIVO FIJO,#N/A,NO_CLIENTE,0,Alto,0%,5,99,0,0,0,0,0,0,0,46,Hipoteca,Preparatoria
2.01408E+16,7811,Rechazada,PS1,Rechazado,MALO,0,,,,,0,PROPIEDAD ACTIVO FIJO,#N/A,NO_CLIENTE,0,Alto,0%,5,99,0,0,0,0,0,0,0,58,Propia,Posgrado
2.01408E+16,9175,Rechazada,PS1,Rechazado,MALO,0,,,,,0,RECIBOS DE NOMINA,#N/A,NO_CLIENTE,0,Alto,0%,4,99,0,0,0,0,0,0,0,57,Hipoteca,Preparatoria
2.01408E+16,8167,Rechazada,PS1,Rechazado,MALO,0,,,,,0,PROPIEDAD ACTIVO FIJO,#N/A,NO_CLIENTE,0,Alto,0%,4,99,0,0,0,0,0,0,0,46,Renta,Preparatoria
2.01408E+16,7832,Rechazada,PS1,Rechazado,MALO,0,,,,,0,PROPIEDAD ACTIVO FIJO,#N/A,NO_CLIENTE,0,Alto,0%,5,99,0,0,0,0,0,0,0,27,Familiares,Licenciatura
2.01408E+16,7715,Rechazada,PS1,Rechazado,MALO,0,,,,,0,RECIBOS DE NOMINA,#N/A,NO_CLIENTE,0,Alto,0%,5,99,0,0,0,0,0,0,0,60,Propia,Posgrado
2.01408E+16,9232,Rechazada,PS1,Rechazado,MALO,0,,,,,0,RECIBOS DE NOMINA,#N/A,NO_CLIENTE,0,Alto,0%,4,99,0,0,0,0,0,0,0,53,Renta,Posgrado
2.01408E+16,7588,Rechazada,PS1,Rechazado,MALO,0,,,,,0,RECIBOS DE NOMINA,#N/A,NO_CLIENTE,0,Alto,0%,5,99,0,0,0,0,0,0,0,56,Hipoteca,Licenciatura
2.01408E+16,7684,Rechazada,PS1,Rechazado,MALO,0,,,,,0,RECIBOS DE NOMINA,#N/A,NO_CLIENTE,0,Alto,0%,4,99,0,0,0,0,0,0,0,44,Propia,Posgrado
2.01408E+16,9396,Rechazada,PS1,Rechazado,MALO,0,,,,,0,RECIBOS DE NOMINA,#N/A,NO_CLIENTE,0,Alto,0%,5,99,0,0,0,0,0,0,0,35,Renta,Posgrado
2.01408E+16,7715,Rechazada,PS1,Rechazado,MALO,0,,,,,0,RECIBOS DE NOMINA,#N/A,NO_CLIENTE,0,Alto,0%,5,99,0,0,0,0,0,0,0,54,Renta,Preparatoria
2.01408E+16,179,Rechazada,PS1,Rechazado,MALO,0,,,,,0,RECIBOS DE NOMINA,#N/A,NO_CLIENTE,0,Alto,0%,4,99,0,0,0,0,0,0,0,60,Renta,Posgrado
2.01408E+16,6493,Rechazada,PS1,Rechazado,MALO,0,,,,,0,RECIBOS DE NOMINA,#N/A,NO_CLIENTE,0,Alto,0%,4,99,0,0,0,0,0,0,0,34,Propia,Licenciatura
2.01408E+16,879,Rechazada,PS1,Rechazado,MALO,0,,,,,0,RECIBOS DE NOMINA,#N/A,NO_CLIENTE,0,Alto,0%,5,99,0,0,0,0,0,17273,0,25,Hipoteca,Preparatoria
2.01408E+16,162,Rechazada,PS1,Rechazado,MALO,0,,,,,0,RECIBOS DE NOMINA,#N/A,NO_CLIENTE,0,Alto,0%,5,99,0,0,0,0,0,0,0,52,Hipoteca,Preparatoria
2.01408E+16,7512,Rechazada,PS1,Rechazado,MALO,0,,,,,0,RECIBOS DE NOMINA,#N/A,NO_CLIENTE,0,Alto,0%,4,99,0,0,0,0,0,0,0,35,Propia,Posgrado
2.01408E+16,6609,Rechazada,PS1,Rechazado,MALO,0,,,,,0,PROPIEDAD ACTIVO FIJO,#N/A,NO_CLIENTE,303800,Alto,0%,5,99,0,1,11192,4400,0,109692,0,44,Renta,Preparatoria
2.01408E+16,4604,Rechazada,PS1,Rechazado,MALO,0,,,,,0,PROPIEDAD ACTIVO FIJO,#N/A,NO_CLIENTE,78500,Alto,0%,4,99,0,1,31990,1960,0,0,0,27,Renta,Preparatoria
2.01408E+16,136,Rechazada,PS1,Rechazado,MALO,0,,,,,0,PROPIEDAD ACTIVO FIJO,#N/A,NO_CLIENTE,10500,Alto,0%,5,99,0,1,220,0,0,0,0,49,Renta,Preparatoria
2.01408E+16,228,Rechazada,PS1,Rechazado,MALO,0,,,,,0,RECIBOS DE NOMINA,#N/A,NO_CLIENTE,0,Alto,0%,5,99,0,0,0,0,0,0,0,28,Hipoteca,Posgrado
2.01408E+16,4454,Rechazada,PS1,Rechazado,MALO,0,,,,,0,PROPIEDAD ACTIVO FIJO,#N/A,NO_CLIENTE,0,Alto,0%,4,99,0,0,0,0,0,0,0,42,Familiares,Posgrado
2.01408E+16,281,Rechazada,PS1,Rechazado,MALO,0,,,,,0,RECIBOS DE NOMINA,#N/A,NO_CLIENTE,0,Alto,0%,5,99,0,0,0,0,0,0,0,51,Propia,Licenciatura
2.01408E+16,4602,Rechazada,PS1,Rechazado,MALO,0,,,,,0,RECIBOS DE NOMINA,#N/A,NO_CLIENTE,0,Alto,0%,4,99,0,0,0,0,0,0,0,53,Renta,Preparatoria
2.01408E+16,45,Rechazada,PS1,Rechazado,MALO,0,,,,,0,RECIBOS DE NOMINA,#N/A,NO_CLIENTE,0,Alto,0%,5,99,0,0,0,0,0,0,0,49,Familiares,Licenciatura
2.01408E+16,107,Rechazada,PS1,Rechazado,MALO,0,,,,,0,RECIBOS DE NOMINA,#N/A,NO_CLIENTE,0,Alto,0%,5,99,0,0,0,0,0,0,0,41,Propia,Licenciatura
2.01408E+16,503,Rechazada,PS1,Rechazado,MALO,0,,,,,0,PROPIEDAD ACTIVO FIJO,#N/A,NO_CLIENTE,0,Alto,0%,4,99,0,0,0,0,0,0,0,40,Familiares,Licenciatura
2.01408E+16,52,Rechazada,PS1,Rechazado,MALO,0,,,,,0,RECIBOS DE NOMINA,#N/A,NO_CLIENTE,0,Alto,0%,5,99,0,0,0,0,0,0,0,26,Renta,Secundaria
2.01408E+16,8216,Rechazada,PS1,Rechazado,MALO,0,,,,,0,RECIBOS DE NOMINA,#N/A,NO_CLIENTE,0,Alto,0%,4,99,0,0,0,0,0,0,0,40,Hipoteca,Posgrado
2.01408E+16,327,Rechazada,PS1,Rechazado,MALO,0,,,,,0,PROPIEDAD ACTIVO FIJO,#N/A,NO_CLIENTE,11000,Alto,0%,5,99,0,2,4212,500,0,0,0,43,Propia,Posgrado
2.01408E+16,45,Rechazada,PS1,Rechazado,MALO,0,,,,,0,RECIBOS DE NOMINA,#N/A,NO_CLIENTE,0,Alto,0%,5,99,0,0,0,0,0,73516,0,31,Hipoteca,Posgrado
2.01408E+16,458,Rechazada,PS1,Rechazado,MALO,0,,,,,0,RECIBOS DE NOMINA,#N/A,NO_CLIENTE,0,Alto,0%,4,99,0,0,0,0,0,0,0,54,Hipoteca,Preparatoria
2.01408E+16,7416,Rechazada,PS1,Rechazado,MALO,0,,,,,0,PROPIEDAD ACTIVO FIJO,#N/A,NO_CLIENTE,0,Alto,0%,4,99,0,0,0,0,0,0,0,47,Renta,Posgrado
2.01408E+16,8118,Rechazada,PS1,Rechazado,MALO,0,,,,,0,PROPIEDAD ACTIVO FIJO,#N/A,NO_CLIENTE,0,Alto,0%,5,99,0,0,0,0,0,49002,0,44,Propia,Posgrado
2.01408E+16,10025,Rechazada,PS1,Rechazado,MALO,0,,,,,0,RECIBOS DE NOMINA,#N/A,NO_CLIENTE,0,Alto,0%,5,99,0,0,0,0,0,0,0,51,Hipoteca,Posgrado
2.01408E+16,9233,Rechazada,PS1,Rechazado,MALO,0,,,,,0,RECIBOS DE NOMINA,#N/A,NO_CLIENTE,0,Alto,0%,4,99,0,0,0,0,0,0,0,35,Hipoteca,Posgrado
2.01408E+16,9261,Rechazada,PS1,Rechazado,MALO,0,,,,,0,PROPIEDAD ACTIVO FIJO,#N/A,NO_CLIENTE,0,Alto,0%,5,99,0,0,0,0,0,0,0,58,Hipoteca,Licenciatura
2.01408E+16,9396,Rechazada,PS1,Rechazado,MALO,0,,,,,0,PROPIEDAD ACTIVO FIJO,#N/A,NO_CLIENTE,0,Alto,0%,4,99,0,0,0,0,0,0,0,39,Renta,Posgrado
2.01408E+16,7800,Rechazada,PS1,Rechazado,MALO,0,,,,,0,PROPIEDAD ACTIVO FIJO,#N/A,NO_CLIENTE,0,Alto,0%,5,99,0,0,0,0,0,0,0,26,Propia,Licenciatura
2.01408E+16,7892,Rechazada,PS1,Rechazado,MALO,0,,,,,0,PROPIEDAD ACTIVO FIJO,#N/A,NO_CLIENTE,0,Alto,0%,5,99,0,0,0,0,0,0,0,36,Propia,Preparatoria
2.01408E+16,426,Rechazada,PS1,Rechazado,MALO,0,,,,,0,PROPIEDAD ACTIVO FIJO,#N/A,NO_CLIENTE,200000,Alto,0%,4,99,0,0,174066,0,0,0,0,43,Propia,Licenciatura
2.01408E+16,4881,Rechazada,PS1,Rechazado,MALO,0,,,,,0,RECIBOS DE NOMINA,#N/A,NO_CLIENTE,0,Alto,0%,3,99,0,0,0,0,0,0,0,25,Familiares,Posgrado
2.01408E+16,262,Rechazada,PS1,Rechazado,MALO,0,,,,,0,RECIBOS DE NOMINA,#N/A,NO_CLIENTE,0,Alto,0%,2,99,0,0,0,0,0,0,0,30,Propia,Posgrado
2.01408E+16,6609,Rechazada,PS1,Rechazado,MALO,0,,,,,0,RECIBOS DE NOMINA,#N/A,NO_CLIENTE,0,Alto,0%,3,99,0,0,0,0,0,0,0,32,Propia,Posgrado
2.01408E+16,405,Rechazada,PS1,Rechazado,MALO,0,,,,,0,PROPIEDAD ACTIVO FIJO,#N/A,NO_CLIENTE,51000,Alto,0%,4,99,0,1,704,640,0,0,0,28,Renta,Posgrado
2.01408E+16,4345,Rechazada,PS1,Rechazado,MALO,0,,,,,0,RECIBOS DE NOMINA,#N/A,NO_CLIENTE,0,Alto,0%,3,99,0,0,0,0,0,0,0,52,Propia,Licenciatura
2.01408E+16,278,Rechazada,PS1,Rechazado,MALO,0,,,,,0,RECIBOS DE NOMINA,#N/A,NO_CLIENTE,0,Alto,0%,3,99,0,0,0,0,0,0,0,47,Propia,Secundaria
2.01408E+16,21,Rechazada,PS1,Rechazado,MALO,0,,,,,0,RECIBOS DE NOMINA,#N/A,NO_CLIENTE,0,Alto,0%,2,99,0,0,0,0,0,0,0,36,Propia,Licenciatura
2.01408E+16,4644,Rechazada,PS1,Rechazado,MALO,0,,,,,0,RECIBOS DE NOMINA,#N/A,NO_CLIENTE,0,Alto,0%,3,99,0,0,0,0,0,0,0,43,Hipoteca,Posgrado
2.01408E+16,7998,Rechazada,PS1,Rechazado,MALO,0,,,,,0,RECIBOS DE NOMINA,#N/A,NO_CLIENTE,0,Alto,0%,2,99,0,0,0,0,0,0,0,56,Propia,Licenciatura
2.01408E+16,371,Rechazada,PS1,Rechazado,MALO,0,,,,,0,PROPIEDAD ACTIVO FIJO,#N/A,NO_CLIENTE,0,Alto,0%,1,99,0,0,0,0,0,0,0,54,Propia,Posgrado
2.01408E+16,567,Rechazada,PS1,Rechazado,MALO,0,,,,,0,RECIBOS DE NOMINA,#N/A,NO_CLIENTE,0,Alto,0%,2,99,0,0,0,0,0,0,0,34,Renta,Licenciatura
2.01408E+16,772,Rechazada,PS1,Rechazado,MALO,0,,,,,0,RECIBOS DE NOMINA,#N/A,NO_CLIENTE,0,Alto,0%,3,99,0,0,0,0,0,0,0,37,Hipoteca,Posgrado
2.01408E+16,351,Rechazada,PS1,Rechazado,MALO,0,,,,,0,RECIBOS DE NOMINA,#N/A,NO_CLIENTE,0,Alto,0%,2,99,0,0,0,0,0,0,0,34,Renta,Posgrado
2.01408E+16,62,Rechazada,PS1,Rechazado,MALO,0,,,,,0,RECIBOS DE NOMINA,#N/A,NO_CLIENTE,0,Alto,0%,1,99,0,0,0,0,0,0,0,34,Propia,Posgrado
2.01408E+16,7492,Rechazada,PS1,Rechazado,MALO,0,,,,,0,RECIBOS DE NOMINA,#N/A,NO_CLIENTE,0,Alto,0%,4,99,0,0,0,0,0,14355,0,47,Propia,Posgrado
2.01408E+16,6439,Rechazada,PS1,Rechazado,MALO,0,,,,,0,RECIBOS DE NOMINA,#N/A,NO_CLIENTE,0,Alto,0%,3,99,0,0,0,0,0,0,0,40,Hipoteca,Licenciatura
2.01408E+16,7988,Rechazada,PS1,Rechazado,MALO,0,,,,,0,RECIBOS DE NOMINA,#N/A,NO_CLIENTE,0,Alto,0%,2,99,0,0,0,0,0,0,0,54,Renta,Preparatoria
2.01408E+16,8193,Rechazada,PS1,Rechazado,MALO,0,,,,,0,RECIBOS DE NOMINA,#N/A,NO_CLIENTE,0,Alto,0%,3,99,0,0,0,0,0,0,0,39,Hipoteca,Licenciatura
2.01408E+16,4376,Rechazada,PS1,Rechazado,MALO,0,,,,,0,RECIBOS DE NOMINA,#N/A,NO_CLIENTE,0,Alto,0%,4,99,0,0,0,0,0,0,0,54,Propia,Preparatoria
2.01408E+16,7512,Rechazada,PS1,Rechazado,MALO,0,,,,,0,RECIBOS DE NOMINA,#N/A,NO_CLIENTE,0,Alto,0%,3,99,0,0,0,0,0,0,0,55,Familiares,Posgrado
2.01408E+16,8174,Rechazada,PS1,Rechazado,MALO,0,,,,,0,RECIBOS DE NOMINA,#N/A,NO_CLIENTE,0,Alto,0%,3,99,0,0,0,0,0,0,0,49,Familiares,Posgrado
2.01408E+16,198,Rechazada,PS1,Rechazado,MALO,0,,,,,0,RECIBOS DE NOMINA,#N/A,NO_CLIENTE,0,Alto,0%,2,99,0,0,0,0,0,8326,0,52,Propia,Licenciatura
2.01408E+16,5197,Rechazada,PS1,Rechazado,MALO,0,,,,,0,RECIBOS DE NOMINA,#N/A,NO_CLIENTE,0,Alto,0%,3,99,0,0,0,0,0,0,0,60,Familiares,Posgrado
2.01408E+16,84,Rechazada,PS1,Rechazado,MALO,0,,,,,0,RECIBOS DE NOMINA,#N/A,NO_CLIENTE,0,Alto,0%,2,99,0,0,0,0,0,0,0,30,Propia,Preparatoria
2.01408E+16,792,Rechazada,PS1,Rechazado,MALO,0,,,,,0,PROPIEDAD ACTIVO FIJO,#N/A,NO_CLIENTE,15400,Alto,0%,1,99,0,1,4277,400,0,0,0,60,Hipoteca,Preparatoria
2.01408E+16,192,Rechazada,PS1,Rechazado,MALO,0,,,,,0,RECIBOS DE NOMINA,#N/A,NO_CLIENTE,0,Alto,0%,2,99,0,0,0,0,0,0,0,36,Familiares,Posgrado
2.01408E+16,8157,En_proceso,CN0,Rechazado,MALO,0,,,,,0,INVERSIONES,Alto C,NO_CLIENTE,0,Alto,0%,3,99,0,0,0,0,0,0,0,49,Hipoteca,Preparatoria
2.01408E+16,7574,En_proceso,CN0,Rechazado,MALO,0,,,,,0,INVERSIONES,Medio D,NO_CLIENTE,0,Alto,0%,2,99,0,0,0,0,0,0,0,37,Renta,Preparatoria
2.01406E+16,546,Rechazada,CN0,Rechazado,MALO,0,,,,,0,PAGOS PROV SEMESTRALES PF,Medio B,NO_CLIENTE,0,Alto,0%,1,99,0,0,0,0,0,0,0,55,Familiares,Posgrado
2.01407E+16,7616,En_proceso,CN0,Rechazado,MALO,0,,,,,0,INVERSIONES,Alto C,NO_CLIENTE,0,Alto,0%,4,99,0,0,0,0,0,0,0,60,Familiares,Posgrado
2.01406E+16,4326,Rechazada,CN0,Rechazado,MALO,0,,,,,5091,RECIBOS DE NOMINA,Alto B,CLIENTE_BANCO,0,Alto,0%,3,99,0,0,0,0,0,21456,0,38,Renta,Licenciatura
2.01406E+16,6579,Rechazada,CN0,Rechazado,MALO,0,,,,,0,RECIBOS DE NOMINA,Alto C,NO_CLIENTE,0,Alto,0%,2,99,0,0,0,0,0,0,0,57,Hipoteca,Licenciatura
2.01406E+16,4896,Rechazada,PS1,Rechazado,MALO,0,,,,,0,RECIBOS DE NOMINA,#N/A,NO_CLIENTE,0,Alto,0%,3,100,0,0,0,0,0,0,0,51,Hipoteca,Posgrado
2.01406E+16,4385,Rechazada,PS1,Rechazado,MALO,0,,,,,0,RECIBOS DE NOMINA,#N/A,NO_CLIENTE,0,Alto,0%,4,100,0,0,0,0,0,0,0,42,Familiares,Posgrado
2.01406E+16,6428,Rechazada,PS1,Rechazado,MALO,0,,,,,0,RECIBOS DE NOMINA,#N/A,NO_CLIENTE,0,Alto,0%,3,100,0,0,0,0,0,0,0,34,Familiares,Preparatoria
2.01406E+16,134,Rechazada,PS1,Rechazado,MALO,0,,,,,0,RECIBOS DE NOMINA,#N/A,NO_CLIENTE,0,Alto,0%,3,100,0,0,0,0,0,0,0,53,Hipoteca,Preparatoria
2.01406E+16,69,Rechazada,PS1,Rechazado,MALO,0,,,,,0,RECIBOS DE NOMINA,#N/A,NO_CLIENTE,0,Alto,0%,2,100,0,0,0,0,0,0,0,29,Propia,Licenciatura
2.01406E+16,4395,Rechazada,PS1,Rechazado,MALO,0,,,,,0,RECIBOS DE NOMINA,#N/A,NO_CLIENTE,0,Alto,0%,3,100,0,0,0,0,0,0,0,48,Hipoteca,Posgrado
2.01406E+16,165,Rechazada,PS1,Rechazado,MALO,0,,,,,0,PROPIEDAD ACTIVO FIJO,#N/A,NO_CLIENTE,0,Alto,0%,2,100,0,1,17032,1090,0,0,0,34,Propia,Secundaria
2.01407E+16,335,Rechazada,PS1,Rechazado,MALO,0,,,,,0,RECIBOS DE NOMINA,#N/A,NO_CLIENTE,0,Alto,0%,1,100,0,0,0,0,0,0,0,57,Renta,Posgrado
2.01407E+16,964,Rechazada,PS1,Rechazado,MALO,0,,,,,0,RECIBOS DE NOMINA,#N/A,NO_CLIENTE,0,Alto,0%,2,100,0,0,0,0,0,0,0,30,Propia,Posgrado
2.01407E+16,358,Rechazada,PS1,Rechazado,MALO,0,,,,,0,RECIBOS DE NOMINA,#N/A,NO_CLIENTE,0,Alto,0%,3,100,0,0,0,0,0,0,0,37,Renta,Posgrado
2.01407E+16,9196,Rechazada,PS1,Rechazado,MALO,0,,,,,0,RECIBOS DE NOMINA,#N/A,NO_CLIENTE,0,Alto,0%,2,100,0,0,0,0,0,0,0,29,Propia,Secundaria
2.01407E+16,8188,Rechazada,PS1,Rechazado,MALO,0,,,,,0,PROPIEDAD ACTIVO FIJO,#N/A,NO_CLIENTE,0,Alto,0%,1,100,0,0,0,0,0,0,0,34,Familiares,Preparatoria
2.01407E+16,4173,Rechazada,PS1,Rechazado,MALO,0,,,,,0,PROPIEDAD ACTIVO FIJO,#N/A,NO_CLIENTE,0,Alto,0%,4,100,0,1,6646,750,0,0,0,56,Renta,Posgrado
2.01407E+16,4643,Rechazada,PS1,Rechazado,MALO,0,,,,,0,RECIBOS DE NOMINA,#N/A,NO_CLIENTE,0,Alto,0%,3,100,0,0,0,0,0,0,0,32,Propia,Licenciatura
2.01407E+16,4626,Rechazada,PS1,Rechazado,MALO,0,,,,,0,RECIBOS DE NOMINA,#N/A,NO_CLIENTE,0,Alto,0%,2,100,0,0,0,0,0,0,0,56,Propia,Licenciatura
2.01407E+16,253,Rechazada,PS1,Rechazado,MALO,0,,,,,0,PAGOS PROV SEMESTRALES PF,#N/A,NO_CLIENTE,0,Alto,0%,3,100,0,0,0,0,0,0,0,29,Renta,Preparatoria
2.01407E+16,4182,Rechazada,PS1,Rechazado,MALO,0,,,,,0,RECIBOS DE NOMINA,#N/A,NO_CLIENTE,0,Alto,0%,4,100,0,0,0,0,0,0,0,25,Familiares,Posgrado
2.01407E+16,798,Rechazada,PS1,Rechazado,MALO,0,,,,,0,RECIBOS DE NOMINA,#N/A,NO_CLIENTE,0,Alto,0%,3,100,0,0,0,0,0,0,0,26,Propia,Posgrado
2.01407E+16,965,Rechazada,PS1,Rechazado,MALO,0,,,,,0,RECIBOS DE NOMINA,#N/A,NO_CLIENTE,0,Alto,0%,3,100,0,0,0,0,0,0,0,49,Propia,Licenciatura
2.01407E+16,262,Rechazada,PS1,Rechazado,MALO,0,,,,,0,PROPIEDAD ACTIVO FIJO,#N/A,NO_CLIENTE,0,Alto,0%,2,100,0,0,0,0,0,11184,0,34,Hipoteca,Preparatoria
2.01407E+16,7418,Rechazada,PS1,Rechazado,MALO,0,,,,,0,PROPIEDAD ACTIVO FIJO,#N/A,NO_CLIENTE,0,Alto,0%,3,100,0,0,10121,0,0,45110,0,48,Familiares,Preparatoria
2.01407E+16,690,Rechazada,PS1,Rechazado,MALO,0,,,,,0,PROPIEDAD ACTIVO FIJO,#N/A,NO_CLIENTE,0,Alto,0%,2,100,0,0,0,0,0,0,0,31,Propia,Posgrado
2.01407E+16,319,Rechazada,PS1,Rechazado,MALO,0,,,,,0,RECIBOS DE NOMINA,#N/A,NO_CLIENTE,0,Alto,0%,1,100,0,0,0,0,0,0,0,47,Renta,Licenciatura
2.01407E+16,6493,Rechazada,PS1,Rechazado,MALO,0,,,,,0,SIN COMPROBANTE,#N/A,NO_CLIENTE,0,Alto,0%,2,100,0,0,0,0,0,0,0,53,Hipoteca,Preparatoria
2.01407E+16,867,Rechazada,PS1,Rechazado,MALO,0,,,,,0,PROPIEDAD ACTIVO FIJO,#N/A,NO_CLIENTE,0,Alto,0%,3,100,0,1,14368,820,0,0,0,49,Renta,Preparatoria
2.01407E+16,4650,Rechazada,PS1,Rechazado,MALO,0,,,,,0,RECIBOS DE NOMINA,#N/A,NO_CLIENTE,0,Alto,0%,2,100,0,0,0,0,0,6259,0,50,Hipoteca,Posgrado
2.01407E+16,4032,Rechazada,PS1,Rechazado,MALO,0,,,,,0,RECIBOS DE NOMINA,#N/A,NO_CLIENTE,0,Alto,0%,1,100,0,0,0,0,0,0,0,32,Hipoteca,Licenciatura
2.01407E+16,7466,Rechazada,PS1,Rechazado,MALO,0,,,,,0,RECIBOS DE NOMINA,#N/A,NO_CLIENTE,0,Alto,0%,4,100,0,0,0,0,0,0,0,26,Hipoteca,Licenciatura
2.01407E+16,752,Rechazada,PS1,Rechazado,MALO,0,,,,,0,RECIBOS DE NOMINA,#N/A,NO_CLIENTE,0,Alto,0%,3,100,0,0,0,0,0,0,0,60,Propia,Posgrado
2.01407E+16,6579,Rechazada,PS1,Rechazado,MALO,0,,,,,0,RECIBOS DE NOMINA,#N/A,NO_CLIENTE,0,Alto,0%,2,100,0,0,0,0,0,0,0,53,Familiares,Licenciatura
2.01407E+16,253,Rechazada,PS1,Rechazado,MALO,0,,,,,0,PAGOS PROV SEMESTRALES PF,#N/A,NO_CLIENTE,0,Alto,0%,3,100,0,0,0,0,0,0,0,34,Renta,Posgrado
2.01407E+16,319,Rechazada,PS1,Rechazado,MALO,0,,,,,0,RECIBOS DE NOMINA,#N/A,NO_CLIENTE,0,Alto,0%,4,100,0,0,0,0,0,0,0,25,Renta,Licenciatura
2.01407E+16,4691,Rechazada,PS1,Rechazado,MALO,0,,,,,0,PAGOS PROV SEMESTRALES PF,#N/A,NO_CLIENTE,0,Alto,0%,3,100,0,0,0,0,0,0,0,29,Hipoteca,Posgrado
2.01407E+16,9261,Cancelada,PS1,Rechazado,MALO,0,,,,,0,SIN COMPROBANTE,#N/A,NO_CLIENTE,0,Alto,0%,3,100,0,0,0,0,0,0,0,51,Hipoteca,Posgrado
2.01407E+16,7569,Cancelada,PS1,Rechazado,MALO,0,,,,,0,RECIBOS DE NOMINA,#N/A,NO_CLIENTE,0,Alto,0%,2,100,0,0,0,0,0,0,0,44,Propia,Preparatoria
2.01407E+16,389,Cancelada,PS1,Rechazado,MALO,0,,,,,0,PROPIEDAD ACTIVO FIJO,#N/A,NO_CLIENTE,29999,Alto,0%,3,100,0,2,29441,3390,0,0,0,48,Hipoteca,Licenciatura
2.01407E+16,14108,Rechazada,PS1,Rechazado,MALO,0,,,,,0,RECIBOS DE NOMINA,#N/A,NO_CLIENTE,0,Alto,0%,2,100,0,0,0,0,0,0,0,26,Familiares,Posgrado
2.01407E+16,5145,Rechazada,PS1,Rechazado,MALO,0,,,,,0,PROPIEDAD ACTIVO FIJO,#N/A,NO_CLIENTE,0,Alto,0%,1,100,0,0,0,0,0,0,0,49,Hipoteca,Preparatoria
2.01407E+16,9149,Cancelada,PS1,Rechazado,MALO,0,,,,,0,PROPIEDAD ACTIVO FIJO,#N/A,NO_CLIENTE,0,Alto,0%,2,100,0,0,0,0,0,0,0,37,Propia,Posgrado
2.01407E+16,4454,Rechazada,PS1,Rechazado,MALO,0,,,,,0,PROPIEDAD ACTIVO FIJO,#N/A,NO_CLIENTE,0,Alto,0%,3,100,0,1,9981,620,0,0,0,49,Familiares,Licenciatura
2.01407E+16,626,Rechazada,PS1,Rechazado,MALO,0,,,,,0,PROPIEDAD ACTIVO FIJO,#N/A,NO_CLIENTE,0,Alto,0%,2,100,0,0,0,0,0,0,0,43,Propia,Preparatoria
2.01407E+16,918,Rechazada,PS1,Rechazado,MALO,0,,,,,0,RECIBOS DE NOMINA,#N/A,NO_CLIENTE,0,Alto,0%,1,100,0,0,0,0,0,0,0,43,Familiares,Preparatoria
2.01407E+16,537,Rechazada,PS1,Rechazado,MALO,0,,,,,0,RECIBOS DE NOMINA,#N/A,NO_CLIENTE,0,Alto,0%,4,100,0,0,0,0,0,0,0,37,Familiares,Posgrado
2.01407E+16,4465,Rechazada,PS1,Rechazado,MALO,0,,,,,0,PROPIEDAD ACTIVO FIJO,#N/A,NO_CLIENTE,0,Alto,0%,3,100,0,1,25276,1150,0,0,0,54,Hipoteca,Posgrado
2.01407E+16,7989,Rechazada,PS1,Rechazado,MALO,0,,,,,0,RECIBOS DE NOMINA,#N/A,NO_CLIENTE,0,Alto,0%,2,100,0,0,0,0,0,0,0,26,Renta,Posgrado
2.01407E+16,780,Rechazada,PS1,Rechazado,MALO,0,,,,,0,PROPIEDAD ACTIVO FIJO,#N/A,NO_CLIENTE,0,Alto,0%,3,100,0,0,0,0,0,0,0,37,Hipoteca,Posgrado
2.01407E+16,50007,Rechazada,PS1,Rechazado,MALO,0,,,,,0,SIN COMPROBANTE,#N/A,NO_CLIENTE,0,Alto,0%,4,100,0,0,0,0,0,0,0,30,Familiares,Posgrado
2.01407E+16,121,Rechazada,PS1,Rechazado,MALO,0,,,,,0,CTA NOMINA DIGITAL,#N/A,NO_CLIENTE,0,Alto,0%,3,100,0,0,0,0,0,0,0,55,Familiares,Licenciatura
2.01407E+16,572,Rechazada,PS1,Rechazado,MALO,0,,,,,0,PROPIEDAD ACTIVO FIJO,#N/A,NO_CLIENTE,0,Alto,0%,3,100,0,0,0,0,0,0,0,59,Renta,Posgrado
2.01407E+16,269,Rechazada,PS1,Rechazado,MALO,0,,,,,0,RECIBOS DE NOMINA,#N/A,NO_CLIENTE,0,Alto,0%,2,100,0,0,0,0,0,0,0,33,Hipoteca,Licenciatura
2.01407E+16,107,Rechazada,PS1,Rechazado,MALO,0,,,,,0,RECIBOS DE NOMINA,#N/A,NO_CLIENTE,0,Alto,0%,3,100,0,0,0,0,0,0,0,51,Propia,Posgrado
2.01407E+16,633,Rechazada,PS1,Rechazado,MALO,0,,,,,0,RECIBOS DE NOMINA,#N/A,NO_CLIENTE,0,Alto,0%,2,100,0,0,0,0,0,0,0,57,Renta,Preparatoria
2.01407E+16,7162,Rechazada,PS1,Rechazado,MALO,0,,,,,0,PROPIEDAD ACTIVO FIJO,#N/A,NO_CLIENTE,0,Alto,0%,1,100,0,1,256,256,0,0,0,30,Hipoteca,Posgrado
2.01407E+16,4436,Rechazada,PS1,Rechazado,MALO,0,,,,,0,RECIBOS DE NOMINA,#N/A,NO_CLIENTE,0,Alto,0%,2,100,0,0,0,0,0,0,0,47,Propia,Posgrado
2.01407E+16,572,Rechazada,PS1,Rechazado,MALO,0,,,,,0,PROPIEDAD ACTIVO FIJO,#N/A,NO_CLIENTE,0,Alto,0%,3,100,0,1,8125,510,0,0,0,40,Renta,Preparatoria
2.01407E+16,462,Rechazada,PS1,Rechazado,MALO,0,,,,,0,RECIBOS DE NOMINA,#N/A,NO_CLIENTE,0,Alto,0%,2,100,0,0,0,0,0,0,0,27,Renta,Preparatoria
2.01407E+16,658,Rechazada,PS1,Rechazado,MALO,0,,,,,0,PROPIEDAD ACTIVO FIJO,#N/A,NO_CLIENTE,0,Alto,0%,1,100,0,0,0,0,0,0,0,58,Hipoteca,Posgrado
2.01407E+16,4096,Rechazada,PS1,Rechazado,MALO,0,,,,,0,RECIBOS DE NOMINA,#N/A,NO_CLIENTE,0,Alto,0%,4,100,0,0,0,0,0,0,0,26,Renta,Preparatoria
2.01407E+16,673,Rechazada,PS1,Rechazado,MALO,0,,,,,0,PROPIEDAD ACTIVO FIJO,#N/A,NO_CLIENTE,0,Alto,0%,3,100,0,0,0,0,0,0,0,37,Renta,Licenciatura
2.01407E+16,5145,Rechazada,PS1,Rechazado,MALO,0,,,,,0,RECIBOS DE NOMINA,#N/A,NO_CLIENTE,0,Alto,0%,2,100,0,0,0,0,0,0,0,48,Hipoteca,Licenciatura
2.01407E+16,269,Rechazada,PS1,Rechazado,MALO,0,,,,,0,RECIBOS DE NOMINA,#N/A,NO_CLIENTE,0,Alto,0%,3,100,0,0,0,0,0,0,0,50,Renta,Posgrado
2.01407E+16,546,Rechazada,PS1,Rechazado,MALO,0,,,,,0,RECIBOS DE NOMINA,#N/A,NO_CLIENTE,0,Alto,0%,4,100,0,0,0,0,0,0,0,29,Familiares,Licenciatura
2.01407E+16,269,Rechazada,PS1,Rechazado,MALO,0,,,,,0,RECIBOS DE NOMINA,#N/A,NO_CLIENTE,0,Alto,0%,3,100,0,0,0,0,0,0,0,43,Hipoteca,Licenciatura
2.01407E+16,4152,Rechazada,PS1,Rechazado,MALO,0,,,,,0,RECIBOS DE NOMINA,#N/A,NO_CLIENTE,0,Alto,0%,3,100,0,0,0,0,0,0,0,51,Familiares,Posgrado
2.01407E+16,4266,Rechazada,PS1,Rechazado,MALO,0,,,,,0,RECIBOS DE NOMINA,#N/A,NO_CLIENTE,0,Alto,0%,2,100,0,3,17736,2740,0,0,0,56,Renta,Preparatoria
2.01407E+16,4184,Rechazada,PS1,Rechazado,MALO,0,,,,,0,RECIBOS DE NOMINA,#N/A,NO_CLIENTE,0,Alto,0%,3,100,0,1,19439,1690,0,63401,0,52,Propia,Posgrado
2.01407E+16,4182,Rechazada,PS1,Rechazado,MALO,0,,,,,0,PROPIEDAD ACTIVO FIJO,#N/A,NO_CLIENTE,0,Alto,0%,2,100,0,0,3227,0,0,0,0,39,Familiares,Posgrado
2.01407E+16,103,Rechazada,PS1,Rechazado,MALO,0,,,,,0,RECIBOS DE NOMINA,#N/A,NO_CLIENTE,0,Alto,0%,1,100,0,0,0,0,0,0,0,40,Propia,Posgrado
2.01407E+16,5120,Rechazada,PS1,Rechazado,MALO,0,,,,,0,PROPIEDAD ACTIVO FIJO,#N/A,NO_CLIENTE,0,Alto,0%,2,100,0,0,0,0,0,0,0,59,Renta,Posgrado
2.01407E+16,561,Rechazada,PS1,Rechazado,MALO,0,,,,,0,RECIBOS DE NOMINA,#N/A,NO_CLIENTE,0,Alto,0%,3,100,0,0,0,0,0,0,0,51,Familiares,Preparatoria
2.01407E+16,269,Rechazada,PS1,Rechazado,MALO,0,,,,,0,RECIBOS DE NOMINA,#N/A,NO_CLIENTE,0,Alto,0%,2,100,0,0,0,0,0,0,0,44,Hipoteca,Posgrado
2.01407E+16,435,Rechazada,PS1,Rechazado,MALO,0,,,,,0,PROPIEDAD ACTIVO FIJO,#N/A,NO_CLIENTE,0,Alto,0%,1,100,0,1,1149,250,0,0,0,26,Renta,Preparatoria
2.01407E+16,966,Rechazada,PS1,Rechazado,MALO,0,,,,,0,RECIBOS DE NOMINA,#N/A,NO_CLIENTE,0,Alto,0%,4,100,0,0,0,0,0,0,0,49,Hipoteca,Licenciatura
2.01407E+16,4896,Rechazada,PS1,Rechazado,MALO,0,,,,,0,RECIBOS DE NOMINA,#N/A,NO_CLIENTE,0,Alto,0%,3,100,0,0,0,0,0,0,0,38,Familiares,Posgrado
2.01407E+16,4593,Rechazada,PS1,Rechazado,MALO,0,,,,,0,PROPIEDAD ACTIVO FIJO,#N/A,NO_CLIENTE,0,Alto,0%,2,100,0,0,0,0,0,0,0,53,Familiares,Licenciatura
2.01407E+16,951,Rechazada,PS1,Rechazado,MALO,0,,,,,0,PROPIEDAD ACTIVO FIJO,#N/A,NO_CLIENTE,0,Alto,0%,3,100,0,0,44884,0,0,0,0,50,Propia,Posgrado
2.01407E+16,9031,Rechazada,PS1,Rechazado,MALO,0,,,,,0,PROPIEDAD ACTIVO FIJO,#N/A,NO_CLIENTE,0,Alto,0%,4,100,0,2,955,572,0,0,0,45,Hipoteca,Preparatoria
2.01407E+16,6428,Rechazada,PS1,Rechazado,MALO,0,,,,,0,RECIBOS DE NOMINA,#N/A,NO_CLIENTE,0,Alto,0%,3,100,0,0,0,0,0,0,0,28,Hipoteca,Licenciatura
2.01407E+16,4430,Rechazada,PS1,Rechazado,MALO,0,,,,,0,RECIBOS DE NOMINA,#N/A,NO_CLIENTE,0,Alto,0%,3,100,0,0,35482,0,0,4592,0,32,Hipoteca,Licenciatura
2.01407E+16,4357,Rechazada,PS1,Rechazado,MALO,0,,,,,0,RECIBOS DE NOMINA,#N/A,NO_CLIENTE,0,Alto,0%,2,100,0,0,0,0,0,0,0,49,Hipoteca,Preparatoria
2.01407E+16,390,Rechazada,PS1,Rechazado,MALO,0,,,,,0,RECIBOS DE NOMINA,#N/A,NO_CLIENTE,0,Alto,0%,3,100,0,1,7268,460,0,309,0,36,Familiares,Preparatoria
2.01407E+16,551,Rechazada,PS1,Rechazado,MALO,0,,,,,0,RECIBOS DE NOMINA,#N/A,NO_CLIENTE,0,Alto,0%,2,100,0,0,0,0,0,38000,0,26,Renta,Licenciatura
2.01407E+16,5187,Rechazada,PS1,Rechazado,MALO,0,,,,,0,PROPIEDAD ACTIVO FIJO,#N/A,NO_CLIENTE,0,Alto,0%,1,100,0,0,0,0,0,0,0,55,Hipoteca,Preparatoria
2.01407E+16,358,Rechazada,PS1,Rechazado,MALO,0,,,,,0,RECIBOS DE NOMINA,#N/A,NO_CLIENTE,0,Alto,0%,2,100,0,0,0,0,0,32814,0,35,Renta,Licenciatura
2.01407E+16,5187,Rechazada,PS1,Rechazado,MALO,0,,,,,0,PROPIEDAD ACTIVO FIJO,#N/A,NO_CLIENTE,0,Alto,0%,3,100,0,0,0,0,0,0,0,36,Familiares,Licenciatura
2.01407E+16,561,Rechazada,PS1,Rechazado,MALO,0,,,,,0,INVERSIONES,#N/A,NO_CLIENTE,0,Alto,0%,2,100,0,0,0,0,0,0,0,44,Familiares,Preparatoria
2.01407E+16,272,Rechazada,PS1,Rechazado,MALO,0,,,,,0,PROPIEDAD ACTIVO FIJO,#N/A,NO_CLIENTE,0,Alto,0%,1,100,0,1,1586,250,0,0,0,47,Familiares,Licenciatura
2.01407E+16,9196,Rechazada,PS1,Rechazado,MALO,0,,,,,0,PROPIEDAD ACTIVO FIJO,#N/A,NO_CLIENTE,0,Alto,0%,4,100,0,0,0,0,0,0,0,46,Hipoteca,Secundaria
2.01407E+16,289,Rechazada,PS1,Rechazado,MALO,0,,,,,0,PROPIEDAD ACTIVO FIJO,#N/A,NO_CLIENTE,0,Alto,0%,3,100,0,1,944,411,0,0,0,54,Hipoteca,Posgrado
2.01408E+16,4643,Rechazada,PS1,Rechazado,MALO,0,,,,,0,PROPIEDAD ACTIVO FIJO,#N/A,NO_CLIENTE,0,Alto,0%,2,100,0,1,16477,940,0,9356,0,29,Propia,Preparatoria
2.01408E+16,4415,Rechazada,PS1,Rechazado,MALO,0,,,,,0,PROPIEDAD ACTIVO FIJO,#N/A,NO_CLIENTE,0,Alto,0%,3,100,0,0,0,0,0,0,0,49,Familiares,Licenciatura
2.01408E+16,370,Rechazada,PS1,Rechazado,MALO,0,,,,,0,RECIBOS DE NOMINA,#N/A,NO_CLIENTE,0,Alto,0%,4,100,0,0,0,0,0,0,0,32,Propia,Posgrado
2.01408E+16,354,Rechazada,PS1,Rechazado,MALO,0,,,,,0,RECIBOS DE NOMINA,#N/A,NO_CLIENTE,0,Alto,0%,3,100,0,1,1000,250,0,56476,0,57,Familiares,Posgrado
2.01408E+16,7716,Rechazada,PS1,Rechazado,MALO,0,,,,,0,RECIBOS DE NOMINA,#N/A,NO_CLIENTE,0,Alto,0%,3,100,0,0,0,0,0,0,0,50,Hipoteca,Licenciatura
2.01408E+16,479,Rechazada,PS1,Rechazado,MALO,0,,,,,0,RECIBOS DE NOMINA,#N/A,NO_CLIENTE,0,Alto,0%,2,100,0,0,0,0,0,0,0,58,Propia,Posgrado
2.01408E+16,178,Rechazada,PS1,Rechazado,MALO,0,,,,,0,RECIBOS DE NOMINA,#N/A,NO_CLIENTE,0,Alto,0%,3,100,0,0,0,0,0,0,0,38,Propia,Licenciatura
2.01408E+16,17,Rechazada,PS1,Rechazado,MALO,0,,,,,0,RECIBOS DE NOMINA,#N/A,NO_CLIENTE,0,Alto,0%,2,100,0,0,0,0,0,0,0,38,Propia,Posgrado
2.01408E+16,553,Rechazada,PS1,Rechazado,MALO,0,,,,,0,PROPIEDAD ACTIVO FIJO,#N/A,NO_CLIENTE,0,Alto,0%,1,100,0,1,3352,370,0,0,0,52,Hipoteca,Licenciatura
2.01408E+16,649,Rechazada,PS1,Rechazado,MALO,0,,,,,0,PROPIEDAD ACTIVO FIJO,#N/A,NO_CLIENTE,0,Alto,0%,2,100,0,1,5093,300,0,0,0,52,Familiares,Licenciatura
2.01408E+16,7524,Rechazada,PS1,Rechazado,MALO,0,,,,,0,RECIBOS DE NOMINA,#N/A,NO_CLIENTE,0,Alto,0%,3,100,0,0,0,0,0,0,0,50,Familiares,Licenciatura
2.01408E+16,4289,Rechazada,PS1,Rechazado,MALO,0,,,,,0,PROPIEDAD ACTIVO FIJO,#N/A,NO_CLIENTE,0,Alto,0%,2,100,0,0,0,0,0,22135,0,41,Hipoteca,Preparatoria
2.01408E+16,690,Rechazada,PS1,Rechazado,MALO,0,,,,,0,PROPIEDAD ACTIVO FIJO,#N/A,NO_CLIENTE,0,Alto,0%,1,100,0,0,0,0,0,125060,0,52,Propia,Posgrado
2.01408E+16,198,Rechazada,PS1,Rechazado,MALO,0,,,,,0,RECIBOS DE NOMINA,#N/A,NO_CLIENTE,0,Alto,0%,4,100,0,0,0,0,0,0,0,50,Hipoteca,Licenciatura
2.01408E+16,292,Rechazada,PS1,Rechazado,MALO,0,,,,,0,RECIBOS DE NOMINA,#N/A,NO_CLIENTE,0,Alto,0%,3,100,0,0,0,0,0,0,0,55,Propia,Posgrado
2.01408E+16,580,Rechazada,PS1,Rechazado,MALO,0,,,,,0,PROPIEDAD ACTIVO FIJO,#N/A,NO_CLIENTE,30000,Alto,0%,2,100,0,0,4714,0,0,0,0,29,Familiares,Licenciatura
2.01408E+16,269,Rechazada,PS1,Rechazado,MALO,0,,,,,0,RECIBOS DE NOMINA,#N/A,NO_CLIENTE,0,Alto,0%,3,100,0,0,0,0,0,3278,0,53,Hipoteca,Licenciatura
2.01408E+16,458,Rechazada,PS1,Rechazado,MALO,0,,,,,0,RECIBOS DE NOMINA,#N/A,NO_CLIENTE,0,Alto,0%,4,100,0,0,0,0,0,0,0,48,Propia,Posgrado
2.01408E+16,12,Rechazada,PS1,Rechazado,MALO,0,,,,,0,PROPIEDAD ACTIVO FIJO,#N/A,NO_CLIENTE,45000,Alto,0%,3,100,0,0,1412,0,0,0,0,28,Renta,Posgrado
2.01408E+16,151,Rechazada,PS1,Rechazado,MALO,0,,,,,0,RECIBOS DE NOMINA,#N/A,NO_CLIENTE,0,Alto,0%,3,100,0,0,0,0,0,29075,0,58,Hipoteca,Licenciatura
2.01408E+16,515,Rechazada,PS1,Rechazado,MALO,0,,,,,0,PROPIEDAD ACTIVO FIJO,#N/A,NO_CLIENTE,27500,Alto,0%,2,100,0,0,0,0,0,0,0,41,Renta,Preparatoria
2.01408E+16,6428,Rechazada,PS1,Rechazado,MALO,0,,,,,0,PROPIEDAD ACTIVO FIJO,#N/A,NO_CLIENTE,18100,Alto,0%,3,100,0,0,17677,0,0,29884,0,40,Renta,Preparatoria
2.01408E+16,4320,Rechazada,PS1,Rechazado,MALO,0,,,,,0,PROPIEDAD ACTIVO FIJO,#N/A,NO_CLIENTE,0,Alto,0%,2,100,0,0,0,0,0,0,0,29,Hipoteca,Posgrado
2.01408E+16,4414,Rechazada,PS1,Rechazado,MALO,0,,,,,0,RECIBOS DE NOMINA,#N/A,NO_CLIENTE,0,Alto,0%,1,100,0,0,0,0,0,5375,0,47,Propia,Licenciatura
2.01408E+16,815,Rechazada,PS1,Rechazado,MALO,0,,,,,0,RECIBOS DE NOMINA,#N/A,NO_CLIENTE,0,Alto,0%,2,100,0,0,0,0,0,15044,0,45,Propia,Preparatoria
2.01408E+16,4644,Rechazada,PS1,Rechazado,MALO,0,,,,,0,RECIBOS DE NOMINA,#N/A,NO_CLIENTE,0,Alto,0%,3,100,0,0,0,0,0,0,0,58,Hipoteca,Preparatoria
2.01408E+16,7569,Rechazada,PS1,Rechazado,MALO,0,,,,,0,RECIBOS DE NOMINA,#N/A,NO_CLIENTE,0,Alto,0%,2,100,0,0,0,0,0,0,0,35,Propia,Preparatoria
2.01408E+16,284,Rechazada,PS1,Rechazado,MALO,0,,,,,0,RECIBOS DE NOMINA,#N/A,NO_CLIENTE,0,Alto,0%,1,100,0,0,0,0,0,0,0,44,Propia,Preparatoria
2.01408E+16,310,Rechazada,PS1,Rechazado,MALO,0,,,,,0,RECIBOS DE NOMINA,#N/A,NO_CLIENTE,0,Alto,0%,4,100,0,0,0,0,0,0,0,46,Renta,Preparatoria
2.01408E+16,174,Rechazada,PS1,Rechazado,MALO,0,,,,,0,RECIBOS DE NOMINA,#N/A,NO_CLIENTE,0,Alto,0%,3,100,0,0,0,0,0,0,0,46,Renta,Preparatoria
2.01408E+16,7440,Rechazada,PS1,Rechazado,MALO,0,,,,,0,RECIBOS DE NOMINA,#N/A,NO_CLIENTE,0,Alto,0%,2,100,0,0,0,0,0,0,0,30,Renta,Licenciatura
2.01408E+16,569,Rechazada,PS1,Rechazado,MALO,0,,,,,0,RECIBOS DE NOMINA,#N/A,NO_CLIENTE,0,Alto,0%,3,100,0,0,0,0,0,0,0,38,Propia,Posgrado
2.01408E+16,8118,Rechazada,PS1,Rechazado,MALO,0,,,,,0,RECIBOS DE NOMINA,#N/A,NO_CLIENTE,0,Alto,0%,4,100,0,0,0,0,0,0,0,36,Propia,Posgrado
2.01408E+16,8162,Rechazada,PS1,Rechazado,MALO,0,,,,,0,RECIBOS DE NOMINA,#N/A,NO_CLIENTE,0,Alto,0%,3,100,0,0,0,0,0,0,0,52,Propia,Posgrado
2.01408E+16,7804,Rechazada,PS1,Rechazado,MALO,0,,,,,0,PROPIEDAD ACTIVO FIJO,#N/A,NO_CLIENTE,47000,Alto,0%,3,100,0,0,0,0,0,0,0,52,Hipoteca,Licenciatura
2.01408E+16,8121,Rechazada,PS1,Rechazado,MALO,0,,,,,0,PROPIEDAD ACTIVO FIJO,#N/A,NO_CLIENTE,0,Alto,0%,2,100,0,0,0,0,0,0,0,38,Hipoteca,Preparatoria
2.01408E+16,20131,Rechazada,PS1,Rechazado,MALO,0,,,,,0,RECIBOS DE NOMINA,#N/A,NO_CLIENTE,0,Alto,0%,3,100,0,0,0,0,0,0,0,36,Propia,Licenciatura
2.01408E+16,70001,Rechazada,PS1,Rechazado,MALO,0,,,,,0,SIN COMPROBANTE,#N/A,NO_CLIENTE,0,Alto,0%,2,100,0,0,0,0,0,0,0,56,Renta,Preparatoria
2.01408E+16,9171,Rechazada,PS1,Rechazado,MALO,0,,,,,0,RECIBOS DE NOMINA,#N/A,NO_CLIENTE,0,Alto,0%,1,100,0,0,0,0,0,0,0,34,Hipoteca,Licenciatura
2.01408E+16,9233,Rechazada,PS1,Rechazado,MALO,0,,,,,0,RECIBOS DE NOMINA,#N/A,NO_CLIENTE,38100,Alto,0%,2,100,0,0,26913,0,0,79970,0,57,Renta,Preparatoria
2.01408E+16,7618,Rechazada,PS1,Rechazado,MALO,0,,,,,0,RECIBOS DE NOMINA,#N/A,NO_CLIENTE,0,Alto,0%,3,100,0,0,0,0,0,0,0,27,Familiares,Posgrado
2.01408E+16,8155,Rechazada,PS1,Rechazado,MALO,0,,,,,0,RECIBOS DE NOMINA,#N/A,NO_CLIENTE,49999,Alto,0%,2,100,0,1,1164,630,0,0,0,55,Renta,Licenciatura
2.01408E+16,8160,En_proceso,PS1,Rechazado,MALO,0,,,,,0,PROPIEDAD ACTIVO FIJO,#N/A,NO_CLIENTE,0,Alto,0%,1,100,0,0,0,0,0,0,0,60,Propia,Licenciatura
2.01408E+16,10029,Rechazada,PS1,Rechazado,MALO,0,,,,,0,RECIBOS DE NOMINA,#N/A,NO_CLIENTE,9800,Alto,0%,4,100,0,1,11572,740,0,0,0,55,Renta,Preparatoria
2.01408E+16,8162,Rechazada,PS1,Rechazado,MALO,0,,,,,0,RECIBOS DE NOMINA,#N/A,NO_CLIENTE,0,Alto,0%,3,100,0,0,0,0,0,0,0,31,Renta,Preparatoria
2.01408E+16,7591,Rechazada,PS1,Rechazado,MALO,0,,,,,0,RECIBOS DE NOMINA,#N/A,NO_CLIENTE,0,Alto,0%,2,100,0,0,0,0,0,0,0,27,Familiares,Preparatoria
2.01408E+16,8121,Rechazada,PS1,Rechazado,MALO,0,,,,,0,PROPIEDAD ACTIVO FIJO,#N/A,NO_CLIENTE,0,Alto,0%,1,100,0,0,0,0,0,0,0,49,Familiares,Preparatoria
2.01408E+16,7794,Rechazada,PS1,Rechazado,MALO,0,,,,,0,RECIBOS DE NOMINA,#N/A,NO_CLIENTE,0,Alto,0%,0,100,0,0,0,0,0,0,0,45,Hipoteca,Posgrado
2.01408E+16,7589,Rechazada,PS1,Rechazado,MALO,0,,,,,0,PROPIEDAD ACTIVO FIJO,#N/A,NO_CLIENTE,0,Alto,0%,1,100,0,0,0,0,0,0,0,40,Renta,Secundaria
2.01408E+16,9171,Rechazada,PS1,Rechazado,MALO,0,,,,,0,PROPIEDAD ACTIVO FIJO,#N/A,NO_CLIENTE,0,Alto,0%,0,100,0,0,0,0,0,0,0,40,Propia,Secundaria
2.01408E+16,8122,Rechazada,PS1,Rechazado,MALO,0,,,,,0,PROPIEDAD ACTIVO FIJO,#N/A,NO_CLIENTE,0,Alto,0%,0,100,0,0,0,0,0,0,0,59,Hipoteca,Licenciatura
2.01408E+16,10025,Rechazada,PS1,Rechazado,MALO,0,,,,,0,RECIBOS DE NOMINA,#N/A,NO_CLIENTE,14300,Alto,0%,1,100,0,0,12494,0,0,0,0,59,Renta,Licenciatura
2.01408E+16,7769,Rechazada,PS1,Rechazado,MALO,0,,,,,0,RECIBOS DE NOMINA,#N/A,NO_CLIENTE,0,Alto,0%,0,100,0,0,0,0,0,0,0,28,Hipoteca,Preparatoria
2.01408E+16,7797,Rechazada,PS1,Rechazado,MALO,0,,,,,0,RECIBOS DE NOMINA,#N/A,NO_CLIENTE,0,Alto,0%,0,100,0,0,0,0,0,0,0,30,Familiares,Preparatoria
2.01408E+16,7759,Rechazada,PS1,Rechazado,MALO,0,,,,,0,PROPIEDAD ACTIVO FIJO,#N/A,NO_CLIENTE,15000,Alto,0%,0,100,0,1,6771,530,0,0,0,34,Hipoteca,Posgrado
2.01408E+16,5753,Rechazada,PS1,Rechazado,MALO,0,,,,,0,PROPIEDAD ACTIVO FIJO,#N/A,NO_CLIENTE,135500,Alto,0%,2,100,0,0,7341,0,0,102189,0,40,Familiares,Licenciatura
2.01408E+16,8131,Rechazada,PS1,Rechazado,MALO,0,,,,,0,PROPIEDAD ACTIVO FIJO,#N/A,NO_CLIENTE,0,Alto,0%,0,100,0,0,0,0,0,0,0,55,Propia,Preparatoria
2.01408E+16,7772,Rechazada,PS1,Rechazado,MALO,0,,,,,0,PROPIEDAD ACTIVO FIJO,#N/A,NO_CLIENTE,0,Alto,0%,0,100,0,0,0,0,0,0,0,37,Renta,Licenciatura
2.01408E+16,343,Rechazada,PS1,Rechazado,MALO,0,,,,,0,PROPIEDAD ACTIVO FIJO,#N/A,NO_CLIENTE,55700,Alto,0%,1,100,0,0,29735,0,0,0,0,34,Renta,Posgrado
2.01408E+16,539,Rechazada,PS1,Rechazado,MALO,0,,,,,0,RECIBOS DE NOMINA,#N/A,NO_CLIENTE,35900,Alto,0%,0,100,0,0,34675,0,0,80346,0,57,Hipoteca,Posgrado
2.01408E+16,4087,Rechazada,PS1,Rechazado,MALO,0,,,,,0,RECIBOS DE NOMINA,#N/A,NO_CLIENTE,0,Alto,0%,0,100,0,0,0,0,0,0,0,41,Familiares,Posgrado
2.01408E+16,7506,Rechazada,PS1,Rechazado,MALO,0,,,,,0,PROPIEDAD ACTIVO FIJO,#N/A,NO_CLIENTE,0,Alto,0%,0,100,0,0,0,0,0,0,0,34,Renta,Preparatoria
2.01408E+16,4183,Rechazada,PS1,Rechazado,MALO,0,,,,,0,PROPIEDAD ACTIVO FIJO,#N/A,NO_CLIENTE,0,Alto,0%,2,100,0,0,0,0,0,0,0,55,Propia,Posgrado
2.01408E+16,4266,Rechazada,PS1,Rechazado,MALO,0,,,,,0,RECIBOS DE NOMINA,#N/A,NO_CLIENTE,0,Alto,0%,0,100,0,0,0,0,0,0,0,40,Renta,Preparatoria
2.01408E+16,4342,Rechazada,PS1,Rechazado,MALO,0,,,,,0,PROPIEDAD ACTIVO FIJO,#N/A,NO_CLIENTE,0,Alto,0%,0,100,0,0,0,0,0,0,0,34,Renta,Licenciatura
2.01408E+16,347,Rechazada,PS1,Rechazado,MALO,0,,,,,0,PROPIEDAD ACTIVO FIJO,#N/A,NO_CLIENTE,89300,Alto,0%,1,100,0,5,102646,26250,0,0,0,36,Renta,Posgrado
2.01408E+16,4118,Rechazada,PS1,Rechazado,MALO,0,,,,,0,PROPIEDAD ACTIVO FIJO,#N/A,NO_CLIENTE,0,Alto,0%,0,100,0,0,0,0,0,0,0,48,Familiares,Posgrado
2.01408E+16,246,Rechazada,PS1,Rechazado,MALO,0,,,,,0,RECIBOS DE NOMINA,#N/A,NO_CLIENTE,0,Alto,0%,0,100,0,0,0,0,0,0,0,58,Hipoteca,Licenciatura
2.01408E+16,9437,Rechazada,PS1,Rechazado,MALO,0,,,,,0,RECIBOS DE NOMINA,#N/A,NO_CLIENTE,0,Alto,0%,1,100,0,0,0,0,0,0,0,36,Familiares,Preparatoria
2.01408E+16,4376,Rechazada,PS1,Rechazado,MALO,0,,,,,0,RECIBOS DE NOMINA,#N/A,NO_CLIENTE,0,Alto,0%,0,100,0,0,0,0,0,0,0,35,Propia,Preparatoria
2.01408E+16,693,Rechazada,PS1,Rechazado,MALO,0,,,,,0,PROPIEDAD ACTIVO FIJO,#N/A,NO_CLIENTE,0,Alto,0%,0,100,0,0,0,0,0,0,0,42,Renta,Posgrado
2.01408E+16,4766,Rechazada,PS1,Rechazado,MALO,0,,,,,0,RECIBOS DE NOMINA,#N/A,NO_CLIENTE,0,Alto,0%,1,100,0,0,0,0,0,0,0,45,Renta,Preparatoria
2.01408E+16,405,Rechazada,PS1,Rechazado,MALO,0,,,,,0,PROPIEDAD ACTIVO FIJO,#N/A,NO_CLIENTE,0,Alto,0%,0,100,0,0,0,0,0,0,0,42,Hipoteca,Posgrado
2.01408E+16,9433,Rechazada,PS1,Rechazado,MALO,0,,,,,0,RECIBOS DE NOMINA,#N/A,NO_CLIENTE,0,Alto,0%,0,100,0,0,0,0,0,0,0,43,Propia,Licenciatura
2.01408E+16,273,Rechazada,PS1,Rechazado,MALO,0,,,,,0,RECIBOS DE NOMINA,#N/A,NO_CLIENTE,0,Alto,0%,1,100,0,0,0,0,0,0,0,40,Familiares,Posgrado
2.01408E+16,258,Rechazada,PS1,Rechazado,MALO,0,,,,,0,RECIBOS DE NOMINA,#N/A,NO_CLIENTE,0,Alto,0%,0,100,0,0,0,0,0,0,0,37,Renta,Preparatoria
2.01408E+16,4496,Rechazada,PS1,Rechazado,MALO,0,,,,,0,RECIBOS DE NOMINA,#N/A,NO_CLIENTE,0,Alto,0%,0,100,0,0,0,0,0,0,0,48,Propia,Posgrado
2.01408E+16,4741,Rechazada,PS1,Rechazado,MALO,0,,,,,0,RECIBOS DE NOMINA,#N/A,NO_CLIENTE,0,Alto,0%,1,100,0,0,0,0,0,0,0,46,Propia,Posgrado
2.01408E+16,101,Rechazada,PS1,Rechazado,MALO,0,,,,,0,RECIBOS DE NOMINA,#N/A,NO_CLIENTE,0,Alto,0%,0,100,0,0,0,0,0,0,0,59,Propia,Preparatoria
2.01408E+16,9037,Rechazada,PS1,Rechazado,MALO,0,,,,,0,RECIBOS DE NOMINA,#N/A,NO_CLIENTE,0,Alto,0%,0,100,0,0,0,0,0,0,0,50,Propia,Preparatoria
2.01408E+16,7616,Rechazada,PS1,Rechazado,MALO,0,,,,,0,PROPIEDAD ACTIVO FIJO,#N/A,NO_CLIENTE,0,Alto,0%,3,100,0,0,0,0,0,0,0,59,Propia,Posgrado
2.01408E+16,8122,Rechazada,PS1,Rechazado,MALO,0,,,,,0,PROPIEDAD ACTIVO FIJO,#N/A,NO_CLIENTE,0,Alto,0%,0,100,0,0,0,0,0,0,0,42,Hipoteca,Licenciatura
2.01408E+16,7788,Rechazada,PS1,Rechazado,MALO,0,,,,,0,RECIBOS DE NOMINA,#N/A,NO_CLIENTE,0,Alto,0%,0,100,0,0,0,0,0,0,0,55,Hipoteca,Posgrado
2.01408E+16,7879,Rechazada,PS1,Rechazado,MALO,0,,,,,0,PROPIEDAD ACTIVO FIJO,#N/A,NO_CLIENTE,0,Alto,0%,0,100,0,0,0,0,0,0,0,42,Hipoteca,Preparatoria
2.01408E+16,8161,Rechazada,PS1,Rechazado,MALO,0,,,,,0,RECIBOS DE NOMINA,#N/A,NO_CLIENTE,15000,Alto,0%,1,100,0,1,10166,250,0,0,0,58,Propia,Licenciatura
2.01408E+16,7831,Rechazada,PS1,Rechazado,MALO,0,,,,,0,PROPIEDAD ACTIVO FIJO,#N/A,NO_CLIENTE,0,Alto,0%,0,100,0,0,0,0,0,0,0,32,Renta,Preparatoria
2.01408E+16,42,Rechazada,PS1,Rechazado,MALO,0,,,,,0,RECIBOS DE NOMINA,#N/A,NO_CLIENTE,0,Alto,0%,0,100,0,0,0,0,0,0,0,33,Renta,Preparatoria
2.01408E+16,7997,Rechazada,PS1,Rechazado,MALO,0,,,,,0,PROPIEDAD ACTIVO FIJO,#N/A,NO_CLIENTE,53600,Alto,0%,2,100,0,1,29045,1350,0,1903,0,28,Familiares,Preparatoria
2.01408E+16,371,Rechazada,PS1,Rechazado,MALO,0,,,,,0,RECIBOS DE NOMINA,#N/A,NO_CLIENTE,0,Alto,0%,0,100,0,0,0,0,0,0,0,43,Renta,Licenciatura
2.01408E+16,146,Rechazada,PS1,Rechazado,MALO,0,,,,,0,RECIBOS DE NOMINA,#N/A,NO_CLIENTE,0,Alto,0%,0,100,0,0,0,0,0,1513,0,54,Propia,Preparatoria
2.01408E+16,7557,Rechazada,PS1,Rechazado,MALO,0,,,,,0,RECIBOS DE NOMINA,#N/A,NO_CLIENTE,0,Alto,0%,1,100,0,0,0,0,0,0,0,43,Familiares,Licenciatura
2.01408E+16,4975,Rechazada,PS1,Rechazado,MALO,0,,,,,0,RECIBOS DE NOMINA,#N/A,NO_CLIENTE,0,Alto,0%,4,100,0,0,0,0,0,0,0,53,Renta,Licenciatura
2.01408E+16,38,Rechazada,PS1,Rechazado,MALO,0,,,,,0,RECIBOS DE NOMINA,#N/A,NO_CLIENTE,0,Alto,0%,3,100,0,0,0,0,0,0,0,27,Familiares,Licenciatura
2.01408E+16,9646,Rechazada,PS1,Rechazado,MALO,0,,,,,0,PROPIEDAD ACTIVO FIJO,#N/A,NO_CLIENTE,35000,Alto,0%,3,100,0,1,23519,860,0,0,0,29,Propia,Licenciatura
2.01408E+16,329,Rechazada,PS1,Rechazado,MALO,0,,,,,0,PROPIEDAD ACTIVO FIJO,#N/A,NO_CLIENTE,0,Alto,0%,2,100,0,0,0,0,0,0,0,60,Familiares,Licenciatura
2.01408E+16,777,Rechazada,PS1,Rechazado,MALO,0,,,,,0,RECIBOS DE NOMINA,#N/A,NO_CLIENTE,0,Alto,0%,3,100,0,0,0,0,0,0,0,50,Familiares,Posgrado
2.01408E+16,497,Rechazada,PS1,Rechazado,MALO,0,,,,,0,RECIBOS DE NOMINA,#N/A,NO_CLIENTE,12400,Alto,0%,2,100,0,1,13528,10,0,0,0,41,Propia,Preparatoria
2.01408E+16,573,Rechazada,PS1,Rechazado,MALO,0,,,,,0,RECIBOS DE NOMINA,#N/A,NO_CLIENTE,0,Alto,0%,1,100,0,0,0,0,0,0,0,53,Propia,Licenciatura
2.01408E+16,98,Rechazada,PS1,Rechazado,MALO,0,,,,,0,RECIBOS DE NOMINA,#N/A,NO_CLIENTE,0,Alto,0%,2,100,0,0,0,0,0,2753,0,35,Propia,Licenciatura
2.01408E+16,84,Rechazada,PS1,Rechazado,MALO,0,,,,,0,PROPIEDAD ACTIVO FIJO,#N/A,NO_CLIENTE,0,Alto,0%,3,100,0,0,0,0,0,0,0,58,Hipoteca,Posgrado
2.01408E+16,4164,Rechazada,PS1,Rechazado,MALO,0,,,,,0,RECIBOS DE NOMINA,#N/A,NO_CLIENTE,0,Alto,0%,2,100,0,0,0,0,0,1,0,45,Familiares,Licenciatura
2.01408E+16,303,Rechazada,PS1,Rechazado,MALO,0,,,,,0,RECIBOS DE NOMINA,#N/A,NO_CLIENTE,0,Alto,0%,1,100,0,0,0,0,0,106441,0,47,Familiares,Posgrado
2.01408E+16,594,Rechazada,PS1,Rechazado,MALO,0,,,,,0,RECIBOS DE NOMINA,#N/A,NO_CLIENTE,0,Alto,0%,4,100,0,0,0,0,0,0,0,34,Hipoteca,Posgrado
2.01408E+16,681,Rechazada,PS1,Rechazado,MALO,0,,,,,0,PROPIEDAD ACTIVO FIJO,#N/A,NO_CLIENTE,26500,Alto,0%,3,100,0,1,21574,1110,0,84697,0,25,Familiares,Posgrado
2.01408E+16,41,Rechazada,PS1,Rechazado,MALO,0,,,,,0,RECIBOS DE NOMINA,#N/A,NO_CLIENTE,33500,Alto,0%,2,100,0,1,14695,1100,0,24851,0,60,Propia,Licenciatura
2.01408E+16,4764,Rechazada,PS1,Rechazado,MALO,0,,,,,0,PROPIEDAD ACTIVO FIJO,#N/A,NO_CLIENTE,0,Alto,0%,3,100,0,0,0,0,0,0,0,32,Familiares,Posgrado
2.01408E+16,8171,Rechazada,PS1,Rechazado,MALO,0,,,,,0,PROPIEDAD ACTIVO FIJO,#N/A,NO_CLIENTE,9004,Alto,0%,4,100,0,0,8673,0,0,0,0,34,Propia,Licenciatura
2.01408E+16,4589,Rechazada,PS1,Rechazado,MALO,0,,,,,0,RECIBOS DE NOMINA,#N/A,NO_CLIENTE,0,Alto,0%,3,100,0,0,0,0,0,0,0,29,Propia,Licenciatura
2.01408E+16,4264,Rechazada,PS1,Rechazado,MALO,0,,,,,0,RECIBOS DE NOMINA,#N/A,NO_CLIENTE,0,Alto,0%,3,100,0,8,5640,5640,0,0,0,57,Propia,Licenciatura
2.01408E+16,164,Rechazada,PS1,Rechazado,MALO,0,,,,,0,PROPIEDAD ACTIVO FIJO,#N/A,NO_CLIENTE,0,Alto,0%,2,100,0,0,0,0,0,0,0,43,Propia,Posgrado
2.01408E+16,333,Rechazada,PS1,Rechazado,MALO,0,,,,,0,PROPIEDAD ACTIVO FIJO,#N/A,NO_CLIENTE,0,Alto,0%,3,100,0,0,0,0,0,0,0,57,Familiares,Posgrado
2.01408E+16,110,Rechazada,PS1,Rechazado,MALO,0,,,,,0,PROPIEDAD ACTIVO FIJO,#N/A,NO_CLIENTE,10501,Alto,0%,2,100,0,1,9031,610,0,0,0,48,Propia,Posgrado
2.01406E+16,588,Rechazada,CN0,Rechazado,MALO,0,,,,,15648,RECIBOS DE NOMINA,Medio B,CLIENTE_BANCO,0,Alto,0%,1,100,0,0,0,0,0,33204,0,34,Renta,Preparatoria
2.01408E+16,7907,En_proceso,CN0,Rechazado,MALO,0,,,,,0,RECIBOS DE NOMINA,Medio D,NO_CLIENTE,0,Alto,0%,2,100,0,0,0,0,0,0,0,43,Familiares,Posgrado
2.01408E+16,7772,En_proceso,CN0,Rechazado,MALO,0,,,,,0,PROPIEDAD ACTIVO FIJO,Medio C,NO_CLIENTE,0,Alto,0%,3,100,0,0,0,0,0,0,0,36,Renta,Preparatoria
2.01407E+16,7829,Rechazada,CN0,Rechazado,MALO,0,,,,,0,INVERSIONES,Alto C,NO_CLIENTE,0,Alto,0%,2,100,0,0,0,0,0,0,0,54,Hipoteca,Preparatoria
2.01407E+16,7829,En_proceso,CN0,Rechazado,MALO,0,,,,,0,INVERSIONES,Alto C,NO_CLIENTE,0,Alto,0%,1,100,0,0,0,0,0,0,0,45,Familiares,Posgrado
2.01408E+16,972,Rechazada,CN0,Rechazado,MALO,0,,,,,39760,RECIBOS DE NOMINA,Medio A,CLIENTE_BANCO,2999,Alto,0%,4,100,0,0,2340,0,0,0,0,46,Familiares,Preparatoria
2.01406E+16,7482,Rechazada,PS1,Rechazado,MALO,0,,,,,0,PROPIEDAD ACTIVO FIJO,#N/A,NO_CLIENTE,0,Alto,0%,3,101,0,2,953,500,0,0,0,43,Hipoteca,Licenciatura
2.01406E+16,390,Rechazada,PS1,Rechazado,MALO,0,,,,,0,PROPIEDAD ACTIVO FIJO,#N/A,NO_CLIENTE,0,Alto,0%,2,101,0,1,5789,250,0,140652,0,30,Renta,Preparatoria
2.01406E+16,319,Rechazada,PS1,Rechazado,MALO,0,,,,,0,PROPIEDAD ACTIVO FIJO,#N/A,NO_CLIENTE,0,Alto,0%,3,101,0,1,39370,2330,0,0,0,45,Renta,Licenciatura
2.01406E+16,781,Rechazada,PS1,Rechazado,MALO,0,,,,,0,RECIBOS DE NOMINA,#N/A,NO_CLIENTE,0,Alto,0%,4,101,0,0,0,0,0,0,0,25,Renta,Posgrado
2.01406E+16,607,Rechazada,PS1,Rechazado,MALO,0,,,,,0,PROPIEDAD ACTIVO FIJO,#N/A,NO_CLIENTE,0,Alto,0%,3,101,0,0,2034,0,0,0,0,47,Hipoteca,Preparatoria
2.01406E+16,390,Rechazada,PS1,Rechazado,MALO,0,,,,,0,RECIBOS DE NOMINA,#N/A,NO_CLIENTE,0,Alto,0%,3,101,0,0,0,0,0,0,0,48,Hipoteca,Licenciatura
2.01406E+16,6446,Rechazada,PS1,Rechazado,MALO,0,,,,,0,RECIBOS DE NOMINA,#N/A,NO_CLIENTE,0,Alto,0%,2,101,0,0,0,0,0,1715,0,37,Propia,Preparatoria
2.01407E+16,4552,Rechazada,PS1,Rechazado,MALO,0,,,,,0,RECIBOS DE NOMINA,#N/A,NO_CLIENTE,0,Alto,0%,3,101,0,0,0,0,0,0,0,42,Hipoteca,Licenciatura
2.01407E+16,88,Rechazada,PS1,Rechazado,MALO,0,,,,,0,PROPIEDAD ACTIVO FIJO,#N/A,NO_CLIENTE,0,Alto,0%,2,101,0,0,0,0,0,8714,0,45,Hipoteca,Licenciatura
2.01407E+16,184,Rechazada,PS1,Rechazado,MALO,0,,,,,0,RECIBOS DE NOMINA,#N/A,NO_CLIENTE,0,Alto,0%,1,101,0,0,0,0,0,0,0,31,Hipoteca,Posgrado
2.01407E+16,987,Rechazada,PS1,Rechazado,MALO,0,,,,,0,RECIBOS DE NOMINA,#N/A,NO_CLIENTE,0,Alto,0%,2,101,0,0,0,0,0,0,0,51,Propia,Licenciatura
2.01407E+16,966,Rechazada,PS1,Rechazado,MALO,0,,,,,0,PAGOS PROV SEMESTRALES PF,#N/A,NO_CLIENTE,0,Alto,0%,3,101,0,0,0,0,0,0,0,30,Propia,Licenciatura
2.01407E+16,4552,Rechazada,PS1,Rechazado,MALO,0,,,,,0,RECIBOS DE NOMINA,#N/A,NO_CLIENTE,0,Alto,0%,2,101,0,0,0,0,0,0,0,51,Propia,Licenciatura
2.01407E+16,373,Rechazada,PS1,Rechazado,MALO,0,,,,,0,RECIBOS DE NOMINA,#N/A,NO_CLIENTE,0,Alto,0%,1,101,0,0,0,0,0,0,0,53,Familiares,Licenciatura
2.01407E+16,386,Rechazada,PS1,Rechazado,MALO,0,,,,,0,PROPIEDAD ACTIVO FIJO,#N/A,NO_CLIENTE,0,Alto,0%,4,101,0,0,0,0,0,0,0,44,Propia,Preparatoria
2.01407E+16,344,Rechazada,PS1,Rechazado,MALO,0,,,,,0,RECIBOS DE NOMINA,#N/A,NO_CLIENTE,0,Alto,0%,3,101,0,0,0,0,0,0,0,51,Familiares,Preparatoria
2.01407E+16,4431,Rechazada,PS1,Rechazado,MALO,0,,,,,0,RECIBOS DE NOMINA,#N/A,NO_CLIENTE,0,Alto,0%,2,101,0,0,0,0,0,0,0,55,Renta,Licenciatura
2.01407E+16,997,Rechazada,PS1,Rechazado,MALO,0,,,,,0,RECIBOS DE NOMINA,#N/A,NO_CLIENTE,0,Alto,0%,3,101,0,8,6351,6351,0,0,0,60,Familiares,Posgrado
2.01407E+16,4376,Rechazada,PS1,Rechazado,MALO,0,,,,,0,PROPIEDAD ACTIVO FIJO,#N/A,NO_CLIENTE,0,Alto,0%,4,101,0,1,5345,500,0,0,0,29,Familiares,Preparatoria
2.01407E+16,4040,Rechazada,PS1,Rechazado,MALO,0,,,,,0,RECIBOS DE NOMINA,#N/A,NO_CLIENTE,0,Alto,0%,3,101,0,0,0,0,0,0,0,26,Familiares,Licenciatura
2.01407E+16,4152,Rechazada,PS1,Rechazado,MALO,0,,,,,0,RECIBOS DE NOMINA,#N/A,NO_CLIENTE,0,Alto,0%,3,101,0,0,0,0,0,0,0,27,Hipoteca,Preparatoria
2.01407E+16,4144,Rechazada,PS1,Rechazado,MALO,0,,,,,0,PROPIEDAD ACTIVO FIJO,#N/A,NO_CLIENTE,0,Alto,0%,2,101,0,0,0,0,0,0,0,36,Hipoteca,Posgrado
2.01407E+16,165,Rechazada,PS1,Rechazado,MALO,0,,,,,0,PROPIEDAD ACTIVO FIJO,#N/A,NO_CLIENTE,0,Alto,0%,3,101,0,0,0,0,0,0,0,44,Renta,Preparatoria
2.01407E+16,912,Rechazada,PS1,Rechazado,MALO,0,,,,,0,RECIBOS DE NOMINA,#N/A,NO_CLIENTE,0,Alto,0%,2,101,0,0,0,0,0,0,0,38,Hipoteca,Licenciatura
2.01407E+16,109,Rechazada,PS1,Rechazado,MALO,0,,,,,0,RECIBOS DE NOMINA,#N/A,NO_CLIENTE,0,Alto,0%,1,101,0,0,0,0,0,0,0,44,Hipoteca,Licenciatura
2.01407E+16,7504,Rechazada,PS1,Rechazado,MALO,0,,,,,0,PROPIEDAD ACTIVO FIJO,#N/A,NO_CLIENTE,0,Alto,0%,2,101,0,0,0,0,0,0,0,38,Familiares,Preparatoria
2.01407E+16,228,Rechazada,PS1,Rechazado,MALO,0,,,,,0,RECIBOS DE NOMINA,#N/A,NO_CLIENTE,0,Alto,0%,3,101,0,0,0,0,0,0,0,58,Familiares,Preparatoria
2.01407E+16,852,Rechazada,PS1,Rechazado,MALO,0,,,,,0,PROPIEDAD ACTIVO FIJO,#N/A,NO_CLIENTE,0,Alto,0%,2,101,0,0,0,0,0,0,0,26,Propia,Posgrado
2.01407E+16,8212,Rechazada,PS1,Rechazado,MALO,0,,,,,0,PROPIEDAD ACTIVO FIJO,#N/A,NO_CLIENTE,0,Alto,0%,1,101,0,1,12560,560,0,60654,0,58,Renta,Preparatoria
2.01407E+16,885,Rechazada,PS1,Rechazado,MALO,0,,,,,0,RECIBOS DE NOMINA,#N/A,NO_CLIENTE,0,Alto,0%,4,101,0,0,0,0,0,0,0,31,Hipoteca,Licenciatura
2.01407E+16,7438,Rechazada,PS1,Rechazado,MALO,0,,,,,0,PROPIEDAD ACTIVO FIJO,#N/A,NO_CLIENTE,0,Alto,0%,3,101,0,0,0,0,0,0,0,51,Propia,Posgrado
2.01407E+16,7402,Rechazada,PS1,Rechazado,MALO,0,,,,,0,RECIBOS DE NOMINA,#N/A,NO_CLIENTE,0,Alto,0%,2,101,0,1,3840,630,0,0,0,31,Propia,Posgrado
2.01407E+16,215,Rechazada,PS1,Rechazado,MALO,0,,,,,0,PROPIEDAD ACTIVO FIJO,#N/A,NO_CLIENTE,0,Alto,0%,3,101,0,0,0,0,0,0,0,31,Hipoteca,Posgrado
2.01407E+16,7829,Cancelada,PS1,Rechazado,MALO,0,,,,,0,SIN COMPROBANTE,#N/A,NO_CLIENTE,0,Alto,0%,4,101,0,0,0,0,0,0,0,58,Hipoteca,Licenciatura
2.01407E+16,444,Cancelada,PS1,Rechazado,MALO,0,,,,,0,RECIBOS DE NOMINA,#N/A,NO_CLIENTE,0,Alto,0%,3,101,0,1,17992,1280,0,0,0,36,Renta,Licenciatura
2.01407E+16,4173,Cancelada,PS1,Rechazado,MALO,0,,,,,0,PROPIEDAD ACTIVO FIJO,#N/A,NO_CLIENTE,0,Alto,0%,3,101,0,0,3671,0,0,0,0,59,Renta,Preparatoria
2.01407E+16,24033,Rechazada,PS1,Rechazado,MALO,0,,,,,0,PROPIEDAD ACTIVO FIJO,#N/A,NO_CLIENTE,0,Alto,0%,2,101,0,0,0,0,0,0,0,59,Renta,Posgrado
2.01407E+16,7904,Cancelada,PS1,Rechazado,MALO,0,,,,,0,RECIBOS DE NOMINA,#N/A,NO_CLIENTE,0,Alto,0%,3,101,0,0,0,0,0,0,0,40,Renta,Licenciatura
2.01407E+16,11711,Rechazada,PS1,Rechazado,MALO,0,,,,,0,RECIBOS DE NOMINA,#N/A,NO_CLIENTE,0,Alto,0%,2,101,0,0,0,0,0,0,0,30,Renta,Licenciatura
2.01407E+16,4182,Rechazada,PS1,Rechazado,MALO,0,,,,,0,PROPIEDAD ACTIVO FIJO,#N/A,NO_CLIENTE,0,Alto,0%,1,101,0,1,6045,540,0,0,0,38,Renta,Preparatoria
2.01407E+16,644,Rechazada,PS1,Rechazado,MALO,0,,,,,0,RECIBOS DE NOMINA,#N/A,NO_CLIENTE,0,Alto,0%,2,101,0,0,0,0,0,0,0,53,Renta,Licenciatura
2.01407E+16,4730,Rechazada,PS1,Rechazado,MALO,0,,,,,0,RECIBOS DE NOMINA,#N/A,NO_CLIENTE,0,Alto,0%,3,101,0,0,0,0,0,0,0,52,Hipoteca,Preparatoria
2.01407E+16,9193,Rechazada,PS1,Rechazado,MALO,0,,,,,0,PROPIEDAD ACTIVO FIJO,#N/A,NO_CLIENTE,0,Alto,0%,2,101,0,0,0,0,0,0,0,35,Hipoteca,Posgrado
2.01407E+16,692,Rechazada,PS1,Rechazado,MALO,0,,,,,0,RECIBOS DE NOMINA,#N/A,NO_CLIENTE,0,Alto,0%,1,101,0,0,0,0,0,0,0,42,Propia,Licenciatura
2.01407E+16,7418,Rechazada,PS1,Rechazado,MALO,0,,,,,0,PROPIEDAD ACTIVO FIJO,#N/A,NO_CLIENTE,0,Alto,0%,4,101,0,0,0,0,0,0,0,54,Familiares,Preparatoria
2.01407E+16,269,Rechazada,PS1,Rechazado,MALO,0,,,,,0,RECIBOS DE NOMINA,#N/A,NO_CLIENTE,0,Alto,0%,3,101,0,0,0,0,0,0,0,29,Hipoteca,Preparatoria
2.01407E+16,816,Rechazada,PS1,Rechazado,MALO,0,,,,,0,PROPIEDAD ACTIVO FIJO,#N/A,NO_CLIENTE,0,Alto,0%,2,101,0,1,18089,1130,0,18411,0,32,Propia,Licenciatura
2.01407E+16,123,Rechazada,PS1,Rechazado,MALO,0,,,,,0,RECIBOS DE NOMINA,#N/A,NO_CLIENTE,0,Alto,0%,3,101,0,0,0,0,0,0,0,45,Propia,Preparatoria
2.01407E+16,4271,Rechazada,PS1,Rechazado,MALO,0,,,,,0,PROPIEDAD ACTIVO FIJO,#N/A,NO_CLIENTE,0,Alto,0%,4,101,0,1,733,250,0,0,0,34,Hipoteca,Posgrado
2.01407E+16,4274,Rechazada,PS1,Rechazado,MALO,0,,,,,0,RECIBOS DE NOMINA,#N/A,NO_CLIENTE,0,Alto,0%,3,101,0,0,0,0,0,0,0,44,Hipoteca,Preparatoria
2.01407E+16,135,Rechazada,PS1,Rechazado,MALO,0,,,,,0,RECIBOS DE NOMINA,#N/A,NO_CLIENTE,0,Alto,0%,3,101,0,0,0,0,0,0,0,47,Renta,Preparatoria
2.01407E+16,339,Rechazada,PS1,Rechazado,MALO,0,,,,,0,RECIBOS DE NOMINA,#N/A,NO_CLIENTE,0,Alto,0%,2,101,0,0,0,0,0,0,0,27,Hipoteca,Preparatoria
2.01407E+16,466,Rechazada,PS1,Rechazado,MALO,0,,,,,0,RECIBOS DE NOMINA,#N/A,NO_CLIENTE,0,Alto,0%,3,101,0,0,0,0,0,0,0,36,Propia,Preparatoria
2.01407E+16,245,Rechazada,PS1,Rechazado,MALO,0,,,,,0,RECIBOS DE NOMINA,#N/A,NO_CLIENTE,0,Alto,0%,2,101,0,0,0,0,0,0,0,40,Hipoteca,Posgrado
2.01407E+16,4436,Rechazada,PS1,Rechazado,MALO,0,,,,,0,RECIBOS DE NOMINA,#N/A,NO_CLIENTE,0,Alto,0%,1,101,0,0,0,0,0,0,0,32,Renta,Posgrado
2.01407E+16,9191,Rechazada,PS1,Rechazado,MALO,0,,,,,0,RECIBOS DE NOMINA,#N/A,NO_CLIENTE,0,Alto,0%,2,101,0,0,0,0,0,13589,0,59,Propia,Preparatoria
2.01407E+16,8222,Rechazada,PS1,Rechazado,MALO,0,,,,,0,PROPIEDAD ACTIVO FIJO,#N/A,NO_CLIENTE,0,Alto,0%,3,101,0,0,9783,0,0,95440,0,44,Hipoteca,Preparatoria
2.01407E+16,945,Rechazada,PS1,Rechazado,MALO,0,,,,,0,RECIBOS DE NOMINA,#N/A,NO_CLIENTE,0,Alto,0%,2,101,0,0,0,0,0,0,0,28,Familiares,Licenciatura
2.01407E+16,4360,Rechazada,PS1,Rechazado,MALO,0,,,,,0,RECIBOS DE NOMINA,#N/A,NO_CLIENTE,0,Alto,0%,1,101,0,0,0,0,0,0,0,44,Familiares,Licenciatura
2.01407E+16,253,Rechazada,PS1,Rechazado,MALO,0,,,,,0,INVERSIONES,#N/A,NO_CLIENTE,0,Alto,0%,4,101,0,0,0,0,0,0,0,37,Propia,Posgrado
2.01407E+16,6567,Rechazada,PS1,Rechazado,MALO,0,,,,,0,RECIBOS DE NOMINA,#N/A,NO_CLIENTE,0,Alto,0%,3,101,0,0,0,0,0,0,0,56,Renta,Licenciatura
2.01407E+16,103,Rechazada,PS1,Rechazado,MALO,0,,,,,0,RECIBOS DE NOMINA,#N/A,NO_CLIENTE,0,Alto,0%,2,101,0,0,0,0,0,0,0,55,Familiares,Licenciatura
2.01407E+16,4581,Rechazada,PS1,Rechazado,MALO,0,,,,,0,INVERSIONES,#N/A,NO_CLIENTE,0,Alto,0%,3,101,0,0,0,0,0,83787,0,44,Propia,Posgrado
2.01407E+16,7428,Rechazada,PS1,Rechazado,MALO,0,,,,,0,PROPIEDAD ACTIVO FIJO,#N/A,NO_CLIENTE,0,Alto,0%,4,101,0,0,18463,0,0,0,0,49,Propia,Licenciatura
2.01407E+16,4436,Rechazada,PS1,Rechazado,MALO,0,,,,,0,RECIBOS DE NOMINA,#N/A,NO_CLIENTE,0,Alto,0%,3,101,0,0,0,0,0,0,0,56,Renta,Posgrado
2.01407E+16,546,Rechazada,PS1,Rechazado,MALO,0,,,,,0,RECIBOS DE NOMINA,#N/A,NO_CLIENTE,0,Alto,0%,3,101,0,0,0,0,0,0,0,40,Familiares,Licenciatura
2.01407E+16,4152,Rechazada,PS1,Rechazado,MALO,0,,,,,0,RECIBOS DE NOMINA,#N/A,NO_CLIENTE,0,Alto,0%,2,101,0,0,0,0,0,0,0,59,Hipoteca,Preparatoria
2.01407E+16,561,Rechazada,PS1,Rechazado,MALO,0,,,,,0,RECIBOS DE NOMINA,#N/A,NO_CLIENTE,0,Alto,0%,3,101,0,0,0,0,0,0,0,32,Propia,Licenciatura
2.01407E+16,7130,Rechazada,PS1,Rechazado,MALO,0,,,,,0,RECIBOS DE NOMINA,#N/A,NO_CLIENTE,0,Alto,0%,2,101,0,1,1147,250,0,7137,0,55,Hipoteca,Posgrado
2.01407E+16,7829,Rechazada,PS1,Rechazado,MALO,0,,,,,0,RECIBOS DE NOMINA,#N/A,NO_CLIENTE,0,Alto,0%,1,101,0,0,0,0,0,0,0,30,Propia,Posgrado
2.01407E+16,4474,Rechazada,PS1,Rechazado,MALO,0,,,,,0,RECIBOS DE NOMINA,#N/A,NO_CLIENTE,0,Alto,0%,2,101,0,0,0,0,0,0,0,49,Renta,Posgrado
2.01407E+16,7428,Rechazada,PS1,Rechazado,MALO,0,,,,,0,RECIBOS DE NOMINA,#N/A,NO_CLIENTE,0,Alto,0%,3,101,0,0,0,0,0,7373,0,45,Hipoteca,Posgrado
2.01407E+16,9163,Rechazada,PS1,Rechazado,MALO,0,,,,,0,RECIBOS DE NOMINA,#N/A,NO_CLIENTE,0,Alto,0%,2,101,0,0,0,0,0,0,0,49,Renta,Posgrado
2.01407E+16,346,Rechazada,PS1,Rechazado,MALO,0,,,,,0,PROPIEDAD ACTIVO FIJO,#N/A,NO_CLIENTE,0,Alto,0%,1,101,0,0,0,0,0,0,0,27,Familiares,Posgrado
2.01407E+16,7115,Rechazada,PS1,Rechazado,MALO,0,,,,,0,RECIBOS DE NOMINA,#N/A,NO_CLIENTE,0,Alto,0%,4,101,0,0,0,0,0,0,0,34,Propia,Licenciatura
2.01407E+16,6463,Rechazada,PS1,Rechazado,MALO,0,,,,,0,RECIBOS DE NOMINA,#N/A,NO_CLIENTE,0,Alto,0%,3,101,0,0,0,0,0,0,0,45,Familiares,Preparatoria
2.01407E+16,4479,Rechazada,PS1,Rechazado,MALO,0,,,,,0,RECIBOS DE NOMINA,#N/A,NO_CLIENTE,0,Alto,0%,2,101,0,0,0,0,0,0,0,55,Familiares,Posgrado
2.01407E+16,4221,Rechazada,PS1,Rechazado,MALO,0,,,,,0,PROPIEDAD ACTIVO FIJO,#N/A,NO_CLIENTE,0,Alto,0%,1,101,0,0,0,0,0,0,0,33,Familiares,Licenciatura
2.01407E+16,220,Rechazada,PS1,Rechazado,MALO,0,,,,,0,RECIBOS DE NOMINA,#N/A,NO_CLIENTE,0,Alto,0%,0,101,0,0,0,0,0,0,0,46,Hipoteca,Preparatoria
2.01407E+16,315,Rechazada,PS1,Rechazado,MALO,0,,,,,0,RECIBOS DE NOMINA,#N/A,NO_CLIENTE,0,Alto,0%,1,101,0,0,529,0,0,0,0,56,Hipoteca,Preparatoria
2.01407E+16,383,Rechazada,PS1,Rechazado,MALO,0,,,,,0,RECIBOS DE NOMINA,#N/A,NO_CLIENTE,0,Alto,0%,0,101,0,0,0,0,0,0,0,43,Propia,Posgrado
2.01407E+16,700,Rechazada,PS1,Rechazado,MALO,0,,,,,0,PROPIEDAD ACTIVO FIJO,#N/A,NO_CLIENTE,0,Alto,0%,0,101,0,1,7234,570,0,0,0,58,Familiares,Preparatoria
2.01407E+16,6609,Rechazada,PS1,Rechazado,MALO,0,,,,,0,PROPIEDAD ACTIVO FIJO,#N/A,NO_CLIENTE,0,Alto,0%,1,101,0,0,32585,0,0,0,0,53,Hipoteca,Licenciatura
2.01407E+16,111,Rechazada,PS1,Rechazado,MALO,0,,,,,0,PROPIEDAD ACTIVO FIJO,#N/A,NO_CLIENTE,0,Alto,0%,0,101,0,0,0,0,0,0,0,54,Hipoteca,Licenciatura
2.01407E+16,538,Rechazada,PS1,Rechazado,MALO,0,,,,,0,RECIBOS DE NOMINA,#N/A,NO_CLIENTE,0,Alto,0%,0,101,0,0,0,0,0,0,0,25,Hipoteca,Posgrado
2.01407E+16,966,Rechazada,PS1,Rechazado,MALO,0,,,,,0,RECIBOS DE NOMINA,#N/A,NO_CLIENTE,0,Alto,0%,0,101,0,0,0,0,0,0,0,37,Familiares,Secundaria
2.01407E+16,197,Rechazada,PS1,Rechazado,MALO,0,,,,,0,RECIBOS DE NOMINA,#N/A,NO_CLIENTE,0,Alto,0%,2,101,0,0,0,0,0,0,0,48,Renta,Licenciatura
2.01407E+16,292,Rechazada,PS1,Rechazado,MALO,0,,,,,0,RECIBOS DE NOMINA,#N/A,NO_CLIENTE,0,Alto,0%,0,101,0,0,0,0,0,0,0,43,Propia,Preparatoria
2.01407E+16,4877,Rechazada,PS1,Rechazado,MALO,0,,,,,0,PROPIEDAD ACTIVO FIJO,#N/A,NO_CLIENTE,0,Alto,0%,0,101,0,0,0,0,0,0,0,37,Familiares,Licenciatura
2.01408E+16,4082,Rechazada,PS1,Rechazado,MALO,0,,,,,0,RECIBOS DE NOMINA,#N/A,NO_CLIENTE,0,Alto,0%,1,101,0,0,0,0,0,0,0,49,Familiares,Licenciatura
2.01408E+16,195,Rechazada,PS1,Rechazado,MALO,0,,,,,0,RECIBOS DE NOMINA,#N/A,NO_CLIENTE,0,Alto,0%,0,101,0,0,0,0,0,0,0,38,Familiares,Licenciatura
2.01408E+16,316,Rechazada,PS1,Rechazado,MALO,0,,,,,0,RECIBOS DE NOMINA,#N/A,NO_CLIENTE,0,Alto,0%,0,101,0,0,0,0,0,0,0,27,Hipoteca,Preparatoria
2.01408E+16,7476,Rechazada,PS1,Rechazado,MALO,0,,,,,0,RECIBOS DE NOMINA,#N/A,NO_CLIENTE,0,Alto,0%,0,101,0,0,0,0,0,0,0,59,Renta,Licenciatura
2.01408E+16,4877,Rechazada,PS1,Rechazado,MALO,0,,,,,0,RECIBOS DE NOMINA,#N/A,NO_CLIENTE,0,Alto,0%,2,101,0,0,0,0,0,0,0,54,Propia,Preparatoria
2.01408E+16,8216,Rechazada,PS1,Rechazado,MALO,0,,,,,0,RECIBOS DE NOMINA,#N/A,NO_CLIENTE,0,Alto,0%,0,101,0,0,0,0,0,0,0,59,Hipoteca,Preparatoria
2.01408E+16,4690,Rechazada,PS1,Rechazado,MALO,0,,,,,0,RECIBOS DE NOMINA,#N/A,NO_CLIENTE,0,Alto,0%,0,101,0,0,0,0,0,0,0,42,Familiares,Posgrado
2.01408E+16,4371,Rechazada,PS1,Rechazado,MALO,0,,,,,0,PROPIEDAD ACTIVO FIJO,#N/A,NO_CLIENTE,0,Alto,0%,1,101,0,0,0,0,0,0,0,49,Renta,Licenciatura
2.01408E+16,13,Rechazada,PS1,Rechazado,MALO,0,,,,,0,RECIBOS DE NOMINA,#N/A,NO_CLIENTE,0,Alto,0%,0,101,0,0,0,0,0,0,0,46,Renta,Posgrado
2.01408E+16,918,Rechazada,PS1,Rechazado,MALO,0,,,,,0,RECIBOS DE NOMINA,#N/A,NO_CLIENTE,0,Alto,0%,0,101,0,0,0,0,0,0,0,34,Familiares,Posgrado
2.01408E+16,4326,Rechazada,PS1,Rechazado,MALO,0,,,,,0,PROPIEDAD ACTIVO FIJO,#N/A,NO_CLIENTE,0,Alto,0%,1,101,0,0,0,0,0,0,0,51,Renta,Licenciatura
2.01408E+16,771,Rechazada,PS1,Rechazado,MALO,0,,,,,0,RECIBOS DE NOMINA,#N/A,NO_CLIENTE,0,Alto,0%,0,101,0,0,0,0,0,0,0,47,Renta,Posgrado
2.01408E+16,7153,Rechazada,PS1,Rechazado,MALO,0,,,,,0,PROPIEDAD ACTIVO FIJO,#N/A,NO_CLIENTE,0,Alto,0%,0,101,0,0,0,0,0,0,0,36,Propia,Preparatoria
2.01408E+16,227,En_proceso,PS1,Rechazado,MALO,0,,,,,0,PROPIEDAD ACTIVO FIJO,#N/A,NO_CLIENTE,94500,Alto,0%,1,101,0,1,22807,1190,0,0,0,39,Familiares,Preparatoria
2.01408E+16,4503,Rechazada,PS1,Rechazado,MALO,0,,,,,0,RECIBOS DE NOMINA,#N/A,NO_CLIENTE,0,Alto,0%,0,101,0,0,0,0,0,0,0,38,Familiares,Licenciatura
2.01408E+16,4308,Rechazada,PS1,Rechazado,MALO,0,,,,,0,RECIBOS DE NOMINA,#N/A,NO_CLIENTE,0,Alto,0%,0,101,0,0,0,0,0,0,0,25,Renta,Secundaria
2.01408E+16,632,Rechazada,PS1,Rechazado,MALO,0,,,,,0,PROPIEDAD ACTIVO FIJO,#N/A,NO_CLIENTE,0,Alto,0%,1,101,0,0,0,0,0,10923,0,39,Propia,Posgrado
2.01408E+16,755,Rechazada,PS1,Rechazado,MALO,0,,,,,0,INVERSIONES,#N/A,NO_CLIENTE,0,Alto,0%,0,101,0,0,0,0,0,2406,0,38,Familiares,Preparatoria
2.01408E+16,4496,Rechazada,PS1,Rechazado,MALO,0,,,,,0,RECIBOS DE NOMINA,#N/A,NO_CLIENTE,0,Alto,0%,0,101,0,0,0,0,0,0,0,45,Renta,Preparatoria
2.01408E+16,7791,Rechazada,PS1,Rechazado,MALO,0,,,,,0,RECIBOS DE NOMINA,#N/A,NO_CLIENTE,0,Alto,0%,1,101,0,0,0,0,0,0,0,50,Familiares,Preparatoria
2.01408E+16,7129,Rechazada,PS1,Rechazado,MALO,0,,,,,0,RECIBOS DE NOMINA,#N/A,NO_CLIENTE,0,Alto,0%,0,101,0,0,0,0,0,0,0,45,Familiares,Licenciatura
2.01408E+16,6472,Rechazada,PS1,Rechazado,MALO,0,,,,,0,RECIBOS DE NOMINA,#N/A,NO_CLIENTE,0,Alto,0%,0,101,0,0,0,0,0,0,0,32,Propia,Posgrado
2.01408E+16,4644,Rechazada,PS1,Rechazado,MALO,0,,,,,0,RECIBOS DE NOMINA,#N/A,NO_CLIENTE,0,Alto,0%,3,101,0,0,0,0,0,0,0,56,Hipoteca,Preparatoria
2.01408E+16,643,Rechazada,PS1,Rechazado,MALO,0,,,,,0,RECIBOS DE NOMINA,#N/A,NO_CLIENTE,0,Alto,0%,0,101,0,0,0,0,0,0,0,34,Hipoteca,Posgrado
2.01408E+16,303,Rechazada,PS1,Rechazado,MALO,0,,,,,0,RECIBOS DE NOMINA,#N/A,NO_CLIENTE,0,Alto,0%,0,101,0,0,0,0,0,0,0,29,Propia,Licenciatura
2.01408E+16,8175,Rechazada,PS1,Rechazado,MALO,0,,,,,0,PROPIEDAD ACTIVO FIJO,#N/A,NO_CLIENTE,0,Alto,0%,0,101,0,8,26284,26284,0,0,0,33,Renta,Posgrado
2.01408E+16,9260,Rechazada,PS1,Rechazado,MALO,0,,,,,0,PROPIEDAD ACTIVO FIJO,#N/A,NO_CLIENTE,0,Alto,0%,1,101,0,0,0,0,0,0,0,35,Renta,Posgrado
2.01408E+16,9260,Rechazada,PS1,Rechazado,MALO,0,,,,,0,PROPIEDAD ACTIVO FIJO,#N/A,NO_CLIENTE,0,Alto,0%,0,101,0,0,0,0,0,0,0,49,Familiares,Licenciatura
2.01408E+16,335,Rechazada,PS1,Rechazado,MALO,0,,,,,0,RECIBOS DE NOMINA,#N/A,NO_CLIENTE,19100,Alto,0%,0,101,0,0,0,0,0,26137,0,44,Hipoteca,Licenciatura
2.01408E+16,7802,Rechazada,PS1,Rechazado,MALO,0,,,,,0,PROPIEDAD ACTIVO FIJO,#N/A,NO_CLIENTE,0,Alto,0%,2,101,0,0,0,0,0,0,0,51,Renta,Preparatoria
2.01408E+16,5163,Rechazada,PS1,Rechazado,MALO,0,,,,,0,PROPIEDAD ACTIVO FIJO,#N/A,NO_CLIENTE,0,Alto,0%,0,101,0,0,0,0,0,0,0,45,Renta,Licenciatura
2.01408E+16,471,Rechazada,PS1,Rechazado,MALO,0,,,,,0,RECIBOS DE NOMINA,#N/A,NO_CLIENTE,0,Alto,0%,0,101,0,0,0,0,0,0,0,37,Propia,Preparatoria
2.01408E+16,7628,Rechazada,PS1,Rechazado,MALO,0,,,,,0,PROPIEDAD ACTIVO FIJO,#N/A,NO_CLIENTE,0,Alto,0%,1,101,0,0,0,0,0,0,0,57,Renta,Licenciatura
2.01408E+16,7796,Rechazada,PS1,Rechazado,MALO,0,,,,,0,RECIBOS DE NOMINA,#N/A,NO_CLIENTE,0,Alto,0%,0,101,0,0,0,0,0,0,0,45,Renta,Posgrado
2.01408E+16,9396,Rechazada,PS1,Rechazado,MALO,0,,,,,0,PROPIEDAD ACTIVO FIJO,#N/A,NO_CLIENTE,0,Alto,0%,0,101,0,0,0,0,0,0,0,33,Renta,Licenciatura
2.01408E+16,4552,Rechazada,PS1,Rechazado,MALO,0,,,,,0,PROPIEDAD ACTIVO FIJO,#N/A,NO_CLIENTE,0,Alto,0%,1,101,0,0,0,0,0,0,0,50,Hipoteca,Licenciatura
2.01408E+16,8143,Rechazada,PS1,Rechazado,MALO,0,,,,,0,PROPIEDAD ACTIVO FIJO,#N/A,NO_CLIENTE,0,Alto,0%,0,101,0,0,0,0,0,0,0,53,Hipoteca,Licenciatura
2.01408E+16,7622,Rechazada,PS1,Rechazado,MALO,0,,,,,0,PROPIEDAD ACTIVO FIJO,#N/A,NO_CLIENTE,0,Alto,0%,0,101,0,0,0,0,0,0,0,55,Familiares,Preparatoria
2.01408E+16,9261,Rechazada,PS1,Rechazado,MALO,0,,,,,0,PROPIEDAD ACTIVO FIJO,#N/A,NO_CLIENTE,0,Alto,0%,1,101,0,0,0,0,0,0,0,35,Familiares,Licenciatura
2.01408E+16,131,Rechazada,PS1,Rechazado,MALO,0,,,,,0,RECIBOS DE NOMINA,#N/A,NO_CLIENTE,0,Alto,0%,0,101,0,0,0,0,0,0,0,26,Renta,Posgrado
2.01408E+16,5147,Rechazada,PS1,Rechazado,MALO,0,,,,,0,RECIBOS DE NOMINA,#N/A,NO_CLIENTE,0,Alto,0%,0,101,0,0,0,0,0,0,0,53,Familiares,Preparatoria
2.01408E+16,7797,Rechazada,PS1,Rechazado,MALO,0,,,,,0,RECIBOS DE NOMINA,#N/A,NO_CLIENTE,0,Alto,0%,0,101,0,0,0,0,0,0,0,29,Familiares,Posgrado
2.01408E+16,7991,Rechazada,PS1,Rechazado,MALO,0,,,,,0,RECIBOS DE NOMINA,#N/A,NO_CLIENTE,0,Alto,0%,1,101,0,0,0,0,0,0,0,43,Hipoteca,Licenciatura
2.01408E+16,8167,Rechazada,PS1,Rechazado,MALO,0,,,,,0,PROPIEDAD ACTIVO FIJO,#N/A,NO_CLIENTE,58300,Alto,0%,0,101,0,1,38521,2000,0,0,0,47,Familiares,Licenciatura
2.01408E+16,8122,Rechazada,PS1,Rechazado,MALO,0,,,,,0,PROPIEDAD ACTIVO FIJO,#N/A,NO_CLIENTE,0,Alto,0%,0,101,0,0,0,0,0,0,0,51,Hipoteca,Posgrado
2.01408E+16,9037,Rechazada,PS1,Rechazado,MALO,0,,,,,0,RECIBOS DE NOMINA,#N/A,NO_CLIENTE,0,Alto,0%,0,101,0,0,0,0,0,0,0,54,Renta,Preparatoria
2.01408E+16,7711,Rechazada,PS1,Rechazado,MALO,0,,,,,0,RECIBOS DE NOMINA,#N/A,NO_CLIENTE,0,Alto,0%,2,101,0,0,0,0,0,0,0,51,Renta,Preparatoria
2.01408E+16,7616,Rechazada,PS1,Rechazado,MALO,0,,,,,0,PROPIEDAD ACTIVO FIJO,#N/A,NO_CLIENTE,0,Alto,0%,0,101,0,0,0,0,0,0,0,57,Propia,Licenciatura
2.01408E+16,15006,Rechazada,PS1,Rechazado,MALO,0,,,,,0,RECIBOS DE NOMINA,#N/A,NO_CLIENTE,0,Alto,0%,0,101,0,0,0,0,0,0,0,25,Propia,Licenciatura
2.01408E+16,8164,Rechazada,PS1,Rechazado,MALO,0,,,,,0,PROPIEDAD ACTIVO FIJO,#N/A,NO_CLIENTE,0,Alto,0%,0,101,0,0,0,0,0,23070,0,25,Renta,Preparatoria
2.01408E+16,8167,Rechazada,PS1,Rechazado,MALO,0,,,,,0,PROPIEDAD ACTIVO FIJO,#N/A,NO_CLIENTE,0,Alto,0%,1,101,0,0,0,0,0,0,0,28,Renta,Preparatoria
2.01408E+16,7800,Rechazada,PS1,Rechazado,MALO,0,,,,,0,PROPIEDAD ACTIVO FIJO,#N/A,NO_CLIENTE,0,Alto,0%,0,101,0,0,0,0,0,0,0,41,Hipoteca,Licenciatura
2.01408E+16,7796,En_proceso,PS1,Rechazado,MALO,0,,,,,0,RECIBOS DE NOMINA,#N/A,NO_CLIENTE,0,Alto,0%,0,101,0,0,0,0,0,0,0,29,Familiares,Posgrado
2.01408E+16,9175,Rechazada,PS1,Rechazado,MALO,0,,,,,0,RECIBOS DE NOMINA,#N/A,NO_CLIENTE,0,Alto,0%,0,101,0,0,0,0,0,3479,0,35,Renta,Posgrado
2.01408E+16,7618,Rechazada,PS1,Rechazado,MALO,0,,,,,0,RECIBOS DE NOMINA,#N/A,NO_CLIENTE,5000,Alto,0%,1,101,0,1,3009,290,0,0,0,32,Hipoteca,Posgrado
2.01408E+16,7791,Rechazada,PS1,Rechazado,MALO,0,,,,,0,RECIBOS DE NOMINA,#N/A,NO_CLIENTE,0,Alto,0%,0,101,0,0,0,0,0,0,0,52,Renta,Preparatoria
2.01408E+16,7907,Rechazada,PS1,Rechazado,MALO,0,,,,,0,RECIBOS DE NOMINA,#N/A,NO_CLIENTE,0,Alto,0%,0,101,0,0,0,0,0,0,0,48,Propia,Posgrado
2.01408E+16,7795,Rechazada,PS1,Rechazado,MALO,0,,,,,0,PROPIEDAD ACTIVO FIJO,#N/A,NO_CLIENTE,0,Alto,0%,0,101,0,0,0,0,0,0,0,45,Renta,Posgrado
2.01408E+16,9433,Rechazada,PS1,Rechazado,MALO,0,,,,,0,CTA NOMINA DIGITAL,#N/A,NO_CLIENTE,0,Alto,0%,0,101,0,0,0,0,0,0,0,31,Propia,Posgrado
2.01408E+16,4443,Rechazada,PS1,Rechazado,MALO,0,,,,,0,RECIBOS DE NOMINA,#N/A,NO_CLIENTE,5004,Alto,0%,1,101,0,1,5328,530,0,40572,0,42,Familiares,Posgrado
2.01408E+16,161,Rechazada,PS1,Rechazado,MALO,0,,,,,0,PROPIEDAD ACTIVO FIJO,#N/A,NO_CLIENTE,57000,Alto,0%,0,101,0,0,3303,0,0,0,0,29,Hipoteca,Licenciatura
2.01408E+16,4866,Rechazada,PS1,Rechazado,MALO,0,,,,,0,RECIBOS DE NOMINA,#N/A,NO_CLIENTE,0,Alto,0%,0,101,0,0,0,0,0,0,0,58,Familiares,Licenciatura
2.01408E+16,131,Rechazada,PS1,Rechazado,MALO,0,,,,,0,RECIBOS DE NOMINA,#N/A,NO_CLIENTE,0,Alto,0%,0,101,0,0,0,0,0,0,0,50,Propia,Preparatoria
2.01408E+16,255,Rechazada,PS1,Rechazado,MALO,0,,,,,0,RECIBOS DE NOMINA,#N/A,NO_CLIENTE,0,Alto,0%,0,101,0,0,0,0,0,0,0,57,Renta,Licenciatura
2.01408E+16,943,Rechazada,PS1,Rechazado,MALO,0,,,,,0,RECIBOS DE NOMINA,#N/A,NO_CLIENTE,0,Alto,0%,1,101,0,0,0,0,0,0,0,32,Familiares,Posgrado
2.01408E+16,6450,Rechazada,PS1,Rechazado,MALO,0,,,,,0,RECIBOS DE NOMINA,#N/A,NO_CLIENTE,0,Alto,0%,0,101,0,0,0,0,0,0,0,36,Renta,Posgrado
2.01408E+16,7153,Rechazada,PS1,Rechazado,MALO,0,,,,,0,PROPIEDAD ACTIVO FIJO,#N/A,NO_CLIENTE,5500,Alto,0%,0,101,0,0,0,0,0,18042,0,43,Renta,Preparatoria
2.01408E+16,18,Rechazada,PS1,Rechazado,MALO,0,,,,,0,PROPIEDAD ACTIVO FIJO,#N/A,NO_CLIENTE,62100,Alto,0%,0,101,0,1,17563,370,0,0,0,29,Familiares,Preparatoria
2.01408E+16,773,Rechazada,PS1,Rechazado,MALO,0,,,,,0,RECIBOS DE NOMINA,#N/A,NO_CLIENTE,0,Alto,0%,2,101,0,0,0,0,0,0,0,47,Propia,Licenciatura
2.01408E+16,713,Rechazada,PS1,Rechazado,MALO,0,,,,,0,RECIBOS DE NOMINA,#N/A,NO_CLIENTE,9900,Alto,0%,0,101,0,0,3802,0,0,0,0,29,Propia,Licenciatura
2.01408E+16,4868,Rechazada,PS1,Rechazado,MALO,0,,,,,0,RECIBOS DE NOMINA,#N/A,NO_CLIENTE,0,Alto,0%,4,101,0,0,0,0,0,0,0,39,Propia,Preparatoria
2.01408E+16,4034,Rechazada,PS1,Rechazado,MALO,0,,,,,0,RECIBOS DE NOMINA,#N/A,NO_CLIENTE,68000,Alto,0%,3,101,0,0,53862,0,0,511600,0,29,Renta,Posgrado
2.01408E+16,680,Rechazada,PS1,Rechazado,MALO,0,,,,,0,RECIBOS DE NOMINA,#N/A,NO_CLIENTE,0,Alto,0%,3,101,0,0,0,0,0,0,0,44,Renta,Preparatoria
2.01408E+16,6594,Rechazada,PS1,Rechazado,MALO,0,,,,,0,PAGOS PROV SEMESTRALES PF,#N/A,NO_CLIENTE,0,Alto,0%,2,101,0,0,0,0,0,0,0,54,Familiares,Posgrado
2.01408E+16,4088,Rechazada,PS1,Rechazado,MALO,0,,,,,0,RECIBOS DE NOMINA,#N/A,NO_CLIENTE,0,Alto,0%,3,101,0,8,13760,13760,0,0,0,50,Familiares,Posgrado
2.01408E+16,455,Rechazada,PS1,Rechazado,MALO,0,,,,,0,RECIBOS DE NOMINA,#N/A,NO_CLIENTE,11000,Alto,0%,2,101,0,0,0,0,0,0,0,51,Familiares,Posgrado
2.01408E+16,6493,Rechazada,PS1,Rechazado,MALO,0,,,,,0,RECIBOS DE NOMINA,#N/A,NO_CLIENTE,0,Alto,0%,1,101,0,0,0,0,0,0,0,38,Renta,Preparatoria
2.01408E+16,104,Rechazada,PS1,Rechazado,MALO,0,,,,,0,PROPIEDAD ACTIVO FIJO,#N/A,NO_CLIENTE,0,Alto,0%,2,101,0,0,0,0,0,50718,0,41,Propia,Posgrado
2.01408E+16,21,Rechazada,PS1,Rechazado,MALO,0,,,,,0,RECIBOS DE NOMINA,#N/A,NO_CLIENTE,0,Alto,0%,3,101,0,0,0,0,0,0,0,48,Renta,Licenciatura
2.01408E+16,8164,Rechazada,PS1,Rechazado,MALO,0,,,,,0,PROPIEDAD ACTIVO FIJO,#N/A,NO_CLIENTE,0,Alto,0%,2,101,0,0,0,0,0,0,0,46,Renta,Preparatoria
2.01408E+16,8136,Rechazada,PS1,Rechazado,MALO,0,,,,,0,RECIBOS DE NOMINA,#N/A,NO_CLIENTE,0,Alto,0%,1,101,0,0,0,0,0,0,0,52,Hipoteca,Licenciatura
2.01408E+16,8122,Rechazada,PS1,Rechazado,MALO,0,,,,,0,PROPIEDAD ACTIVO FIJO,#N/A,NO_CLIENTE,0,Alto,0%,4,101,0,0,0,0,0,0,0,45,Familiares,Posgrado
2.01408E+16,9261,Rechazada,PS1,Rechazado,MALO,0,,,,,0,PROPIEDAD ACTIVO FIJO,#N/A,NO_CLIENTE,0,Alto,0%,3,101,0,0,0,0,0,62763,0,59,Familiares,Licenciatura
2.01408E+16,7769,Rechazada,PS1,Rechazado,MALO,0,,,,,0,RECIBOS DE NOMINA,#N/A,NO_CLIENTE,4000,Alto,0%,2,101,0,0,0,0,0,0,0,49,Renta,Posgrado
2.01408E+16,7628,Rechazada,PS1,Rechazado,MALO,0,,,,,0,PROPIEDAD ACTIVO FIJO,#N/A,NO_CLIENTE,68004,Alto,0%,3,101,0,1,32170,1730,0,163023,0,52,Hipoteca,Licenciatura
2.01408E+16,8151,Rechazada,PS1,Rechazado,MALO,0,,,,,0,PROPIEDAD ACTIVO FIJO,#N/A,NO_CLIENTE,341000,Alto,0%,4,101,0,1,187878,9900,0,0,0,57,Familiares,Licenciatura
2.01408E+16,88,Rechazada,PS1,Rechazado,MALO,0,,,,,0,RECIBOS DE NOMINA,#N/A,NO_CLIENTE,0,Alto,0%,3,101,0,0,0,0,0,0,0,40,Familiares,Preparatoria
2.01408E+16,901,Rechazada,PS1,Rechazado,MALO,0,,,,,0,PROPIEDAD ACTIVO FIJO,#N/A,NO_CLIENTE,0,Alto,0%,3,101,0,0,0,0,0,46832,0,32,Hipoteca,Posgrado
2.01408E+16,4392,Rechazada,PS1,Rechazado,MALO,0,,,,,0,RECIBOS DE NOMINA,#N/A,NO_CLIENTE,0,Alto,0%,2,101,0,0,0,0,0,0,0,55,Renta,Posgrado
2.01408E+16,4602,Rechazada,PS1,Rechazado,MALO,0,,,,,0,PROPIEDAD ACTIVO FIJO,#N/A,NO_CLIENTE,0,Alto,0%,3,101,0,0,0,0,0,0,0,46,Hipoteca,Licenciatura
2.01408E+16,462,Rechazada,PS1,Rechazado,MALO,0,,,,,0,RECIBOS DE NOMINA,#N/A,NO_CLIENTE,0,Alto,0%,2,101,0,0,0,0,0,0,0,37,Propia,Licenciatura
2.01408E+16,189,Rechazada,PS1,Rechazado,MALO,0,,,,,0,RECIBOS DE NOMINA,#N/A,NO_CLIENTE,0,Alto,0%,1,101,0,0,0,0,0,0,0,36,Hipoteca,Licenciatura
2.01408E+16,205,Rechazada,PS1,Rechazado,MALO,0,,,,,0,INVERSIONES,#N/A,NO_CLIENTE,0,Alto,0%,2,101,0,0,0,0,0,36856,0,50,Familiares,Licenciatura
2.01408E+16,6482,Rechazada,PS1,Rechazado,MALO,0,,,,,0,RECIBOS DE NOMINA,#N/A,NO_CLIENTE,0,Alto,0%,3,101,0,0,0,0,0,0,0,43,Renta,Posgrado
2.01408E+16,7347,Rechazada,PS1,Rechazado,MALO,0,,,,,0,RECIBOS DE NOMINA,#N/A,NO_CLIENTE,0,Alto,0%,2,101,0,0,0,0,0,0,0,58,Propia,Licenciatura
2.01408E+16,113,Rechazada,PS1,Rechazado,MALO,0,,,,,0,PROPIEDAD ACTIVO FIJO,#N/A,NO_CLIENTE,0,Alto,0%,1,101,0,0,0,0,0,0,0,47,Familiares,Posgrado
2.01408E+16,382,Rechazada,PS1,Rechazado,MALO,0,,,,,0,RECIBOS DE NOMINA,#N/A,NO_CLIENTE,0,Alto,0%,4,101,0,0,0,0,0,0,0,33,Familiares,Licenciatura
2.01408E+16,4725,Rechazada,PS1,Rechazado,MALO,0,,,,,0,PROPIEDAD ACTIVO FIJO,#N/A,NO_CLIENTE,0,Alto,0%,3,101,0,0,0,0,0,0,0,57,Familiares,Licenciatura
2.01408E+16,487,Rechazada,PS1,Rechazado,MALO,0,,,,,0,RECIBOS DE NOMINA,#N/A,NO_CLIENTE,15,Alto,0%,2,101,0,0,0,0,0,0,0,25,Propia,Posgrado
2.01408E+16,916,Rechazada,PS1,Rechazado,MALO,0,,,,,0,RECIBOS DE NOMINA,#N/A,NO_CLIENTE,0,Alto,0%,1,101,0,0,0,0,0,3755,0,40,Hipoteca,Preparatoria
2.01408E+16,110,Rechazada,PS1,Rechazado,MALO,0,,,,,0,PROPIEDAD ACTIVO FIJO,#N/A,NO_CLIENTE,107200,Alto,0%,0,101,0,1,7054,640,0,0,0,41,Propia,Preparatoria
2.01408E+16,736,Rechazada,PS1,Rechazado,MALO,0,,,,,0,RECIBOS DE NOMINA,#N/A,NO_CLIENTE,0,Alto,0%,1,101,0,0,0,0,0,0,0,39,Propia,Posgrado
2.01408E+16,4082,Rechazada,PS1,Rechazado,MALO,0,,,,,0,RECIBOS DE NOMINA,#N/A,NO_CLIENTE,0,Alto,0%,0,101,0,0,0,0,0,0,0,30,Familiares,Posgrado
2.01408E+16,670,Rechazada,PS1,Rechazado,MALO,0,,,,,0,INVERSIONES,#N/A,NO_CLIENTE,0,Alto,0%,0,101,0,0,0,0,0,0,0,26,Hipoteca,Licenciatura
2.01408E+16,4118,Rechazada,PS1,Rechazado,MALO,0,,,,,0,RECIBOS DE NOMINA,#N/A,NO_CLIENTE,0,Alto,0%,1,101,0,0,0,0,0,0,0,30,Propia,Licenciatura
2.01408E+16,85,Rechazada,PS1,Rechazado,MALO,0,,,,,0,RECIBOS DE NOMINA,#N/A,NO_CLIENTE,75000,Alto,0%,0,101,0,1,23628,940,0,294301,0,49,Propia,Posgrado
2.01408E+16,104,Rechazada,PS1,Rechazado,MALO,0,,,,,0,RECIBOS DE NOMINA,#N/A,NO_CLIENTE,0,Alto,0%,0,101,0,0,0,0,0,0,0,25,Propia,Preparatoria
2.01408E+16,457,Rechazada,PS1,Rechazado,MALO,0,,,,,0,RECIBOS DE NOMINA,#N/A,NO_CLIENTE,0,Alto,0%,0,101,0,0,0,0,0,0,0,60,Renta,Posgrado
2.01408E+16,45,Rechazada,PS1,Rechazado,MALO,0,,,,,0,RECIBOS DE NOMINA,#N/A,NO_CLIENTE,0,Alto,0%,2,101,0,0,0,0,0,0,0,41,Propia,Preparatoria
2.01408E+16,4482,Rechazada,PS1,Rechazado,MALO,0,,,,,0,PROPIEDAD ACTIVO FIJO,#N/A,NO_CLIENTE,0,Alto,0%,0,101,0,0,0,0,0,0,0,60,Propia,Posgrado
2.01408E+16,6561,Rechazada,PS1,Rechazado,MALO,0,,,,,0,RECIBOS DE NOMINA,#N/A,NO_CLIENTE,0,Alto,0%,0,101,0,0,0,0,0,0,0,55,Hipoteca,Posgrado
2.01408E+16,404,Rechazada,PS1,Rechazado,MALO,0,,,,,0,RECIBOS DE NOMINA,#N/A,NO_CLIENTE,0,Alto,0%,1,101,0,8,63186,63186,0,0,0,50,Renta,Posgrado
2.01408E+16,7718,En_proceso,CN0,Rechazado,MALO,0,,,,,0,INVERSIONES,Alto B,NO_CLIENTE,0,Alto,0%,0,101,0,0,0,0,0,0,0,50,Renta,Preparatoria
2.01406E+16,6579,Rechazada,CN0,Rechazado,MALO,0,,,,,0,RECIBOS DE NOMINA,Medio B,NO_CLIENTE,0,Alto,0%,0,101,0,0,0,0,0,0,0,37,Renta,Preparatoria
2.01407E+16,7794,En_proceso,CN0,Rechazado,MALO,0,,,,,0,INVERSIONES,Medio D,NO_CLIENTE,0,Alto,0%,0,101,0,0,0,0,0,0,0,57,Renta,Posgrado
2.01408E+16,7622,Rechazada,CN0,Rechazado,MALO,0,,,,,0,INVERSIONES,Alto C,NO_CLIENTE,0,Alto,0%,2,101,0,0,0,0,0,0,0,27,Propia,Preparatoria
2.01407E+16,7879,En_proceso,CN0,Rechazado,MALO,0,,,,,0,INVERSIONES,Medio B,NO_CLIENTE,0,Alto,0%,0,101,0,0,0,0,0,0,0,53,Renta,Preparatoria
2.01406E+16,4883,Rechazada,CN0,Rechazado,MALO,0,,,,,0,RECIBOS DE NOMINA,Medio B,NO_CLIENTE,0,Alto,0%,0,101,0,0,0,0,0,0,0,48,Hipoteca,Licenciatura
2.01408E+16,7788,Pendiente,PS1,Pre-Aprobado,MALO,1,,,,,0,RECIBOS DE NOMINA,#N/A,NO_CLIENTE,0,Alto,0%,1,110,0,0,0,0,0,0,0,57,Renta,Preparatoria
2.01408E+16,7768,Pendiente,PS1,Pre-Aprobado,MALO,1,,,,,0,PROPIEDAD ACTIVO FIJO,#N/A,NO_CLIENTE,0,Alto,0%,0,110,0,0,0,0,0,0,0,45,Hipoteca,Preparatoria
2.01408E+16,7589,Pendiente,PS1,Pre-Aprobado,MALO,1,,,,,0,RECIBOS DE NOMINA,#N/A,NO_CLIENTE,0,Alto,0%,0,110,0,0,0,0,0,0,0,48,Hipoteca,Licenciatura
2.01408E+16,9175,Pendiente,PS1,Pre-Aprobado,MALO,1,,,,,0,RECIBOS DE NOMINA,#N/A,NO_CLIENTE,5000,Alto,0%,1,110,0,0,0,0,0,0,0,36,Renta,Posgrado
2.01408E+16,7991,Pendiente,PS1,Pre-Aprobado,MALO,1,,,,,0,PROPIEDAD ACTIVO FIJO,#N/A,NO_CLIENTE,0,Alto,0%,0,111,0,0,0,0,0,0,0,29,Renta,Licenciatura
2.01408E+16,7746,Pendiente,PS1,Pre-Aprobado,MALO,1,,,,,0,RECIBOS DE NOMINA,#N/A,NO_CLIENTE,0,Alto,0%,0,111,0,0,0,0,0,0,0,48,Hipoteca,Preparatoria
2.01408E+16,7621,Pendiente,PS1,Pre-Aprobado,MALO,1,,,,,0,PROPIEDAD ACTIVO FIJO,#N/A,NO_CLIENTE,0,Alto,0%,1,111,0,0,0,0,0,0,0,47,Propia,Licenciatura
2.01408E+16,7772,Pendiente,PS1,Pre-Aprobado,MALO,1,,,,,0,PROPIEDAD ACTIVO FIJO,#N/A,NO_CLIENTE,0,Alto,0%,0,111,0,0,0,0,0,38103,0,51,Renta,Licenciatura
2.01408E+16,9175,Pendiente,PS1,Pre-Aprobado,MALO,1,,,,,0,PROPIEDAD ACTIVO FIJO,#N/A,NO_CLIENTE,0,Alto,0%,0,120,0,0,0,0,0,0,0,38,Renta,Posgrado
2.01408E+16,9243,Pendiente,PS1,Pre-Aprobado,MALO,1,,,,,0,RECIBOS DE NOMINA,#N/A,NO_CLIENTE,0,Alto,0%,1,120,0,0,0,0,0,0,0,59,Familiares,Preparatoria
2.01408E+16,9209,Pendiente,PS1,Pre-Aprobado,MALO,1,,,,,0,RECIBOS DE NOMINA,#N/A,NO_CLIENTE,0,Alto,0%,0,120,0,0,0,0,0,0,0,41,Hipoteca,Posgrado
2.01408E+16,9243,Pendiente,PS1,Pre-Aprobado,MALO,1,,,,,0,RECIBOS DE NOMINA,#N/A,NO_CLIENTE,0,Alto,0%,0,120,0,0,0,0,0,0,0,58,Propia,Preparatoria
2.01408E+16,7795,Pendiente,PS1,Pre-Aprobado,MALO,1,,,,,0,PROPIEDAD ACTIVO FIJO,#N/A,NO_CLIENTE,7000,Alto,0%,1,120,0,1,2507,250,0,0,0,32,Propia,Posgrado
2.01408E+16,9243,Pendiente,PS1,Pre-Aprobado,MALO,1,,,,,0,RECIBOS DE NOMINA,#N/A,NO_CLIENTE,0,Alto,0%,0,120,0,0,0,0,0,0,0,43,Renta,Preparatoria
2.01408E+16,9211,Pendiente,PS1,Pre-Aprobado,MALO,1,,,,,0,PROPIEDAD ACTIVO FIJO,#N/A,NO_CLIENTE,0,Alto,0%,0,120,0,0,0,0,0,0,0,40,Hipoteca,Licenciatura
2.01408E+16,9243,Pendiente,PS1,Pre-Aprobado,MALO,1,,,,,0,RECIBOS DE NOMINA,#N/A,NO_CLIENTE,0,Alto,0%,3,120,0,0,0,0,0,0,0,32,Renta,Preparatoria
2.01408E+16,9243,Pendiente,PS1,Pre-Aprobado,MALO,1,,,,,0,RECIBOS DE NOMINA,#N/A,NO_CLIENTE,0,Alto,0%,0,120,0,0,0,0,0,0,0,45,Familiares,Licenciatura
2.01408E+16,7790,Pendiente,PS1,Pre-Aprobado,MALO,1,,,,,0,RECIBOS DE NOMINA,#N/A,NO_CLIENTE,0,Alto,0%,0,120,0,0,0,0,0,0,0,52,Hipoteca,Licenciatura
2.01408E+16,7918,Pendiente,PS1,Pre-Aprobado,MALO,1,,,,,0,RECIBOS DE NOMINA,#N/A,NO_CLIENTE,6000,Alto,0%,0,120,0,1,3439,250,0,0,0,40,Propia,Posgrado
2.01408E+16,9211,Pendiente,PS1,Pre-Aprobado,MALO,1,,,,,0,PROPIEDAD ACTIVO FIJO,#N/A,NO_CLIENTE,0,Alto,0%,1,120,0,0,0,0,0,0,0,32,Renta,Licenciatura
2.01408E+16,8151,Pendiente,PS1,Pre-Aprobado,MALO,1,,,,,0,RECIBOS DE NOMINA,#N/A,NO_CLIENTE,0,Alto,0%,0,120,0,0,0,0,0,0,0,34,Hipoteca,Preparatoria
2.01408E+16,7795,Pendiente,PS1,Pre-Aprobado,MALO,1,,,,,0,PROPIEDAD ACTIVO FIJO,#N/A,NO_CLIENTE,10000,Alto,0%,0,120,0,0,0,0,0,0,0,27,Hipoteca,Posgrado
2.01408E+16,7746,Pendiente,PS1,Pre-Aprobado,MALO,1,,,,,0,RECIBOS DE NOMINA,#N/A,NO_CLIENTE,0,Alto,0%,2,120,0,0,0,0,0,0,0,46,Propia,Licenciatura
2.01408E+16,7790,Pendiente,PS1,Pre-Aprobado,MALO,1,,,,,0,RECIBOS DE NOMINA,#N/A,NO_CLIENTE,0,Alto,0%,0,120,0,0,0,0,0,0,0,38,Familiares,Licenciatura
2.01408E+16,7746,Pendiente,PS1,Pre-Aprobado,MALO,1,,,,,0,RECIBOS DE NOMINA,#N/A,NO_CLIENTE,0,Alto,0%,0,120,0,0,0,0,0,0,0,27,Renta,Preparatoria
2.01408E+16,9209,Pendiente,PS1,Pre-Aprobado,MALO,1,,,,,0,RECIBOS DE NOMINA,#N/A,NO_CLIENTE,0,Alto,0%,1,120,0,0,0,0,0,0,0,56,Hipoteca,Posgrado
2.01408E+16,9175,Pendiente,PS1,Pre-Aprobado,MALO,1,,,,,0,RECIBOS DE NOMINA,#N/A,NO_CLIENTE,0,Alto,0%,0,120,0,0,0,0,0,0,0,51,Hipoteca,Preparatoria
2.01408E+16,9175,Pendiente,PS1,Pre-Aprobado,MALO,1,,,,,0,RECIBOS DE NOMINA,#N/A,NO_CLIENTE,0,Alto,0%,0,120,0,0,0,0,0,0,0,60,Renta,Preparatoria
2.01408E+16,7660,Pendiente,PS1,Pre-Aprobado,MALO,1,,,,,0,PROPIEDAD ACTIVO FIJO,#N/A,NO_CLIENTE,0,Alto,0%,1,120,0,0,0,0,0,0,0,59,Propia,Preparatoria
2.01408E+16,7687,Pendiente,PS1,Pre-Aprobado,MALO,1,,,,,0,RECIBOS DE NOMINA,#N/A,NO_CLIENTE,0,Alto,0%,0,120,0,0,0,0,0,0,0,28,Renta,Posgrado
2.01408E+16,8131,Pendiente,PS1,Pre-Aprobado,MALO,1,,,,,0,PROPIEDAD ACTIVO FIJO,#N/A,NO_CLIENTE,0,Alto,0%,0,120,0,0,0,0,0,0,0,57,Familiares,Licenciatura
2.01408E+16,7660,Pendiente,PS1,Pre-Aprobado,MALO,1,,,,,0,PROPIEDAD ACTIVO FIJO,#N/A,NO_CLIENTE,0,Alto,0%,1,120,0,0,0,0,0,0,0,50,Familiares,Posgrado
2.01408E+16,7769,Pendiente,PS1,Pre-Aprobado,MALO,1,,,,,0,RECIBOS DE NOMINA,#N/A,NO_CLIENTE,0,Alto,0%,0,120,0,0,0,0,0,0,0,36,Renta,Licenciatura
2.01408E+16,9209,Pendiente,PS1,Pre-Aprobado,MALO,1,,,,,0,RECIBOS DE NOMINA,#N/A,NO_CLIENTE,0,Alto,0%,0,120,0,0,0,0,0,0,0,35,Familiares,Licenciatura
2.01408E+16,8151,Pendiente,PS1,Pre-Aprobado,MALO,1,,,,,0,RECIBOS DE NOMINA,#N/A,NO_CLIENTE,0,Alto,0%,0,120,0,0,0,0,0,0,0,26,Familiares,Licenciatura
2.01408E+16,7720,Pendiente,PS1,Pre-Aprobado,MALO,1,,,,,0,PROPIEDAD ACTIVO FIJO,#N/A,NO_CLIENTE,0,Alto,0%,1,120,0,0,0,0,0,0,0,34,Hipoteca,Posgrado
2.01408E+16,8164,Pendiente,PS1,Pre-Aprobado,MALO,1,,,,,0,PROPIEDAD ACTIVO FIJO,#N/A,NO_CLIENTE,0,Alto,0%,0,120,0,0,0,0,0,0,0,39,Familiares,Licenciatura
2.01408E+16,4164,Pendiente,PS1,Pre-Aprobado,MALO,1,,,,,0,PROPIEDAD ACTIVO FIJO,#N/A,NO_CLIENTE,0,Alto,0%,0,120,0,0,0,0,0,0,0,41,Familiares,Preparatoria
2.01408E+16,8117,Pendiente,PS1,Pre-Aprobado,MALO,1,,,,,0,RECIBOS DE NOMINA,#N/A,NO_CLIENTE,0,Alto,0%,0,120,0,0,0,0,0,0,0,50,Familiares,Posgrado
2.01408E+16,9261,Pendiente,PS1,Pre-Aprobado,MALO,1,,,,,0,PROPIEDAD ACTIVO FIJO,#N/A,NO_CLIENTE,0,Alto,0%,2,120,0,0,0,0,0,0,0,30,Renta,Posgrado
2.01408E+16,7772,Pendiente,PS1,Pre-Aprobado,MALO,1,,,,,0,PROPIEDAD ACTIVO FIJO,#N/A,NO_CLIENTE,0,Alto,0%,0,120,0,0,0,0,0,0,0,49,Renta,Licenciatura
2.01408E+16,7788,Pendiente,PS1,Pre-Aprobado,MALO,1,,,,,0,RECIBOS DE NOMINA,#N/A,NO_CLIENTE,0,Alto,0%,0,120,0,0,0,0,0,0,0,57,Familiares,Posgrado
2.01408E+16,7791,Pendiente,PS1,Pre-Aprobado,MALO,1,,,,,0,RECIBOS DE NOMINA,#N/A,NO_CLIENTE,0,Alto,0%,0,120,0,0,0,0,0,0,0,52,Renta,Preparatoria
2.01408E+16,5234,Pendiente,PS1,Pre-Aprobado,MALO,1,,,,,0,PROPIEDAD ACTIVO FIJO,#N/A,NO_CLIENTE,0,Alto,0%,1,120,0,0,0,0,0,2040,0,29,Hipoteca,Licenciatura
2.01408E+16,7799,Pendiente,PS1,Pre-Aprobado,MALO,1,,,,,0,RECIBOS DE NOMINA,#N/A,NO_CLIENTE,0,Alto,0%,0,121,0,0,0,0,0,0,0,46,Renta,Posgrado
2.01408E+16,8128,Pendiente,PS1,Pre-Aprobado,MALO,1,,,,,0,PROPIEDAD ACTIVO FIJO,#N/A,NO_CLIENTE,0,Alto,0%,0,121,0,0,0,0,0,0,0,33,Propia,Licenciatura
2.01408E+16,8128,Pendiente,PS1,Pre-Aprobado,MALO,1,,,,,0,RECIBOS DE NOMINA,#N/A,NO_CLIENTE,0,Alto,0%,0,121,0,0,0,0,0,0,0,55,Propia,Preparatoria
2.01408E+16,7620,Pendiente,PS1,Pre-Aprobado,MALO,1,,,,,0,RECIBOS DE NOMINA,#N/A,NO_CLIENTE,0,Alto,0%,1,121,0,0,0,0,0,0,0,48,Hipoteca,Preparatoria
2.01408E+16,7660,Pendiente,PS1,Pre-Aprobado,MALO,1,,,,,0,PROPIEDAD ACTIVO FIJO,#N/A,NO_CLIENTE,0,Alto,0%,0,121,0,0,0,0,0,0,0,53,Propia,Posgrado
2.01408E+16,8147,Pendiente,PS1,Pre-Aprobado,MALO,1,,,,,0,RECIBOS DE NOMINA,#N/A,NO_CLIENTE,0,Alto,0%,0,121,0,0,0,0,0,0,0,42,Renta,Licenciatura
2.01408E+16,7772,Pendiente,PS1,Pre-Aprobado,MALO,1,,,,,0,PROPIEDAD ACTIVO FIJO,#N/A,NO_CLIENTE,0,Alto,0%,0,121,0,0,0,0,0,0,0,51,Propia,Posgrado
2.01408E+16,7769,Pendiente,PS1,Pre-Aprobado,MALO,1,,,,,0,RECIBOS DE NOMINA,#N/A,NO_CLIENTE,0,Alto,0%,0,121,0,0,0,0,0,0,0,29,Hipoteca,Preparatoria
2.01408E+16,9175,Pendiente,PS1,Pre-Aprobado,MALO,1,,,,,0,PROPIEDAD ACTIVO FIJO,#N/A,NO_CLIENTE,0,Alto,0%,1,122,0,0,0,0,0,0,0,51,Hipoteca,Preparatoria
2.01408E+16,9209,Pendiente,PS1,Pre-Aprobado,MALO,1,,,,,0,RECIBOS DE NOMINA,#N/A,NO_CLIENTE,0,Alto,0%,0,122,0,0,0,0,0,0,0,54,Familiares,Licenciatura
2.01408E+16,8121,Pendiente,PS1,Pre-Aprobado,MALO,1,,,,,0,PROPIEDAD ACTIVO FIJO,#N/A,NO_CLIENTE,0,Alto,0%,0,122,0,0,0,0,0,0,0,27,Renta,Preparatoria
2.01408E+16,7681,Pendiente,PS1,Pre-Aprobado,MALO,1,,,,,0,PROPIEDAD ACTIVO FIJO,#N/A,NO_CLIENTE,0,Alto,0%,0,122,0,0,0,0,0,0,0,30,Hipoteca,Licenciatura
2.01408E+16,8151,Pendiente,PS1,Pre-Aprobado,MALO,1,,,,,0,RECIBOS DE NOMINA,#N/A,NO_CLIENTE,0,Alto,0%,0,123,0,0,0,0,0,0,0,60,Hipoteca,Licenciatura
2.01408E+16,7624,Pendiente,PS1,Pre-Aprobado,MALO,1,,,,,0,RECIBOS DE NOMINA,#N/A,NO_CLIENTE,0,Alto,0%,1,123,0,0,0,0,0,0,0,40,Hipoteca,Posgrado
2.01408E+16,9209,Pendiente,PS1,Pre-Aprobado,MALO,1,,,,,0,RECIBOS DE NOMINA,#N/A,NO_CLIENTE,0,Alto,0%,0,123,0,0,0,0,0,0,0,33,Renta,Posgrado
2.01408E+16,9037,Pendiente,PS1,Pre-Aprobado,MALO,1,,,,,0,RECIBOS DE NOMINA,#N/A,NO_CLIENTE,0,Alto,0%,0,123,0,0,0,0,0,0,0,38,Renta,Preparatoria
2.01408E+16,9209,Pendiente,PS1,Pre-Aprobado,MALO,1,,,,,0,RECIBOS DE NOMINA,#N/A,NO_CLIENTE,0,Alto,0%,0,123,0,0,0,0,0,0,0,54,Renta,Posgrado
2.01408E+16,7799,Pendiente,PS1,Pre-Aprobado,MALO,1,,,,,0,RECIBOS DE NOMINA,#N/A,NO_CLIENTE,0,Alto,0%,2,123,0,0,0,0,0,0,0,43,Hipoteca,Posgrado
2.01408E+16,9037,Pendiente,PS1,Pre-Aprobado,MALO,1,,,,,0,RECIBOS DE NOMINA,#N/A,NO_CLIENTE,0,Alto,0%,0,123,0,0,0,0,0,0,0,38,Hipoteca,Posgrado
2.01408E+16,7790,Pendiente,PS1,Pre-Aprobado,MALO,1,,,,,0,RECIBOS DE NOMINA,#N/A,NO_CLIENTE,0,Alto,0%,0,123,0,0,0,0,0,0,0,27,Propia,Licenciatura
2.01408E+16,7712,Pendiente,PS1,Pre-Aprobado,MALO,1,,,,,0,RECIBOS DE NOMINA,#N/A,NO_CLIENTE,0,Alto,0%,4,123,0,0,0,0,0,0,0,42,Familiares,Posgrado
2.01408E+16,7772,Pendiente,PS1,Pre-Aprobado,MALO,1,,,,,0,PROPIEDAD ACTIVO FIJO,#N/A,NO_CLIENTE,0,Alto,0%,3,123,0,0,0,0,0,0,0,57,Renta,Preparatoria
2.01408E+16,7830,Pendiente,PS1,Pre-Aprobado,MALO,1,,,,,0,PROPIEDAD ACTIVO FIJO,#N/A,NO_CLIENTE,0,Alto,0%,3,123,0,0,0,0,0,0,0,51,Hipoteca,Preparatoria
2.01408E+16,7993,Pendiente,PS1,Pre-Aprobado,MALO,1,,,,,0,PROPIEDAD ACTIVO FIJO,#N/A,NO_CLIENTE,17000,Alto,0%,2,123,0,0,4908,0,0,36027,0,33,Renta,Preparatoria
2.01408E+16,7681,Pendiente,PS1,Pre-Aprobado,MALO,1,,,,,0,PROPIEDAD ACTIVO FIJO,#N/A,NO_CLIENTE,0,Alto,0%,3,123,0,0,0,0,0,0,0,60,Propia,Licenciatura
2.01408E+16,7796,Pendiente,PS1,Pre-Aprobado,MALO,1,,,,,0,RECIBOS DE NOMINA,#N/A,NO_CLIENTE,47000,Alto,0%,2,123,0,1,37877,1880,0,0,0,48,Familiares,Preparatoria
2.01408E+16,7588,Pendiente,PS1,Pre-Aprobado,MALO,1,,,,,0,RECIBOS DE NOMINA,#N/A,NO_CLIENTE,0,Alto,0%,1,123,0,0,0,0,0,0,0,55,Renta,Posgrado
2.01408E+16,8151,Pendiente,PS1,Pre-Aprobado,MALO,1,,,,,0,RECIBOS DE NOMINA,#N/A,NO_CLIENTE,0,Alto,0%,2,123,0,0,0,0,0,0,0,60,Familiares,Licenciatura
2.01408E+16,9037,Pendiente,PS1,Pre-Aprobado,MALO,1,,,,,0,RECIBOS DE NOMINA,#N/A,NO_CLIENTE,0,Alto,0%,3,124,0,0,0,0,0,0,0,53,Propia,Licenciatura
2.01408E+16,9243,Pendiente,PS1,Pre-Aprobado,MALO,1,,,,,0,RECIBOS DE NOMINA,#N/A,NO_CLIENTE,0,Alto,0%,2,124,0,0,0,0,0,0,0,45,Hipoteca,Licenciatura
2.01408E+16,7746,Pendiente,PS1,Pre-Aprobado,MALO,1,,,,,0,RECIBOS DE NOMINA,#N/A,NO_CLIENTE,4000,Alto,0%,1,124,0,1,2667,250,0,0,0,51,Propia,Preparatoria
2.01408E+16,8151,Pendiente,PS1,Pre-Aprobado,MALO,1,,,,,0,RECIBOS DE NOMINA,#N/A,NO_CLIENTE,0,Alto,0%,4,124,0,0,0,0,0,0,0,39,Hipoteca,Preparatoria
2.01408E+16,7770,Pendiente,PS1,Pre-Aprobado,MALO,1,,,,,0,RECIBOS DE NOMINA,#N/A,NO_CLIENTE,0,Alto,0%,3,124,0,0,0,0,0,0,0,48,Hipoteca,Preparatoria
2.01408E+16,7790,Pendiente,PS1,Pre-Aprobado,MALO,1,,,,,0,RECIBOS DE NOMINA,#N/A,NO_CLIENTE,0,Alto,0%,2,124,0,0,0,0,0,0,0,39,Propia,Licenciatura
2.01408E+16,8155,Pendiente,PS1,Pre-Aprobado,MALO,1,,,,,0,RECIBOS DE NOMINA,#N/A,NO_CLIENTE,0,Alto,0%,3,124,0,0,0,0,0,0,0,48,Propia,Preparatoria
2.01408E+16,7714,Pendiente,PS1,Pre-Aprobado,MALO,1,,,,,0,RECIBOS DE NOMINA,#N/A,NO_CLIENTE,0,Alto,0%,4,124,0,0,0,0,0,0,0,58,Familiares,Licenciatura
2.01408E+16,7795,Pendiente,PS1,Pre-Aprobado,MALO,1,,,,,0,PROPIEDAD ACTIVO FIJO,#N/A,NO_CLIENTE,0,Alto,0%,3,124,0,0,0,0,0,0,0,50,Familiares,Licenciatura
2.01408E+16,9243,Pendiente,PS1,Pre-Aprobado,MALO,1,,,,,0,RECIBOS DE NOMINA,#N/A,NO_CLIENTE,0,Alto,0%,3,124,0,0,0,0,0,0,0,47,Renta,Preparatoria
2.01408E+16,7830,Pendiente,PS1,Pre-Aprobado,MALO,1,,,,,0,PROPIEDAD ACTIVO FIJO,#N/A,NO_CLIENTE,0,Alto,0%,2,124,0,0,0,0,0,0,0,42,Propia,Preparatoria
2.01408E+16,7811,Pendiente,PS1,Pre-Aprobado,MALO,1,,,,,0,PROPIEDAD ACTIVO FIJO,#N/A,NO_CLIENTE,0,Alto,0%,3,124,0,0,0,0,0,0,0,31,Propia,Licenciatura
2.01408E+16,141,Pendiente,PS1,Pre-Aprobado,MALO,1,,,,,0,PROPIEDAD ACTIVO FIJO,#N/A,NO_CLIENTE,40004,Alto,0%,2,124,0,1,23287,620,0,0,0,27,Hipoteca,Licenciatura
2.01408E+16,12118,Pendiente,PS1,Pre-Aprobado,MALO,1,,,,,0,PROPIEDAD ACTIVO FIJO,#N/A,NO_CLIENTE,183500,Alto,0%,1,124,0,0,7768,0,0,15326,0,44,Renta,Licenciatura
2.01408E+16,7660,Pendiente,PS1,Pre-Aprobado,MALO,1,,,,,0,PROPIEDAD ACTIVO FIJO,#N/A,NO_CLIENTE,0,Alto,0%,2,124,0,0,0,0,0,0,0,30,Hipoteca,Preparatoria
2.01408E+16,9172,Pendiente,PS1,Pre-Aprobado,MALO,1,,,,,0,RECIBOS DE NOMINA,#N/A,NO_CLIENTE,0,Alto,0%,3,124,0,0,0,0,0,0,0,60,Hipoteca,Preparatoria
2.01408E+16,7720,Pendiente,PS1,Pre-Aprobado,MALO,1,,,,,0,PROPIEDAD ACTIVO FIJO,#N/A,NO_CLIENTE,0,Alto,0%,2,124,0,0,0,0,0,0,0,45,Propia,Posgrado
2.01408E+16,8151,Pendiente,PS1,Pre-Aprobado,MALO,1,,,,,0,RECIBOS DE NOMINA,#N/A,NO_CLIENTE,0,Alto,0%,1,124,0,0,0,0,0,0,0,29,Hipoteca,Licenciatura
2.01407E+16,9160,Pendiente,PS1,Pre-Aprobado,MALO,1,,,,,0,RECIBOS DE NOMINA,#N/A,NO_CLIENTE,0,Alto,0%,4,124,0,0,0,0,0,0,0,57,Hipoteca,Preparatoria
2.01407E+16,7735,Pendiente,PS1,Pre-Aprobado,MALO,1,,,,,0,INVERSIONES,#N/A,NO_CLIENTE,0,Alto,0%,3,124,0,0,0,0,0,0,0,52,Familiares,Preparatoria
2.01408E+16,9209,Pendiente,PS1,Pre-Aprobado,MALO,1,,,,,0,RECIBOS DE NOMINA,#N/A,NO_CLIENTE,0,Alto,0%,2,124,0,0,0,0,0,0,0,25,Propia,Posgrado
2.01408E+16,9211,Pendiente,PS1,Pre-Aprobado,MALO,1,,,,,0,PROPIEDAD ACTIVO FIJO,#N/A,NO_CLIENTE,0,Alto,0%,1,124,0,0,0,0,0,0,0,45,Hipoteca,Posgrado
2.01408E+16,9175,Pendiente,PS1,Pre-Aprobado,MALO,1,,,,,0,PROPIEDAD ACTIVO FIJO,#N/A,NO_CLIENTE,0,Alto,0%,0,124,0,0,0,0,0,0,0,56,Familiares,Preparatoria
2.01408E+16,7799,Pendiente,PS1,Pre-Aprobado,MALO,1,,,,,0,RECIBOS DE NOMINA,#N/A,NO_CLIENTE,0,Alto,0%,1,125,0,0,0,0,0,0,0,56,Familiares,Posgrado
2.01408E+16,7799,Pendiente,PS1,Pre-Aprobado,MALO,1,,,,,0,RECIBOS DE NOMINA,#N/A,NO_CLIENTE,0,Alto,0%,0,125,0,0,0,0,0,0,0,30,Hipoteca,Preparatoria
2.01408E+16,9211,Pendiente,PS1,Pre-Aprobado,MALO,1,,,,,0,PROPIEDAD ACTIVO FIJO,#N/A,NO_CLIENTE,0,Alto,0%,0,125,0,0,0,0,0,0,0,54,Familiares,Licenciatura
2.01408E+16,7804,Pendiente,PS1,Pre-Aprobado,MALO,1,,,,,0,PROPIEDAD ACTIVO FIJO,#N/A,NO_CLIENTE,0,Alto,0%,1,125,0,0,0,0,0,0,0,35,Hipoteca,Posgrado
2.01408E+16,7684,Pendiente,PS1,Pre-Aprobado,MALO,1,,,,,0,RECIBOS DE NOMINA,#N/A,NO_CLIENTE,0,Alto,0%,0,125,0,0,0,0,0,0,0,57,Familiares,Posgrado
2.01408E+16,7625,Pendiente,PS1,Pre-Aprobado,MALO,1,,,,,0,RECIBOS DE NOMINA,#N/A,NO_CLIENTE,0,Alto,0%,0,125,0,0,0,0,0,0,0,31,Propia,Posgrado
2.01407E+16,11704,Pendiente,PS1,Pre-Aprobado,MALO,1,,,,,0,RECIBOS DE NOMINA,#N/A,NO_CLIENTE,0,Alto,0%,0,125,0,0,0,0,0,0,0,32,Familiares,Licenciatura
2.01407E+16,7795,Pendiente,PS1,Pre-Aprobado,MALO,1,,,,,0,INVERSIONES,#N/A,NO_CLIENTE,0,Alto,0%,2,125,0,0,0,0,0,0,0,56,Familiares,Preparatoria
2.01408E+16,7865,Pendiente,PS1,Pre-Aprobado,MALO,1,,,,,0,PROPIEDAD ACTIVO FIJO,#N/A,NO_CLIENTE,0,Alto,0%,0,125,0,0,0,0,0,0,0,29,Hipoteca,Preparatoria
2.01408E+16,9175,Pendiente,PS1,Pre-Aprobado,MALO,1,,,,,0,PROPIEDAD ACTIVO FIJO,#N/A,NO_CLIENTE,0,Alto,0%,0,125,0,0,0,0,0,0,0,60,Familiares,Preparatoria
2.01408E+16,7770,Pendiente,PS1,Pre-Aprobado,MALO,1,,,,,0,RECIBOS DE NOMINA,#N/A,NO_CLIENTE,0,Alto,0%,1,130,0,0,0,0,0,0,0,34,Hipoteca,Posgrado
2.01408E+16,7589,Pendiente,PS1,Pre-Aprobado,MALO,1,,,,,0,RECIBOS DE NOMINA,#N/A,NO_CLIENTE,0,Alto,0%,0,130,0,0,0,0,0,0,0,28,Familiares,Licenciatura
2.01408E+16,7768,Pendiente,PS1,Pre-Aprobado,MALO,1,,,,,0,PROPIEDAD ACTIVO FIJO,#N/A,NO_CLIENTE,0,Alto,0%,0,130,0,0,0,0,0,0,0,59,Renta,Preparatoria
2.01408E+16,9157,Pendiente,PS1,Pre-Aprobado,MALO,1,,,,,0,PROPIEDAD ACTIVO FIJO,#N/A,NO_CLIENTE,0,Alto,0%,0,130,0,0,0,0,0,0,0,36,Renta,Preparatoria
2.01408E+16,9188,Pendiente,PS1,Pre-Aprobado,MALO,1,,,,,0,RECIBOS DE NOMINA,#N/A,NO_CLIENTE,0,Alto,0%,2,130,0,0,0,0,0,0,0,31,Hipoteca,Preparatoria
2.01408E+16,9211,Pendiente,PS1,Pre-Aprobado,MALO,1,,,,,0,RECIBOS DE NOMINA,#N/A,NO_CLIENTE,0,Alto,0%,0,132,0,0,0,0,0,0,1,51,Hipoteca,Preparatoria
2.01408E+16,7770,Pendiente,PS1,Pre-Aprobado,MALO,1,,,,,0,RECIBOS DE NOMINA,#N/A,NO_CLIENTE,0,Alto,0%,0,132,0,0,0,0,0,0,0,56,Hipoteca,Preparatoria
2.01408E+16,9261,Pendiente,PS1,Pre-Aprobado,MALO,1,,,,,0,PROPIEDAD ACTIVO FIJO,#N/A,NO_CLIENTE,0,Alto,0%,1,132,0,0,0,0,0,0,0,33,Renta,Preparatoria
2.01408E+16,9211,Pendiente,PS1,Pre-Aprobado,MALO,1,,,,,0,PROPIEDAD ACTIVO FIJO,#N/A,NO_CLIENTE,0,Alto,0%,0,132,0,0,0,0,0,0,0,54,Renta,Preparatoria
2.01408E+16,7588,Pendiente,PS1,Pre-Aprobado,MALO,1,,,,,0,RECIBOS DE NOMINA,#N/A,NO_CLIENTE,0,Alto,0%,0,132,0,0,0,0,0,0,0,45,Familiares,Preparatoria
2.01408E+16,7796,Pendiente,PS1,Pre-Aprobado,MALO,1,,,,,0,RECIBOS DE NOMINA,#N/A,NO_CLIENTE,0,Alto,0%,1,132,0,0,0,0,0,0,0,45,Familiares,Licenciatura
2.01408E+16,7812,Pendiente,PS1,Pre-Aprobado,MALO,1,,,,,0,RECIBOS DE NOMINA,#N/A,NO_CLIENTE,0,Alto,0%,0,132,0,0,0,0,0,0,0,38,Propia,Preparatoria
2.01408E+16,8113,Pendiente,PS1,Pre-Aprobado,MALO,1,,,,,0,INVERSIONES,#N/A,NO_CLIENTE,0,Alto,0%,0,132,0,0,0,0,0,0,0,38,Renta,Preparatoria
2.01408E+16,4749,Pendiente,PS1,Pre-Aprobado,MALO,1,,,,,0,PROPIEDAD ACTIVO FIJO,#N/A,NO_CLIENTE,24200,Alto,0%,1,132,0,0,2078,0,0,0,0,55,Propia,Licenciatura
2.01408E+16,9209,Pendiente,PS1,Pre-Aprobado,MALO,1,,,,,0,PROPIEDAD ACTIVO FIJO,#N/A,NO_CLIENTE,0,Alto,0%,0,132,0,0,0,0,0,0,0,34,Hipoteca,Preparatoria
2.01406E+16,126,Aprobada,CN0,Aprobado,REGULAR,13500,9.98345E+14,1,"2,025",85%,4113,RECIBOS DE NOMINA,Alto A,CLIENTE_BANCO,0,Mínimo,15%,0,132,805,0,0,0,0,0,0,49,Familiares,Preparatoria
2.01408E+16,9175,Pendiente,PS1,Pre-Aprobado,MALO,1,,,,,0,PROPIEDAD ACTIVO FIJO,#N/A,NO_CLIENTE,0,Alto,0%,1,133,0,0,0,0,0,0,0,26,Familiares,Licenciatura
2.01408E+16,9209,Pendiente,PS1,Pre-Aprobado,MALO,1,,,,,0,RECIBOS DE NOMINA,#N/A,NO_CLIENTE,0,Alto,0%,0,133,0,0,0,0,0,0,0,36,Hipoteca,Licenciatura
2.01408E+16,8151,Pendiente,PS1,Pre-Aprobado,MALO,1,,,,,0,RECIBOS DE NOMINA,#N/A,NO_CLIENTE,0,Alto,0%,0,133,0,0,0,0,0,0,0,41,Familiares,Secundaria
2.01408E+16,7802,Pendiente,PS1,Pre-Aprobado,MALO,1,,,,,0,INVERSIONES,#N/A,NO_CLIENTE,0,Alto,0%,1,133,0,0,0,0,0,0,0,56,Renta,Posgrado
2.01408E+16,335,Pendiente,PS1,Pre-Aprobado,MALO,1,,,,,0,RECIBOS DE NOMINA,#N/A,NO_CLIENTE,0,Alto,0%,0,133,0,0,0,0,0,0,0,60,Familiares,Preparatoria
2.01408E+16,5753,Pendiente,PS1,Pre-Aprobado,MALO,1,,,,,0,PROPIEDAD ACTIVO FIJO,#N/A,NO_CLIENTE,0,Alto,0%,0,134,0,0,0,0,0,0,0,55,Propia,Preparatoria
2.01408E+16,9243,Pendiente,PS1,Pre-Aprobado,MALO,1,,,,,0,RECIBOS DE NOMINA,#N/A,NO_CLIENTE,0,Alto,0%,3,134,0,0,0,0,0,0,0,47,Propia,Posgrado
2.01408E+16,7770,Pendiente,PS1,Pre-Aprobado,MALO,1,,,,,0,RECIBOS DE NOMINA,#N/A,NO_CLIENTE,0,Alto,0%,0,134,0,0,0,0,0,0,0,50,Hipoteca,Posgrado
2.01408E+16,8153,Pendiente,PS1,Pre-Aprobado,MALO,1,,,,,0,RECIBOS DE NOMINA,#N/A,NO_CLIENTE,0,Alto,0%,0,134,0,0,0,0,0,0,0,29,Renta,Licenciatura
2.01408E+16,9175,Pendiente,PS1,Pre-Aprobado,MALO,1,,,,,0,RECIBOS DE NOMINA,#N/A,NO_CLIENTE,0,Alto,0%,0,134,0,0,0,0,0,0,0,25,Familiares,Posgrado
2.01408E+16,7795,Pendiente,PS1,Pre-Aprobado,MALO,1,,,,,0,PROPIEDAD ACTIVO FIJO,#N/A,NO_CLIENTE,0,Alto,0%,1,134,0,0,0,0,0,0,0,49,Propia,Posgrado
2.01408E+16,9037,Pendiente,PS1,Pre-Aprobado,MALO,1,,,,,0,RECIBOS DE NOMINA,#N/A,NO_CLIENTE,0,Alto,0%,0,134,0,0,0,0,0,0,0,26,Propia,Posgrado
2.01408E+16,9156,Pendiente,PS1,Pre-Aprobado,MALO,1,,,,,0,RECIBOS DE NOMINA,#N/A,NO_CLIENTE,0,Alto,0%,0,134,0,0,0,0,0,0,0,31,Propia,Posgrado
2.01408E+16,9175,Pendiente,PS1,Pre-Aprobado,MALO,1,,,,,0,RECIBOS DE NOMINA,#N/A,NO_CLIENTE,0,Alto,0%,2,134,0,0,0,0,0,0,0,58,Propia,Licenciatura
2.01408E+16,7660,Pendiente,PS1,Pre-Aprobado,MALO,1,,,,,0,PROPIEDAD ACTIVO FIJO,#N/A,NO_CLIENTE,0,Alto,0%,0,134,0,0,0,0,0,0,0,35,Hipoteca,Posgrado
2.01408E+16,9175,Pendiente,PS1,Pre-Aprobado,MALO,1,,,,,0,RECIBOS DE NOMINA,#N/A,NO_CLIENTE,0,Alto,0%,0,134,0,0,0,0,0,0,0,29,Propia,Preparatoria
2.01408E+16,7622,Pendiente,PS1,Pre-Aprobado,MALO,1,,,,,0,INVERSIONES,#N/A,NO_CLIENTE,0,Alto,0%,1,134,0,8,8433,8433,0,0,0,46,Familiares,Preparatoria
2.01408E+16,349,Pendiente,PS1,Pre-Aprobado,MALO,1,,,,,0,PROPIEDAD ACTIVO FIJO,#N/A,NO_CLIENTE,0,Alto,0%,0,134,0,0,0,0,0,0,0,58,Hipoteca,Preparatoria
2.01408E+16,9172,Pendiente,PS1,Pre-Aprobado,MALO,1,,,,,0,RECIBOS DE NOMINA,#N/A,NO_CLIENTE,0,Alto,0%,0,134,0,0,0,0,0,0,0,32,Hipoteca,Posgrado
2.01407E+16,14003,Pendiente,PS1,Pre-Aprobado,MALO,1,,,,,0,PROPIEDAD ACTIVO FIJO,#N/A,NO_CLIENTE,0,Alto,0%,1,134,0,0,0,0,0,0,0,54,Propia,Preparatoria
2.01408E+16,662,Pendiente,PS1,Pre-Aprobado,MALO,1,,,,,0,PROPIEDAD ACTIVO FIJO,#N/A,NO_CLIENTE,0,Alto,0%,0,134,0,0,0,0,0,0,0,44,Propia,Licenciatura
2.01408E+16,9243,Pendiente,PS1,Pre-Aprobado,MALO,1,,,,,0,RECIBOS DE NOMINA,#N/A,NO_CLIENTE,0,Alto,0%,0,134,0,0,0,0,0,0,0,37,Propia,Preparatoria
2.01408E+16,8155,Pendiente,PS1,Pre-Aprobado,MALO,1,,,,,0,RECIBOS DE NOMINA,#N/A,NO_CLIENTE,0,Alto,0%,1,134,0,0,0,0,0,0,0,54,Propia,Licenciatura
2.01408E+16,7991,Pendiente,PS1,Pre-Aprobado,MALO,1,,,,,0,RECIBOS DE NOMINA,#N/A,NO_CLIENTE,0,Alto,0%,0,134,0,0,0,0,0,0,0,26,Hipoteca,Licenciatura
2.01408E+16,9243,Pendiente,PS1,Pre-Aprobado,MALO,1,,,,,0,RECIBOS DE NOMINA,#N/A,NO_CLIENTE,0,Alto,0%,0,135,0,0,0,0,0,0,0,60,Hipoteca,Preparatoria
2.01408E+16,7620,Pendiente,PS1,Pre-Aprobado,MALO,1,,,,,0,RECIBOS DE NOMINA,#N/A,NO_CLIENTE,0,Alto,0%,0,135,0,0,0,0,0,0,0,42,Hipoteca,Licenciatura
2.01408E+16,7791,Pendiente,PS1,Pre-Aprobado,MALO,1,,,,,0,RECIBOS DE NOMINA,#N/A,NO_CLIENTE,0,Alto,0%,1,135,0,0,0,0,0,0,0,32,Propia,Preparatoria
2.01408E+16,9243,Pendiente,PS1,Pre-Aprobado,MALO,1,,,,,0,RECIBOS DE NOMINA,#N/A,NO_CLIENTE,0,Alto,0%,0,135,0,0,0,0,0,0,0,42,Familiares,Preparatoria
2.01408E+16,4649,Pendiente,PS1,Pre-Aprobado,MALO,1,,,,,0,PROPIEDAD ACTIVO FIJO,#N/A,NO_CLIENTE,0,Alto,0%,0,135,0,0,0,0,0,0,0,60,Familiares,Preparatoria
2.01407E+16,12118,Pendiente,PS1,Pre-Aprobado,MALO,1,,,,,0,PROPIEDAD ACTIVO FIJO,#N/A,NO_CLIENTE,0,Alto,0%,0,135,0,0,0,0,0,0,0,49,Renta,Secundaria
2.01408E+16,9243,Pendiente,PS1,Pre-Aprobado,MALO,1,,,,,0,RECIBOS DE NOMINA,#N/A,NO_CLIENTE,0,Alto,0%,2,135,0,0,0,0,0,0,0,60,Hipoteca,Licenciatura
2.01408E+16,7588,Pendiente,PS1,Pre-Aprobado,MALO,1,,,,,0,PROPIEDAD ACTIVO FIJO,#N/A,NO_CLIENTE,0,Alto,0%,0,135,0,0,0,0,0,0,0,50,Familiares,Preparatoria
2.01408E+16,9243,Pendiente,PS1,Pre-Aprobado,MALO,1,,,,,0,RECIBOS DE NOMINA,#N/A,NO_CLIENTE,0,Alto,0%,0,136,0,0,0,0,0,0,0,39,Renta,Posgrado
2.01408E+16,9243,Pendiente,PS1,Pre-Aprobado,MALO,1,,,,,0,RECIBOS DE NOMINA,#N/A,NO_CLIENTE,0,Alto,0%,0,136,0,0,0,0,0,0,0,50,Hipoteca,Posgrado
2.01407E+16,7602,Pendiente,PS1,Pre-Aprobado,MALO,1,,,,,0,RECIBOS DE NOMINA,#N/A,NO_CLIENTE,0,Alto,0%,1,136,0,0,0,0,0,0,0,34,Renta,Preparatoria
2.01408E+16,9243,Pendiente,PS1,Pre-Aprobado,MALO,1,,,,,0,RECIBOS DE NOMINA,#N/A,NO_CLIENTE,5000,Alto,0%,0,136,0,1,4027,340,0,0,0,29,Familiares,Licenciatura
2.01408E+16,7769,Pendiente,PS1,Pre-Aprobado,MALO,1,,,,,0,RECIBOS DE NOMINA,#N/A,NO_CLIENTE,0,Alto,0%,0,141,0,0,0,0,0,0,0,58,Renta,Licenciatura
2.01408E+16,9243,Pendiente,PS1,Pre-Aprobado,MALO,1,,,,,0,RECIBOS DE NOMINA,#N/A,NO_CLIENTE,0,Alto,0%,0,141,0,0,0,0,0,0,0,52,Hipoteca,Licenciatura
2.01408E+16,9240,Pendiente,PS1,Pre-Aprobado,MALO,1,,,,,0,INVERSIONES,#N/A,NO_CLIENTE,0,Alto,0%,1,141,0,0,0,0,0,0,0,41,Hipoteca,Posgrado
2.01408E+16,9175,Pendiente,PS1,Pre-Aprobado,MALO,1,,,,,0,PROPIEDAD ACTIVO FIJO,#N/A,NO_CLIENTE,0,Alto,0%,0,141,0,0,0,0,0,0,0,58,Hipoteca,Preparatoria
2.01408E+16,9243,Pendiente,PS1,Pre-Aprobado,MALO,1,,,,,0,RECIBOS DE NOMINA,#N/A,NO_CLIENTE,0,Alto,0%,0,142,0,0,0,0,0,0,0,49,Propia,Licenciatura
2.01408E+16,7681,Pendiente,PS1,Pre-Aprobado,MALO,1,,,,,0,PROPIEDAD ACTIVO FIJO,#N/A,NO_CLIENTE,0,Alto,0%,0,142,0,0,0,0,0,0,0,55,Hipoteca,Licenciatura
2.01408E+16,7791,Pendiente,PS1,Pre-Aprobado,MALO,1,,,,,0,RECIBOS DE NOMINA,#N/A,NO_CLIENTE,0,Alto,0%,0,142,0,0,0,0,0,0,0,28,Familiares,Licenciatura
2.01408E+16,9179,Pendiente,PS1,Pre-Aprobado,MALO,1,,,,,0,RECIBOS DE NOMINA,#N/A,NO_CLIENTE,0,Alto,0%,1,142,0,0,0,0,0,0,0,25,Renta,Posgrado
2.01408E+16,9243,Pendiente,PS1,Pre-Aprobado,MALO,1,,,,,0,RECIBOS DE NOMINA,#N/A,NO_CLIENTE,0,Alto,0%,0,142,0,0,0,0,0,0,0,50,Hipoteca,Preparatoria
2.01408E+16,9175,Pendiente,PS1,Pre-Aprobado,MALO,1,,,,,0,PROPIEDAD ACTIVO FIJO,#N/A,NO_CLIENTE,0,Alto,0%,0,142,0,0,0,0,0,0,0,34,Propia,Licenciatura
2.01408E+16,7674,Pendiente,PS1,Pre-Aprobado,MALO,1,,,,,0,PROPIEDAD ACTIVO FIJO,#N/A,NO_CLIENTE,0,Alto,0%,0,142,0,0,0,0,0,0,0,38,Propia,Posgrado
2.01408E+16,9243,Pendiente,PS1,Pre-Aprobado,MALO,1,,,,,0,RECIBOS DE NOMINA,#N/A,NO_CLIENTE,0,Alto,0%,0,142,0,0,0,0,0,0,0,35,Propia,Licenciatura
2.01408E+16,9211,Pendiente,PS1,Pre-Aprobado,MALO,1,,,,,0,PROPIEDAD ACTIVO FIJO,#N/A,NO_CLIENTE,0,Alto,0%,1,143,0,0,0,0,0,0,0,59,Familiares,Preparatoria
2.01408E+16,7790,Pendiente,PS1,Pre-Aprobado,MALO,1,,,,,0,RECIBOS DE NOMINA,#N/A,NO_CLIENTE,0,Alto,0%,0,143,0,0,0,0,0,0,0,41,Propia,Licenciatura
2.01408E+16,9233,Pendiente,PS1,Pre-Aprobado,MALO,1,,,,,0,PROPIEDAD ACTIVO FIJO,#N/A,NO_CLIENTE,0,Alto,0%,0,143,0,0,0,0,0,0,0,40,Propia,Preparatoria
2.01408E+16,7163,Pendiente,PS1,Pre-Aprobado,MALO,1,,,,,0,PROPIEDAD ACTIVO FIJO,#N/A,NO_CLIENTE,198204,Alto,0%,0,143,0,1,31701,1930,0,97082,0,52,Hipoteca,Posgrado
2.01408E+16,9161,Pendiente,PS1,Pre-Aprobado,MALO,1,,,,,0,PAGOS PROV SEMESTRALES PF,#N/A,NO_CLIENTE,0,Alto,0%,2,143,0,0,0,0,0,0,0,41,Hipoteca,Preparatoria
2.01408E+16,305,Pendiente,PS1,Pre-Aprobado,MALO,1,,,,,0,PAGOS PROV SEMESTRALES PF,#N/A,NO_CLIENTE,54000,Alto,0%,0,143,0,0,0,0,0,0,0,43,Renta,Licenciatura
2.01408E+16,4089,Pendiente,PS1,Pre-Aprobado,MALO,1,,,,,0,RECIBOS DE NOMINA,#N/A,NO_CLIENTE,0,Alto,0%,4,143,0,0,0,0,0,0,0,25,Familiares,Licenciatura
2.01408E+16,7728,Pendiente,PS1,Pre-Aprobado,MALO,1,,,,,0,RECIBOS DE NOMINA,#N/A,NO_CLIENTE,0,Alto,0%,3,143,0,0,0,0,0,0,0,31,Propia,Licenciatura
2.01407E+16,7794,Pendiente,PS1,Pre-Aprobado,MALO,1,,,,,0,RECIBOS DE NOMINA,#N/A,NO_CLIENTE,0,Alto,0%,3,144,0,0,0,0,0,0,0,57,Hipoteca,Licenciatura
2.01408E+16,141,Pendiente,PS1,Pre-Aprobado,MALO,1,,,,,0,RECIBOS DE NOMINA,#N/A,NO_CLIENTE,96000,Alto,0%,2,144,0,0,0,0,0,0,0,29,Propia,Preparatoria
2.01408E+16,9175,Pendiente,PS1,Pre-Aprobado,MALO,1,,,,,0,RECIBOS DE NOMINA,#N/A,NO_CLIENTE,0,Alto,0%,3,145,0,0,0,0,0,0,0,39,Familiares,Preparatoria
2.01408E+16,9175,Pendiente,PS1,Pre-Aprobado,MALO,1,,,,,0,PROPIEDAD ACTIVO FIJO,#N/A,NO_CLIENTE,0,Alto,0%,2,145,0,0,0,0,0,0,0,42,Familiares,Posgrado
2.01408E+16,527,Pendiente,PS1,Pre-Aprobado,MALO,1,,,,,0,PROPIEDAD ACTIVO FIJO,#N/A,NO_CLIENTE,9000,Alto,0%,1,145,0,1,1531,108,0,0,0,55,Renta,Posgrado
2.01408E+16,9175,Pendiente,PS1,Pre-Aprobado,MALO,1,,,,,0,PROPIEDAD ACTIVO FIJO,#N/A,NO_CLIENTE,0,Alto,0%,2,145,0,0,0,0,0,0,0,38,Renta,Licenciatura
2.01408E+16,9243,Pendiente,PS1,Pre-Aprobado,MALO,1,,,,,0,RECIBOS DE NOMINA,#N/A,NO_CLIENTE,0,Alto,0%,3,145,0,0,0,0,0,0,0,26,Familiares,Licenciatura
2.01406E+16,648,Aprobada,CN0,Aprobado,BUENO,9200,9.98345E+14,0,"7,728",16%,6823,RECIBOS DE NOMINA,Medio B,NO_CLIENTE,0,Bajo,84%,2,145,726,0,0,0,0,0,0,27,Renta,Posgrado
2.01408E+16,7804,Pendiente,PS1,Pre-Aprobado,MALO,1,,,,,0,PROPIEDAD ACTIVO FIJO,#N/A,NO_CLIENTE,0,Alto,0%,1,147,0,0,0,0,0,0,0,27,Renta,Preparatoria
2.01407E+16,8136,Pendiente,PS1,Pre-Aprobado,MALO,1,,,,,0,RECIBOS DE NOMINA,#N/A,NO_CLIENTE,0,Alto,0%,4,150,0,0,0,0,0,0,0,29,Propia,Posgrado
2.01408E+16,9175,Pendiente,PS1,Pre-Aprobado,MALO,1,,,,,0,PROPIEDAD ACTIVO FIJO,#N/A,NO_CLIENTE,0,Alto,0%,3,153,0,0,0,0,0,0,0,46,Familiares,Secundaria
2.01408E+16,9209,Pendiente,PS1,Pre-Aprobado,MALO,1,,,,,0,RECIBOS DE NOMINA,#N/A,NO_CLIENTE,0,Alto,0%,2,154,0,0,0,0,0,0,0,57,Propia,Preparatoria
2.01408E+16,631,Pendiente,PS1,Pre-Aprobado,MALO,1,,,,,0,PROPIEDAD ACTIVO FIJO,#N/A,NO_CLIENTE,91500,Alto,0%,3,154,0,0,14778,0,0,23729,0,26,Familiares,Licenciatura
2.01408E+16,9243,Pendiente,PS1,Pre-Aprobado,MALO,1,,,,,0,RECIBOS DE NOMINA,#N/A,NO_CLIENTE,0,Alto,0%,4,154,0,0,0,0,0,0,0,42,Hipoteca,Licenciatura
2.01408E+16,7588,Pendiente,PS1,Pre-Aprobado,MALO,1,,,,,0,PROPIEDAD ACTIVO FIJO,#N/A,NO_CLIENTE,0,Alto,0%,3,154,0,0,0,0,0,0,0,39,Renta,Preparatoria
2.01408E+16,9243,Pendiente,PS1,Pre-Aprobado,MALO,1,,,,,0,RECIBOS DE NOMINA,#N/A,NO_CLIENTE,0,Alto,0%,3,154,0,0,0,0,0,0,0,53,Familiares,Licenciatura
2.01407E+16,9396,Pendiente,PS1,Pre-Aprobado,MALO,1,,,,,0,RECIBOS DE NOMINA,#N/A,NO_CLIENTE,0,Alto,0%,2,156,0,0,0,0,0,0,0,42,Renta,Posgrado
2.01408E+16,9175,Pendiente,PS1,Pre-Aprobado,MALO,1,,,,,0,PROPIEDAD ACTIVO FIJO,#N/A,NO_CLIENTE,0,Alto,0%,3,156,0,0,0,0,0,0,0,29,Renta,Posgrado
2.01408E+16,8155,Pendiente,PS1,Pre-Aprobado,MALO,1,,,,,0,RECIBOS DE NOMINA,#N/A,NO_CLIENTE,0,Alto,0%,2,156,0,0,0,0,0,0,0,41,Renta,Licenciatura
2.01408E+16,7620,Pendiente,PS1,Pre-Aprobado,MALO,1,,,,,0,RECIBOS DE NOMINA,#N/A,NO_CLIENTE,0,Alto,0%,1,156,0,0,0,0,0,15719,0,49,Propia,Licenciatura
2.01408E+16,7620,Pendiente,PS1,Pre-Aprobado,MALO,1,,,,,0,RECIBOS DE NOMINA,#N/A,NO_CLIENTE,0,Alto,0%,2,156,0,0,0,0,0,0,0,25,Propia,Posgrado
2.01408E+16,7706,Aprobada,CN0,Aprobado,BUENO,5500,9.98345E+14,0,"3,025",45%,0,INVERSIONES,Medio A,NO_CLIENTE,0,Mínimo,55%,3,159,755,0,0,0,0,0,0,37,Propia,Preparatoria
2.01406E+16,397,Aprobada,CN0,Aprobado,BUENO,19800,9.98345E+14,1,"14,454",27%,13135,PROPIEDAD ACTIVO FIJO,Medio A,CLIENTE_BANCO,20000,Bajo,73%,2,161,702,1,12102,1060,0,0,0,53,Familiares,Licenciatura
2.01408E+16,8130,Aprobada,CN0,Aprobado,BUENO,4900,9.98345E+14,0,"2,597",47%,0,INVERSIONES,Alto B,NO_CLIENTE,0,Mínimo,53%,1,162,757,0,0,0,0,0,0,59,Familiares,Licenciatura
2.01408E+16,9243,Pendiente,PS1,Pre-Aprobado,MALO,1,,,,,0,RECIBOS DE NOMINA,#N/A,NO_CLIENTE,0,Alto,0%,4,163,0,0,0,0,0,0,0,49,Familiares,Posgrado
2.01408E+16,4088,Pendiente,PS1,Pre-Aprobado,MALO,1,,,,,0,PROPIEDAD ACTIVO FIJO,#N/A,NO_CLIENTE,0,Alto,0%,3,163,0,0,0,0,0,0,0,28,Hipoteca,Licenciatura
2.01408E+16,9243,Pendiente,PS1,Pre-Aprobado,MALO,1,,,,,0,RECIBOS DE NOMINA,#N/A,NO_CLIENTE,0,Alto,0%,2,163,0,0,0,0,0,0,0,58,Renta,Licenciatura
2.01408E+16,7569,Aprobada,CN0,Aprobado,REGULAR,6000,9.98345E+14,0,"1,680",72%,0,INVERSIONES,Alto A,NO_CLIENTE,0,Mínimo,28%,1,164,782,0,0,0,0,0,0,56,Renta,Preparatoria
2.01408E+16,9037,Pendiente,PS1,Pre-Aprobado,MALO,1,,,,,0,RECIBOS DE NOMINA,#N/A,NO_CLIENTE,7000,Alto,0%,0,165,0,1,5610,30,0,0,0,30,Hipoteca,Preparatoria
2.01408E+16,8122,Aprobada,CN0,Aprobado,REGULAR,15400,9.98345E+14,1,"4,774",69%,0,RECIBOS DE NOMINA,Alto A,CLIENTE_BANCO,8700,Bajo,31%,1,166,711,1,7016,410,0,0,0,54,Hipoteca,Preparatoria
2.01408E+16,8136,Aprobada,CN0,Aprobado,BUENO,6000,9.98345E+14,1,"3,420",43%,0,RECIBOS DE NOMINA,Medio A,NO_CLIENTE,0,Mínimo,57%,0,166,763,0,0,0,0,0,0,56,Propia,Posgrado
2.01407E+16,7790,Pendiente,PS1,Pre-Aprobado,MALO,1,,,,,0,RECIBOS DE NOMINA,#N/A,NO_CLIENTE,0,Alto,0%,0,167,0,0,0,0,0,0,0,48,Hipoteca,Posgrado
2.01408E+16,9243,Pendiente,PS1,Pre-Aprobado,MALO,1,,,,,0,RECIBOS DE NOMINA,#N/A,NO_CLIENTE,0,Alto,0%,1,167,0,0,0,0,0,0,0,34,Hipoteca,Licenciatura
2.01408E+16,10008,Aprobada,CN0,Aprobado,BUENO,12900,9.98345E+14,1,"8,643",33%,0,PROPIEDAD ACTIVO FIJO,Alto A,NO_CLIENTE,0,Mínimo,67%,0,167,753,0,0,0,0,0,0,40,Renta,Preparatoria
2.01406E+16,4320,Aprobada,CN0,Aprobado,BUENO,41000,9.98345E+14,0,"22,550",45%,21256,PROPIEDAD ACTIVO FIJO,Alto B,CLIENTE_BANCO,0,Mínimo,55%,0,167,755,0,0,0,0,0,0,45,Propia,Preparatoria
2.01406E+16,269,Aprobada,CN0,Aprobado,REGULAR,9800,9.98345E+14,2,"10,780",-10%,7234,RECIBOS DE NOMINA,Alto C,CLIENTE_BANCO,0,Alto,110%,0,169,450,0,0,0,0,0,0,41,Familiares,Licenciatura
2.01407E+16,7712,Aprobada,CN0,Aprobado,REGULAR,9700,9.98345E+14,3,"5,626",42%,0,RECIBOS DE NOMINA,Alto B,NO_CLIENTE,5000,Alto,58%,2,169,529,3,0,0,0,0,0,44,Hipoteca,Secundaria
2.01408E+16,9131,Aprobada,CN0,Aprobado,REGULAR,5000,9.98345E+14,1,"1,650",67%,0,INVERSIONES,Medio A,NO_CLIENTE,0,Mínimo,33%,0,169,787,0,0,0,0,0,0,37,Propia,Licenciatura
2.01408E+16,662,Aprobada,CN0,Aprobado,BUENO,9899,9.98345E+14,1,"11,681",-18%,21751,PROPIEDAD ACTIVO FIJO,Alto B,CLIENTE_BANCO,0,Bajo,118%,0,170,702,0,0,0,0,0,0,59,Renta,Posgrado
2.01408E+16,7719,Aprobada,CN0,Aprobado,BUENO,10300,9.98345E+14,1,"8,755",15%,0,RECIBOS DE NOMINA,Medio A,NO_CLIENTE,0,Bajo,85%,1,170,735,0,0,0,0,0,0,35,Renta,Preparatoria
2.01311E+16,7434,Aprobada,CN0,Aprobado,REGULAR,3500,9.98345E+14,0,"1,400",60%,3481,PAGOS PROV SEMESTRALES PF,Alto B,CLIENTE_BANCO,0,Mínimo,40%,0,170,770,0,0,0,0,0,0,31,Propia,Licenciatura
2.01408E+16,9037,Aprobada,CN0,Aprobado,REGULAR,9100,9.98345E+14,0,"3,640",60%,0,RECIBOS DE NOMINA,Alto A,NO_CLIENTE,0,Mínimo,40%,0,170,770,0,0,0,0,0,0,47,Hipoteca,Preparatoria
2.01408E+16,91,Aprobada,CN0,Aprobado,BUENO,9899,9.98345E+14,1,"8,414",15%,49469,PROPIEDAD ACTIVO FIJO,Medio A,CLIENTE_BANCO,9500,Bajo,85%,0,171,710,1,7353,310,0,0,0,55,Familiares,Licenciatura
2.01408E+16,7670,Aprobada,CN0,Aprobado,BUENO,7200,9.98345E+14,0,"5,328",26%,0,RECIBOS DE NOMINA,Medio D,NO_CLIENTE,0,Bajo,74%,2,171,736,0,0,0,0,0,0,40,Propia,Preparatoria
2.01407E+16,7909,Aprobada,CN0,Aprobado,BUENO,6900,9.98345E+14,1,"5,727",17%,0,RECIBOS DE NOMINA,Medio D,NO_CLIENTE,0,Bajo,83%,0,171,737,0,0,0,0,0,0,42,Propia,Preparatoria
2.01407E+16,7591,Aprobada,CN0,Aprobado,BUENO,5500,9.98345E+14,1,"3,850",30%,0,INVERSIONES,Medio D,NO_CLIENTE,0,Bajo,70%,0,171,750,0,0,0,0,0,0,42,Familiares,Licenciatura
2.01408E+16,10025,Aprobada,CN0,Aprobado,BUENO,15000,9.98345E+14,0,"12,300",18%,0,RECIBOS DE NOMINA,Medio D,NO_CLIENTE,0,Bajo,82%,1,172,728,0,0,0,0,0,0,49,Familiares,Posgrado
2.01408E+16,9208,Aprobada,CN0,Aprobado,REGULAR,5000,9.98345E+14,1,"1,900",62%,0,INVERSIONES,Alto B,NO_CLIENTE,0,Mínimo,38%,0,173,782,0,0,0,0,0,0,35,Familiares,Licenciatura
2.01407E+16,7833,Aprobada,CN0,Aprobado,REGULAR,5800,9.98345E+14,1,"1,740",70%,0,RECIBOS DE NOMINA,Medio A,NO_CLIENTE,0,Mínimo,30%,0,173,790,0,0,0,0,0,0,36,Renta,Posgrado
2.01408E+16,8135,Aprobada,CN0,Aprobado,BUENO,13500,9.98345E+14,2,"14,580",-8%,0,RECIBOS DE NOMINA,Alto A,CLIENTE_BANCO,31502,Bajo,108%,1,174,723,0,2906,0,0,0,0,43,Propia,Preparatoria
2.01407E+16,7829,Aprobada,CN0,Aprobado,BUENO,9000,9.98345E+14,1,"6,480",28%,0,RECIBOS DE NOMINA,Alto B,NO_CLIENTE,0,Bajo,72%,0,174,748,0,0,0,0,0,0,49,Propia,Posgrado
2.01408E+16,4169,Aprobada,CN0,Aprobado,REGULAR,9899,9.98345E+14,0,"6,731",32%,34069,PROPIEDAD ACTIVO FIJO,Medio A,CLIENTE_BANCO,50000,Medio ,68%,0,175,685,1,50100,3180,0,0,0,45,Hipoteca,Posgrado
2.01408E+16,9209,Pendiente,PS1,Pre-Aprobado,MALO,1,,,,,0,RECIBOS DE NOMINA,#N/A,NO_CLIENTE,0,Alto,0%,1,176,0,0,0,0,0,0,0,29,Hipoteca,Posgrado
2.01408E+16,7684,Pendiente,PS1,Pre-Aprobado,MALO,1,,,,,0,RECIBOS DE NOMINA,#N/A,NO_CLIENTE,24500,Alto,0%,0,176,0,1,766,310,0,0,0,51,Hipoteca,Posgrado
2.01408E+16,9175,Pendiente,PS1,Pre-Aprobado,MALO,1,,,,,0,PROPIEDAD ACTIVO FIJO,#N/A,NO_CLIENTE,0,Alto,0%,0,176,0,0,0,0,0,0,0,44,Familiares,Licenciatura
2.01408E+16,9243,Pendiente,PS1,Pre-Aprobado,MALO,1,,,,,0,PROPIEDAD ACTIVO FIJO,#N/A,NO_CLIENTE,0,Alto,0%,1,176,0,0,0,0,0,33748,0,33,Renta,Licenciatura
2.01312E+16,207,Aprobada,CN0,Aprobado,REGULAR,8300,9.98345E+14,1,"5,561",33%,8340,PROPIEDAD ACTIVO FIJO,Medio A,CLIENTE_BANCO,7600,Medio ,67%,0,176,676,0,7185,0,0,0,0,51,Familiares,Posgrado
2.01408E+16,204,Aprobada,CN0,Aprobado,REGULAR,1999,9.98345E+14,0,500,75%,38572,RECIBOS DE NOMINA,Medio A,CLIENTE_BANCO,15000,Medio ,25%,0,176,689,0,14649,0,0,0,0,60,Renta,Preparatoria
2.01408E+16,7574,Aprobada,CN0,Aprobado,BUENO,5000,9.98345E+14,1,"5,250",-5%,0,INVERSIONES,Alto C,NO_CLIENTE,0,Bajo,105%,1,176,715,0,0,0,0,0,0,29,Hipoteca,Preparatoria
2.01408E+16,7795,Aprobada,CN0,Aprobado,BUENO,5000,9.98345E+14,0,"4,050",19%,0,INVERSIONES,Alto C,NO_CLIENTE,0,Bajo,81%,0,177,729,0,0,0,0,0,0,59,Propia,Posgrado
2.01407E+16,7991,Aprobada,CN0,Aprobado,BUENO,11900,9.98345E+14,2,"7,854",34%,0,RECIBOS DE NOMINA,Medio D,NO_CLIENTE,0,Bajo,66%,0,177,734,0,0,0,0,0,0,39,Renta,Posgrado
2.01408E+16,7525,Aprobada,CN0,Aprobado,BUENO,49999,9.98345E+14,1,"21,500",57%,84026,PROPIEDAD ACTIVO FIJO,Alto A,NO_CLIENTE,0,Mínimo,43%,3,177,777,0,0,0,0,0,0,34,Propia,Posgrado
2.01408E+16,7622,Aprobada,CN0,Aprobado,REGULAR,8300,9.98345E+14,0,"2,656",68%,0,RECIBOS DE NOMINA,Medio A,NO_CLIENTE,0,Mínimo,32%,0,177,778,0,0,0,0,0,0,31,Hipoteca,Licenciatura
2.01406E+16,7555,Aprobada,CN0,Aprobado,REGULAR,5000,9.98345E+14,0,"1,700",66%,3611,PROPIEDAD ACTIVO FIJO,Medio A,CLIENTE_BANCO,6800,Medio ,34%,0,178,667,2,1190,500,0,0,0,57,Familiares,Posgrado
2.01408E+16,9188,Aprobada,CN0,Aprobado,REGULAR,6000,9.98345E+14,2,"7,140",-19%,0,RECIBOS DE NOMINA,Alto B,NO_CLIENTE,0,Medio ,119%,0,178,681,0,0,0,0,0,0,55,Hipoteca,Posgrado
2.01408E+16,7,Aprobada,CN0,Aprobado,BUENO,50000,9.98345E+14,1,"58,500",-17%,46224,RECIBOS DE NOMINA,Alto B,CLIENTE_BANCO,0,Bajo,117%,1,178,703,0,0,0,0,0,0,45,Hipoteca,Licenciatura
2.01408E+16,7795,Aprobada,CN0,Aprobado,BUENO,16200,9.98345E+14,2,"15,714",3%,0,PROPIEDAD ACTIVO FIJO,Medio A,CLIENTE_BANCO,7000,Bajo,97%,0,178,711,1,1027,250,0,0,0,29,Propia,Preparatoria
2.01407E+16,7713,Aprobada,CN0,Aprobado,REGULAR,6100,9.98345E+14,1,"1,830",70%,0,RECIBOS DE NOMINA,Alto B,NO_CLIENTE,0,Mínimo,30%,0,178,790,0,0,0,0,0,0,26,Hipoteca,Preparatoria
2.01407E+16,7580,Aprobada,CN0,Aprobado,REGULAR,20700,9.98345E+14,3,"10,971",47%,0,RECIBOS DE NOMINA,Alto B,NO_CLIENTE,10900,Alto,53%,2,179,615,3,0,0,0,0,0,33,Renta,Preparatoria
2.01406E+16,335,Aprobada,CN0,Aprobado,BUENO,43000,9.98345E+14,0,"22,790",47%,15271,RECIBOS DE NOMINA,Medio A,CLIENTE_BANCO,111000,Bajo,53%,0,179,723,1,6151,730,0,0,0,49,Propia,Posgrado
2.01407E+16,7571,Aprobada,CN0,Aprobado,BUENO,15000,9.98345E+14,1,"9,300",38%,0,PROPIEDAD ACTIVO FIJO,Medio C,CLIENTE_BANCO,3000,Bajo,62%,0,179,723,1,1070,250,0,0,0,43,Propia,Preparatoria
2.01408E+16,7709,Aprobada,CN0,Aprobado,REGULAR,15000,9.98345E+14,0,"4,050",73%,0,RECIBOS DE NOMINA,Alto A,NO_CLIENTE,0,Mínimo,27%,1,179,783,0,0,0,0,0,0,33,Renta,Posgrado
2.01408E+16,7674,Aprobada,CN0,Aprobado,REGULAR,11200,9.98345E+14,0,"3,472",69%,0,RECIBOS DE NOMINA,Medio A,NO_CLIENTE,0,Mínimo,31%,0,180,779,0,0,0,0,0,0,32,Hipoteca,Licenciatura
2.01408E+16,7627,Aprobada,CN0,Aprobado,BUENO,50000,9.98345E+14,2,"47,000",6%,0,RECIBOS DE NOMINA,Medio A,NO_CLIENTE,0,Bajo,94%,0,181,706,0,0,0,0,0,0,58,Familiares,Preparatoria
2.01408E+16,10015,Aprobada,CN0,Aprobado,BUENO,4000,9.98345E+14,2,"2,640",34%,0,RECIBOS DE NOMINA,Alto B,CLIENTE_BANCO,0,Bajo,66%,1,181,734,0,0,0,0,0,0,58,Familiares,Preparatoria
2.01406E+16,267,Aprobada,CN0,Aprobado,BUENO,23900,9.98345E+14,0,"21,510",10%,16068,RECIBOS DE NOMINA,Medio B,NO_CLIENTE,0,Bajo,90%,0,182,720,0,0,0,0,0,0,46,Familiares,Licenciatura
2.01406E+16,265,Aprobada,CN0,Aprobado,BUENO,10000,9.98345E+14,0,"7,600",24%,19110,RECIBOS DE NOMINA,Alto B,CLIENTE_BANCO,0,Bajo,76%,0,182,734,0,0,0,0,0,0,38,Renta,Licenciatura
2.01408E+16,7920,Aprobada,CN0,Aprobado,BUENO,5000,9.98345E+14,0,"3,800",24%,0,INVERSIONES,Alto C,NO_CLIENTE,0,Bajo,76%,1,182,734,0,0,0,0,0,0,53,Propia,Licenciatura
2.01408E+16,8151,Aprobada,CN0,Aprobado,BUENO,12400,9.98345E+14,0,"6,820",45%,0,PROPIEDAD ACTIVO FIJO,Medio A,CLIENTE_BANCO,17500,Bajo,55%,0,183,725,1,30,30,0,0,0,57,Hipoteca,Preparatoria
2.01408E+16,7682,Aprobada,CN0,Aprobado,BUENO,4000,9.98345E+14,0,"1,640",59%,0,PROPIEDAD ACTIVO FIJO,Alto A,NO_CLIENTE,0,Mínimo,41%,0,183,769,0,0,0,0,0,0,54,Propia,Posgrado
2.01408E+16,7571,Aprobada,CN0,Aprobado,REGULAR,5000,9.98345E+14,1,"1,200",76%,0,INVERSIONES,Alto B,NO_CLIENTE,0,Mínimo,24%,0,183,796,0,0,0,0,0,0,57,Propia,Preparatoria
2.01408E+16,7728,Aprobada,CN0,Aprobado,BUENO,10000,9.98345E+14,0,"9,800",2%,0,RECIBOS DE NOMINA,Medio D,NO_CLIENTE,0,Bajo,98%,1,184,712,0,0,0,0,0,0,37,Hipoteca,Preparatoria
2.01408E+16,7504,Aprobada,CN0,Aprobado,BUENO,27000,9.98345E+14,1,"28,890",-7%,15641,RECIBOS DE NOMINA,Alto B,CLIENTE_BANCO,0,Bajo,107%,0,184,713,0,0,0,0,29141,0,32,Hipoteca,Posgrado
2.01408E+16,713,Aprobada,CN0,Aprobado,BUENO,21300,9.98345E+14,2,"22,791",-7%,57102,RECIBOS DE NOMINA,Medio A,CLIENTE_BANCO,22000,Mínimo,107%,0,184,757,1,748,280,0,0,0,53,Renta,Licenciatura
2.01407E+16,7693,Aprobada,CN0,Aprobado,REGULAR,7000,9.98345E+14,2,"7,420",-6%,0,RECIBOS DE NOMINA,Alto C,NO_CLIENTE,0,Medio ,106%,0,185,694,0,0,0,0,0,0,27,Familiares,Licenciatura
2.01408E+16,7719,Aprobada,CN0,Aprobado,BUENO,6000,9.98345E+14,0,"5,400",10%,0,RECIBOS DE NOMINA,Alto C,NO_CLIENTE,0,Bajo,90%,2,185,720,0,0,0,0,0,0,29,Propia,Licenciatura
2.01408E+16,4174,Aprobada,CN0,Aprobado,BUENO,9899,9.98345E+14,1,"5,345",46%,42267,PROPIEDAD ACTIVO FIJO,Medio A,CLIENTE_BANCO,122000,Bajo,54%,0,185,723,0,77260,0,0,0,0,54,Renta,Preparatoria
2.01408E+16,141,Aprobada,CN0,Aprobado,BUENO,50000,9.98345E+14,2,"54,000",-8%,99319,RECIBOS DE NOMINA,Medio A,CLIENTE_BANCO,10000,Bajo,108%,0,186,710,0,7556,0,0,0,0,54,Renta,Posgrado
2.01408E+16,9171,Aprobada,CN0,Aprobado,BUENO,6000,9.98345E+14,0,"4,020",33%,0,INVERSIONES,Alto C,NO_CLIENTE,0,Bajo,67%,0,186,743,0,0,0,0,0,0,28,Hipoteca,Posgrado
2.01408E+16,8126,Aprobada,CN0,Aprobado,BUENO,9700,9.98345E+14,0,"4,462",54%,0,RECIBOS DE NOMINA,Alto B,NO_CLIENTE,0,Mínimo,46%,1,186,764,0,0,0,0,0,0,26,Renta,Licenciatura
2.01408E+16,4364,Aprobada,CN0,Aprobado,REGULAR,26999,9.98345E+14,0,"10,260",62%,14092,PROPIEDAD ACTIVO FIJO,Alto A,NO_CLIENTE,0,Mínimo,38%,0,186,772,0,0,0,0,0,0,50,Hipoteca,Licenciatura
2.01408E+16,7799,Pendiente,PS1,Pre-Aprobado,MALO,1,,,,,0,RECIBOS DE NOMINA,#N/A,NO_CLIENTE,0,Alto,0%,0,187,0,0,0,0,0,0,0,56,Familiares,Posgrado
2.01406E+16,160,Aprobada,CN0,Aprobado,REGULAR,11300,9.98345E+14,2,"12,882",-14%,16578,PROPIEDAD ACTIVO FIJO,Medio A,CLIENTE_BANCO,164199,Alto,114%,0,187,622,2,58447,5770,0,43559,0,35,Hipoteca,Posgrado
2.01408E+16,713,Aprobada,CN0,Aprobado,REGULAR,9899,9.98345E+14,1,"6,533",34%,33136,PROPIEDAD ACTIVO FIJO,Medio A,CLIENTE_BANCO,94500,Medio ,66%,1,187,686,0,51261,0,0,0,0,28,Propia,Licenciatura
2.01408E+16,390,Aprobada,CN0,Aprobado,BUENO,9899,9.98345E+14,0,"10,097",-2%,57920,PROPIEDAD ACTIVO FIJO,Medio A,CLIENTE_BANCO,75000,Bajo,102%,0,187,703,1,26450,1940,0,124382,0,52,Renta,Preparatoria
2.01407E+16,9144,Aprobada,CN0,Aprobado,BUENO,7000,9.98345E+14,0,"6,790",3%,0,INVERSIONES,Alto C,NO_CLIENTE,0,Bajo,97%,0,187,713,0,0,0,0,0,0,60,Propia,Posgrado
2.01408E+16,7788,Aprobada,CN0,Aprobado,BUENO,5100,9.98345E+14,1,"5,304",-4%,0,RECIBOS DE NOMINA,Medio D,NO_CLIENTE,0,Bajo,104%,0,187,716,0,0,0,0,0,0,40,Familiares,Preparatoria
2.01407E+16,10020,Aprobada,CN0,Aprobado,BUENO,7000,9.98345E+14,0,"5,880",16%,0,RECIBOS DE NOMINA,Alto C,NO_CLIENTE,0,Bajo,84%,0,187,726,0,0,0,0,0,0,44,Propia,Preparatoria
2.01406E+16,4181,Aprobada,CN0,Aprobado,REGULAR,12100,9.98345E+14,1,"4,356",64%,20229,RECIBOS DE NOMINA,Medio A,CLIENTE_BANCO,0,Mínimo,36%,1,187,784,0,0,0,0,0,0,38,Hipoteca,Posgrado
2.01407E+16,24034,Aprobada,CN0,Aprobado,REGULAR,15100,9.98345E+14,0,"3,926",74%,11681,RECIBOS DE NOMINA,Alto B,NO_CLIENTE,0,Mínimo,26%,0,187,784,0,0,0,0,0,0,41,Hipoteca,Licenciatura
2.01406E+16,471,Aprobada,CN0,Aprobado,REGULAR,5900,9.98345E+14,2,"6,667",-13%,4334,PROPIEDAD ACTIVO FIJO,Alto B,CLIENTE_BANCO,0,Medio ,113%,0,188,680,0,0,0,0,0,0,53,Familiares,Licenciatura
2.01408E+16,7919,Aprobada,CN0,Aprobado,REGULAR,10000,9.98345E+14,2,"10,700",-7%,0,RECIBOS DE NOMINA,Medio D,NO_CLIENTE,0,Medio ,107%,0,188,693,0,0,0,0,0,0,28,Familiares,Posgrado
2.01407E+16,9037,Aprobada,CN0,Aprobado,BUENO,6000,9.98345E+14,1,"5,940",1%,0,RECIBOS DE NOMINA,Alto C,NO_CLIENTE,0,Bajo,99%,0,188,721,0,0,0,0,0,0,37,Hipoteca,Posgrado
2.01408E+16,376,Aprobada,CN0,Aprobado,BUENO,36000,9.98345E+14,1,"33,480",7%,0,RECIBOS DE NOMINA,Alto B,NO_CLIENTE,0,Bajo,93%,1,188,727,0,0,0,0,0,0,45,Familiares,Licenciatura
2.01408E+16,9236,Aprobada,CN0,Aprobado,BUENO,4700,9.98345E+14,1,"2,350",50%,0,RECIBOS DE NOMINA,Alto B,NO_CLIENTE,0,Mínimo,50%,0,188,770,0,0,0,0,0,0,57,Renta,Posgrado
2.01405E+16,208,Aprobada,CN0,Aprobado,REGULAR,28000,9.98345E+14,0,"10,080",64%,20692,RECIBOS DE NOMINA,Alto A,CLIENTE_BANCO,15000,Mínimo,36%,0,188,774,0,0,0,0,0,0,56,Renta,Preparatoria
2.01408E+16,9233,Aprobada,CN0,Aprobado,REGULAR,7200,9.98345E+14,1,"2,088",71%,0,RECIBOS DE NOMINA,Medio A,NO_CLIENTE,0,Mínimo,29%,0,188,791,0,0,0,0,0,0,46,Hipoteca,Posgrado
2.01408E+16,135,Aprobada,CN0,Aprobado,REGULAR,4999,9.98345E+14,2,"5,599",-12%,5000,RECIBOS DE NOMINA,Alto B,CLIENTE_BANCO,0,Medio ,112%,2,189,680,0,0,0,0,0,0,25,Propia,Posgrado
2.01408E+16,314,Aprobada,CN0,Aprobado,BUENO,27000,9.98345E+14,0,"19,980",26%,17706,RECIBOS DE NOMINA,Medio A,CLIENTE_BANCO,27600,Bajo,74%,0,189,704,1,17043,250,0,0,0,47,Propia,Preparatoria
2.01408E+16,4424,Aprobada,CN0,Aprobado,BUENO,20000,9.98345E+14,0,"16,800",16%,5820,RECIBOS DE NOMINA,Alto B,CLIENTE_BANCO,0,Bajo,84%,0,189,726,0,0,0,0,117492,0,51,Renta,Licenciatura
2.01408E+16,8165,Aprobada,CN0,Aprobado,REGULAR,9100,9.98345E+14,0,"1,820",80%,0,RECIBOS DE NOMINA,Alto A,NO_CLIENTE,0,Mínimo,20%,0,189,790,0,0,0,0,0,0,54,Propia,Licenciatura
2.01408E+16,7428,Aprobada,CN0,Aprobado,BUENO,23600,9.98345E+14,1,"21,004",11%,13395,RECIBOS DE NOMINA,Medio A,CLIENTE_BANCO,17000,Bajo,89%,0,190,715,1,15216,250,0,0,0,36,Hipoteca,Posgrado
2.01408E+16,187,Aprobada,CN0,Aprobado,BUENO,49999,9.98345E+14,2,"54,999",-10%,25981,RECIBOS DE NOMINA,Medio A,CLIENTE_BANCO,20000,Bajo,110%,0,190,740,1,6073,390,0,0,0,25,Renta,Preparatoria
2.01408E+16,390,Aprobada,CN0,Aprobado,REGULAR,274000,9.98345E+14,0,"101,380",63%,106453,PROPIEDAD ACTIVO FIJO,Alto A,CLIENTE_BANCO,40000,Mínimo,37%,0,190,773,0,0,0,0,0,0,44,Propia,Preparatoria
2.01406E+16,4454,Aprobada,CN0,Aprobado,REGULAR,48000,9.98345E+14,0,"16,800",65%,26224,PROPIEDAD ACTIVO FIJO,Medio A,CLIENTE_BANCO,0,Mínimo,35%,0,190,775,0,0,0,0,0,0,36,Propia,Posgrado
2.01406E+16,4264,Aprobada,CN0,Aprobado,REGULAR,66000,9.98345E+14,1,"26,400",60%,67819,RECIBOS DE NOMINA,Alto B,CLIENTE_BANCO,1,Mínimo,40%,0,190,780,0,0,0,0,0,0,27,Propia,Posgrado
2.01407E+16,7743,Aprobada,CN0,Aprobado,REGULAR,11000,9.98345E+14,3,"9,900",10%,0,RECIBOS DE NOMINA,Medio D,NO_CLIENTE,9900,Alto,90%,0,191,630,3,0,0,0,0,0,57,Propia,Licenciatura
2.01408E+16,8041,Aprobada,CN0,Aprobado,REGULAR,6300,9.98345E+14,2,"7,371",-17%,0,RECIBOS DE NOMINA,Medio A,NO_CLIENTE,0,Medio ,117%,0,191,683,0,0,0,0,0,0,26,Hipoteca,Licenciatura
2.01408E+16,7829,Aprobada,CN0,Aprobado,BUENO,15000,9.98345E+14,2,"14,400",4%,0,RECIBOS DE NOMINA,Medio D,NO_CLIENTE,0,Bajo,96%,0,191,704,0,0,0,0,0,0,26,Hipoteca,Preparatoria
2.01408E+16,199,Aprobada,CN0,Aprobado,REGULAR,9899,9.98345E+14,0,"3,168",68%,32456,PROPIEDAD ACTIVO FIJO,Medio A,CLIENTE_BANCO,13000,Bajo,32%,0,191,723,0,906,0,0,0,0,36,Renta,Preparatoria
2.01408E+16,9210,Aprobada,CN0,Aprobado,BUENO,23800,9.98345E+14,2,"23,086",3%,0,RECIBOS DE NOMINA,Alto A,CLIENTE_BANCO,37500,Bajo,97%,0,191,723,1,2438,590,0,0,0,27,Familiares,Preparatoria
2.01408E+16,11719,Aprobada,CN0,Aprobado,BUENO,21400,9.98345E+14,2,"13,268",38%,16715,RECIBOS DE NOMINA,Medio B,NO_CLIENTE,0,Bajo,62%,0,191,738,0,0,0,0,0,0,44,Renta,Posgrado
2.01406E+16,478,Aprobada,CN0,Aprobado,REGULAR,227000,9.98345E+14,2,"161,170",29%,116123,PROPIEDAD ACTIVO FIJO,Alto C,CLIENTE_BANCO,214700,Alto,71%,0,192,500,0,55,0,0,29078,0,55,Renta,Posgrado
2.01408E+16,7681,Aprobada,CN0,Aprobado,BUENO,4000,9.98345E+14,0,"2,360",41%,0,PROPIEDAD ACTIVO FIJO,Alto B,NO_CLIENTE,0,Mínimo,59%,0,192,751,0,0,0,0,0,0,27,Familiares,Licenciatura
2.01408E+16,8130,Aprobada,CN0,Aprobado,BUENO,6000,9.98345E+14,0,"2,580",57%,0,RECIBOS DE NOMINA,Medio A,NO_CLIENTE,0,Mínimo,43%,0,192,767,0,0,0,0,0,0,46,Renta,Licenciatura
2.01408E+16,4414,Aprobada,CN0,Aprobado,REGULAR,49999,9.98345E+14,0,"38,999",22%,31918,RECIBOS DE NOMINA,Medio A,CLIENTE_BANCO,10500,Medio ,78%,0,193,665,1,11034,270,0,0,0,59,Hipoteca,Licenciatura
2.01408E+16,9433,Aprobada,CN0,Aprobado,REGULAR,9999,9.98345E+14,1,"2,000",80%,5006,RECIBOS DE NOMINA,Medio A,CLIENTE_BANCO,12100,Medio ,20%,0,193,679,1,2664,290,0,26301,0,49,Renta,Posgrado
2.01408E+16,9171,Aprobada,CN0,Aprobado,BUENO,7000,9.98345E+14,1,"7,280",-4%,0,INVERSIONES,Alto C,NO_CLIENTE,0,Bajo,104%,0,193,716,0,0,0,0,0,0,55,Renta,Licenciatura
2.01408E+16,7616,Aprobada,CN0,Aprobado,BUENO,6000,9.98345E+14,2,"4,320",28%,0,INVERSIONES,Alto C,NO_CLIENTE,0,Bajo,72%,0,193,728,0,0,0,0,0,0,37,Propia,Posgrado
2.01407E+16,8127,Aprobada,CN0,Aprobado,BUENO,7000,9.98345E+14,2,"4,410",37%,0,INVERSIONES,Medio B,NO_CLIENTE,0,Bajo,63%,0,193,737,0,0,0,0,0,0,54,Propia,Licenciatura
2.01407E+16,14091,Aprobada,CN0,Aprobado,BUENO,8100,9.98345E+14,2,"4,617",43%,7250,RECIBOS DE NOMINA,Medio B,NO_CLIENTE,0,Bajo,57%,0,193,743,0,0,0,0,0,0,27,Familiares,Licenciatura
2.01407E+16,9142,Aprobada,CN0,Aprobado,BUENO,7000,9.98345E+14,0,"3,710",47%,0,INVERSIONES,Alto A,NO_CLIENTE,0,Mínimo,53%,0,193,757,0,0,0,0,0,0,59,Renta,Preparatoria
2.01408E+16,8133,Aprobada,CN0,Aprobado,REGULAR,13200,9.98345E+14,0,"5,280",60%,0,RECIBOS DE NOMINA,Alto A,CLIENTE_BANCO,0,Mínimo,40%,0,193,770,0,0,0,0,0,0,46,Hipoteca,Preparatoria
2.01407E+16,9142,Aprobada,CN0,Aprobado,BUENO,6000,9.98345E+14,1,"2,760",54%,0,INVERSIONES,Medio A,NO_CLIENTE,0,Mínimo,46%,0,193,774,0,0,0,0,0,0,47,Propia,Posgrado
2.01408E+16,7898,Aprobada,CN0,Aprobado,BUENO,4000,9.98345E+14,1,"1,840",54%,0,RECIBOS DE NOMINA,Alto B,NO_CLIENTE,0,Mínimo,46%,0,193,774,0,0,0,0,0,0,39,Familiares,Licenciatura
2.01408E+16,9135,Aprobada,CN0,Aprobado,BUENO,7000,9.98345E+14,1,"3,220",54%,0,RECIBOS DE NOMINA,Alto A,NO_CLIENTE,0,Mínimo,46%,0,193,774,0,0,0,0,0,0,50,Propia,Posgrado
2.01408E+16,9142,Aprobada,CN0,Aprobado,REGULAR,7000,9.98345E+14,0,"1,190",83%,0,INVERSIONES,Medio A,NO_CLIENTE,1,Mínimo,17%,1,193,793,0,0,0,0,0,0,27,Hipoteca,Preparatoria
2.01408E+16,7918,Aprobada,CN0,Aprobado,REGULAR,6000,9.98345E+14,1,"1,560",74%,0,RECIBOS DE NOMINA,Alto B,NO_CLIENTE,0,Mínimo,26%,0,193,794,0,0,0,0,0,0,46,Renta,Preparatoria
2.01408E+16,7661,Aprobada,CN0,Aprobado,REGULAR,4300,9.98345E+14,0,817,81%,0,RECIBOS DE NOMINA,Alto A,CLIENTE_BANCO,76800,Medio ,19%,0,194,694,1,36782,1430,0,58368,0,59,Renta,Preparatoria
2.01407E+16,19023,Aprobada,CN0,Aprobado,REGULAR,81000,9.98345E+14,1,"31,590",61%,30970,RECIBOS DE NOMINA,Medio A,CLIENTE_BANCO,4000,Bajo,39%,0,194,703,1,385,250,0,0,0,54,Propia,Posgrado
2.01408E+16,7996,Aprobada,CN0,Aprobado,BUENO,9899,9.98345E+14,0,"9,998",-1%,12371,PROPIEDAD ACTIVO FIJO,Alto B,CLIENTE_BANCO,0,Bajo,101%,0,194,709,0,0,0,0,0,0,44,Renta,Preparatoria
2.01408E+16,930,Aprobada,CN0,Aprobado,BUENO,9899,9.98345E+14,1,"6,434",35%,103099,RECIBOS DE NOMINA,Medio A,CLIENTE_BANCO,19100,Bajo,65%,0,194,711,0,103,0,0,0,0,54,Hipoteca,Licenciatura
2.01408E+16,5198,Aprobada,CN0,Aprobado,BUENO,46999,9.98345E+14,0,"37,129",21%,17039,RECIBOS DE NOMINA,Medio A,CLIENTE_BANCO,20000,Bajo,79%,0,194,740,0,1777,0,0,0,0,36,Propia,Preparatoria
2.01408E+16,428,Aprobada,CN0,Aprobado,BUENO,140000,9.98345E+14,1,"131,600",6%,52600,RECIBOS DE NOMINA,Medio A,CLIENTE_BANCO,72000,Bajo,94%,0,194,744,0,12488,0,0,0,0,38,Propia,Preparatoria
2.01407E+16,14065,Aprobada,CN0,Aprobado,BUENO,29000,9.98345E+14,2,"17,400",40%,38633,PAGOS PROV SEMESTRALES PF,Alto B,CLIENTE_BANCO,103000,Mínimo,60%,0,194,763,1,25188,1290,0,5205,0,44,Hipoteca,Licenciatura
2.01408E+16,7575,Aprobada,CN0,Aprobado,REGULAR,27000,9.98345E+14,0,"10,800",60%,0,RECIBOS DE NOMINA,Alto A,NO_CLIENTE,0,Mínimo,40%,0,194,770,0,0,0,0,0,0,49,Familiares,Preparatoria
2.01406E+16,390,Aprobada,CN0,Aprobado,REGULAR,5800,9.98345E+14,1,"1,218",79%,6137,RECIBOS DE NOMINA,Medio A,CLIENTE_BANCO,0,Mínimo,21%,0,194,799,0,0,0,0,31374,0,34,Propia,Posgrado
2.01408E+16,232,Aprobada,CN0,Aprobado,REGULAR,35000,9.98345E+14,2,"33,250",5%,36982,RECIBOS DE NOMINA,Medio A,CLIENTE_BANCO,206500,Medio ,95%,0,195,676,1,116773,6280,0,41262,0,34,Renta,Preparatoria
2.01408E+16,458,Aprobada,CN0,Aprobado,REGULAR,39999,9.98345E+14,1,"18,400",54%,12586,PROPIEDAD ACTIVO FIJO,Medio A,CLIENTE_BANCO,15000,Medio ,46%,0,195,694,1,14264,760,0,4764,0,38,Propia,Licenciatura
2.01408E+16,151,Aprobada,CN0,Aprobado,REGULAR,9899,9.98345E+14,0,"9,206",7%,13563,PAGOS PROV SEMESTRALES PF,Medio A,CLIENTE_BANCO,24504,Medio ,93%,0,195,694,0,6372,0,0,48464,0,56,Renta,Licenciatura
2.01408E+16,25,Aprobada,CN0,Aprobado,REGULAR,46999,9.98345E+14,0,"21,150",55%,4236,PROPIEDAD ACTIVO FIJO,Medio A,CLIENTE_BANCO,18700,Medio ,45%,0,195,694,1,16424,790,0,92815,0,33,Hipoteca,Preparatoria
2.01408E+16,4351,Aprobada,CN0,Aprobado,REGULAR,1999,9.98345E+14,0,420,79%,35018,PROPIEDAD ACTIVO FIJO,Medio A,CLIENTE_BANCO,15000,Bajo,21%,0,195,740,0,4058,0,0,0,0,30,Renta,Licenciatura
2.01407E+16,7904,Aprobada,CN0,Aprobado,BUENO,7000,9.98345E+14,0,"4,340",38%,0,RECIBOS DE NOMINA,Medio B,NO_CLIENTE,0,Bajo,62%,0,195,748,0,0,0,0,0,0,49,Hipoteca,Preparatoria
2.01408E+16,889,Aprobada,CN0,Aprobado,REGULAR,39999,9.98345E+14,1,"8,800",78%,31797,PROPIEDAD ACTIVO FIJO,Medio A,CLIENTE_BANCO,12600,Bajo,22%,0,195,750,0,173,0,0,0,0,32,Renta,Preparatoria
2.01408E+16,8006,Aprobada,CN0,Aprobado,BUENO,10400,9.98345E+14,0,"5,720",45%,0,PROPIEDAD ACTIVO FIJO,Alto B,NO_CLIENTE,5000,Mínimo,55%,0,195,755,0,0,0,0,0,0,36,Hipoteca,Posgrado
2.01406E+16,252,Aprobada,CN0,Aprobado,REGULAR,10500,9.98345E+14,0,"3,885",63%,13976,RECIBOS DE NOMINA,Medio A,NO_CLIENTE,0,Mínimo,37%,0,195,773,0,0,0,0,0,0,33,Propia,Licenciatura
2.01407E+16,7713,Aprobada,CN0,Aprobado,BUENO,7000,9.98345E+14,1,"3,150",55%,0,INVERSIONES,Alto B,NO_CLIENTE,0,Mínimo,45%,0,195,775,0,0,0,0,0,0,26,Renta,Posgrado
2.01408E+16,830,Aprobada,CN0,Aprobado,REGULAR,49999,9.98345E+14,0,"16,500",67%,41672,PROPIEDAD ACTIVO FIJO,Alto A,CLIENTE_BANCO,7000,Mínimo,33%,0,195,779,0,0,0,0,14054,0,37,Renta,Licenciatura
2.01408E+16,4441,Aprobada,CN0,Aprobado,REGULAR,4999,9.98345E+14,1,"1,150",77%,0,RECIBOS DE NOMINA,Medio A,CLIENTE_BANCO,0,Mínimo,23%,0,195,797,0,0,0,0,0,0,57,Hipoteca,Posgrado
2.01408E+16,7575,Aprobada,CN0,Aprobado,REGULAR,10500,9.98345E+14,1,"1,680",84%,0,RECIBOS DE NOMINA,Alto A,NO_CLIENTE,0,Mínimo,16%,0,195,804,0,0,0,0,0,0,55,Propia,Posgrado
2.01407E+16,9165,Aprobada,CN0,Aprobado,REGULAR,7000,9.98345E+14,3,"8,260",-18%,0,INVERSIONES,Alto C,NO_CLIENTE,8260,Alto,118%,0,196,499,3,0,0,0,0,0,34,Familiares,Licenciatura
2.01406E+16,673,Aprobada,CN0,Aprobado,REGULAR,30000,9.98345E+14,1,"25,800",14%,7957,PROPIEDAD ACTIVO FIJO,Medio A,CLIENTE_BANCO,16004,Alto,86%,0,196,628,1,16731,1190,0,0,0,30,Familiares,Licenciatura
2.01408E+16,5975,Aprobada,CN0,Aprobado,REGULAR,9899,9.98345E+14,0,"1,485",85%,59681,PROPIEDAD ACTIVO FIJO,Medio A,CLIENTE_BANCO,53000,Bajo,15%,0,196,707,0,40334,0,0,0,0,60,Hipoteca,Preparatoria
2.01407E+16,8132,Aprobada,CN0,Aprobado,BUENO,15000,9.98345E+14,2,"12,000",20%,0,RECIBOS DE NOMINA,Medio C,NO_CLIENTE,0,Bajo,80%,0,196,720,0,0,0,0,0,0,58,Familiares,Posgrado
2.01408E+16,4169,Aprobada,CN0,Aprobado,BUENO,50000,9.98345E+14,1,"37,000",26%,11201,RECIBOS DE NOMINA,Medio A,CLIENTE_BANCO,5000,Bajo,74%,0,196,733,0,1169,0,0,25460,0,49,Hipoteca,Posgrado
2.01408E+16,7915,Aprobada,CN0,Aprobado,BUENO,7100,9.98345E+14,2,"4,402",38%,0,RECIBOS DE NOMINA,Medio A,NO_CLIENTE,0,Bajo,62%,0,196,738,0,0,0,0,0,0,36,Hipoteca,Preparatoria
2.01408E+16,7706,Aprobada,CN0,Aprobado,BUENO,6000,9.98345E+14,0,"2,640",56%,0,RECIBOS DE NOMINA,Medio A,NO_CLIENTE,0,Mínimo,44%,0,196,766,0,0,0,0,0,0,39,Renta,Posgrado
2.01407E+16,5265,Aprobada,CN0,Aprobado,REGULAR,1400,9.98345E+14,0,476,66%,0,INVERSIONES,Medio B,NO_CLIENTE,0,Mínimo,34%,0,196,776,0,0,0,0,0,0,37,Renta,Licenciatura
2.01408E+16,9208,Aprobada,CN0,Aprobado,REGULAR,19300,9.98345E+14,0,"5,790",70%,0,RECIBOS DE NOMINA,Alto A,NO_CLIENTE,0,Mínimo,30%,0,196,780,0,0,0,0,0,0,51,Renta,Preparatoria
2.01407E+16,7829,Aprobada,CN0,Aprobado,REGULAR,6000,9.98345E+14,1,"1,860",69%,0,INVERSIONES,Medio A,NO_CLIENTE,0,Mínimo,31%,0,196,789,0,0,0,0,0,0,49,Propia,Preparatoria
2.01407E+16,9149,Aprobada,CN0,Aprobado,REGULAR,7000,9.98345E+14,0,"1,120",84%,0,INVERSIONES,Alto B,NO_CLIENTE,0,Mínimo,16%,0,196,794,0,0,0,0,0,0,54,Renta,Preparatoria
2.01408E+16,290,Aprobada,CN0,Aprobado,REGULAR,49999,9.98345E+14,1,"37,499",25%,40294,PROPIEDAD ACTIVO FIJO,Medio A,CLIENTE_BANCO,43000,Medio ,75%,0,197,674,0,19396,0,0,101713,0,37,Renta,Posgrado
2.01408E+16,7403,Aprobada,CN0,Aprobado,REGULAR,70000,9.98345E+14,0,"35,000",50%,28245,RECIBOS DE NOMINA,Medio A,CLIENTE_BANCO,15600,Medio ,50%,0,197,694,0,13334,0,0,0,0,55,Propia,Licenciatura
2.01408E+16,8174,Aprobada,CN0,Aprobado,REGULAR,9899,9.98345E+14,1,"7,325",26%,33977,PROPIEDAD ACTIVO FIJO,Medio A,CLIENTE_BANCO,38000,Medio ,74%,0,197,697,1,29721,1460,0,0,0,27,Hipoteca,Posgrado
2.01408E+16,621,Aprobada,CN0,Aprobado,BUENO,2999,9.98345E+14,1,"3,449",-15%,11311,PROPIEDAD ACTIVO FIJO,Alto B,CLIENTE_BANCO,0,Bajo,115%,0,197,705,0,0,0,0,0,0,37,Familiares,Posgrado
2.01408E+16,9140,Aprobada,CN0,Aprobado,BUENO,6000,9.98345E+14,0,"6,000",0%,0,RECIBOS DE NOMINA,Medio B,CLIENTE_BANCO,0,Bajo,100%,0,197,710,0,0,0,0,0,0,54,Familiares,Posgrado
2.01406E+16,767,Aprobada,CN0,Aprobado,BUENO,59000,9.98345E+14,2,"65,490",-11%,43471,PROPIEDAD ACTIVO FIJO,Medio A,CLIENTE_BANCO,65000,Bajo,111%,0,197,711,1,32047,1470,0,0,0,42,Familiares,Secundaria
2.01407E+16,9135,Aprobada,CN0,Aprobado,BUENO,7000,9.98345E+14,2,"5,880",16%,0,INVERSIONES,Alto C,NO_CLIENTE,0,Bajo,84%,0,197,716,0,0,0,0,0,0,28,Propia,Preparatoria
2.01408E+16,4165,Aprobada,CN0,Aprobado,BUENO,9899,9.98345E+14,1,"10,196",-3%,31679,RECIBOS DE NOMINA,Medio A,CLIENTE_BANCO,116000,Bajo,103%,0,197,723,1,104132,5710,0,0,0,41,Propia,Preparatoria
2.01407E+16,7714,Aprobada,CN0,Aprobado,BUENO,7000,9.98345E+14,1,"6,510",7%,0,INVERSIONES,Alto C,NO_CLIENTE,0,Bajo,93%,0,197,727,0,0,0,0,0,0,45,Propia,Licenciatura
2.01408E+16,9603,Aprobada,CN0,Aprobado,BUENO,46000,9.98345E+14,2,"26,220",43%,18116,RECIBOS DE NOMINA,Alto B,NO_CLIENTE,0,Bajo,57%,0,197,743,0,0,0,0,0,0,33,Hipoteca,Licenciatura
2.01408E+16,354,Aprobada,CN0,Aprobado,BUENO,49999,9.98345E+14,2,"26,999",46%,22744,RECIBOS DE NOMINA,Alto B,CLIENTE_BANCO,0,Bajo,54%,0,197,746,0,0,0,0,0,0,58,Familiares,Licenciatura
2.01407E+16,7829,Aprobada,CN0,Aprobado,BUENO,7000,9.98345E+14,1,"5,040",28%,0,INVERSIONES,Alto C,NO_CLIENTE,0,Bajo,72%,0,197,748,0,0,0,0,0,0,28,Renta,Preparatoria
2.01408E+16,4228,Aprobada,CN0,Aprobado,REGULAR,153000,9.98345E+14,1,"59,670",61%,37505,RECIBOS DE NOMINA,Alto A,CLIENTE_BANCO,104900,Mínimo,39%,0,197,754,1,7300,1320,0,0,0,59,Propia,Licenciatura
2.01407E+16,8128,Aprobada,CN0,Aprobado,BUENO,7000,9.98345E+14,1,"4,550",35%,0,INVERSIONES,Alto B,NO_CLIENTE,0,Mínimo,65%,0,197,755,0,0,0,0,0,0,26,Hipoteca,Preparatoria
2.01407E+16,9233,Aprobada,CN0,Aprobado,BUENO,7000,9.98345E+14,0,"3,640",48%,0,INVERSIONES,Medio B,NO_CLIENTE,0,Mínimo,52%,0,197,758,0,0,0,0,0,0,28,Propia,Licenciatura
2.01408E+16,707,Aprobada,CN0,Aprobado,REGULAR,22499,9.98345E+14,1,"14,174",37%,12330,PROPIEDAD ACTIVO FIJO,Medio A,CLIENTE_BANCO,5004,Medio ,63%,0,198,668,0,0,0,0,0,0,53,Propia,Licenciatura
2.01408E+16,4137,Aprobada,CN0,Aprobado,REGULAR,9899,9.98345E+14,2,"11,681",-18%,92586,PROPIEDAD ACTIVO FIJO,Medio A,CLIENTE_BANCO,85500,Medio ,118%,0,198,689,0,85440,0,0,0,0,50,Propia,Licenciatura
2.01408E+16,14009,Aprobada,CN0,Aprobado,REGULAR,5700,9.98345E+14,2,"6,213",-9%,10751,RECIBOS DE NOMINA,Medio B,NO_CLIENTE,0,Medio ,109%,0,198,691,0,0,0,0,0,0,26,Propia,Licenciatura
2.01408E+16,928,Aprobada,CN0,Aprobado,BUENO,49999,9.98345E+14,1,"49,999",0%,74532,RECIBOS DE NOMINA,Medio A,CLIENTE_BANCO,50000,Bajo,100%,0,198,704,1,44339,2720,0,0,1,27,Familiares,Posgrado
2.01408E+16,842,Aprobada,CN0,Aprobado,BUENO,9899,9.98345E+14,1,"4,851",51%,20699,PROPIEDAD ACTIVO FIJO,Medio A,CLIENTE_BANCO,21000,Bajo,49%,0,198,706,0,16485,0,0,0,0,47,Propia,Posgrado
2.01408E+16,38,Aprobada,CN0,Aprobado,BUENO,10099,9.98345E+14,1,"10,301",-2%,12905,PROPIEDAD ACTIVO FIJO,Medio B,CLIENTE_BANCO,0,Bajo,102%,0,198,718,0,0,0,0,55120,0,31,Hipoteca,Licenciatura
2.01407E+16,8193,Aprobada,CN0,Aprobado,BUENO,34999,9.98345E+14,1,"36,399",-4%,14785,RECIBOS DE NOMINA,Medio A,CLIENTE_BANCO,17200,Bajo,104%,0,198,740,0,2037,0,0,0,0,41,Propia,Preparatoria
2.01408E+16,4857,Aprobada,CN0,Aprobado,BUENO,87000,9.98345E+14,1,"94,830",-9%,38679,RECIBOS DE NOMINA,Medio A,CLIENTE_BANCO,166000,Bajo,109%,0,198,744,1,3443,1140,0,0,0,33,Familiares,Posgrado
2.01408E+16,785,Aprobada,CN0,Aprobado,BUENO,9899,9.98345E+14,1,"10,196",-3%,53546,RECIBOS DE NOMINA,Medio B,CLIENTE_BANCO,21500,Mínimo,103%,0,198,754,1,2000,270,0,0,0,48,Renta,Licenciatura
2.01408E+16,194,Aprobada,CN0,Aprobado,BUENO,49999,9.98345E+14,0,"22,500",55%,30043,PROPIEDAD ACTIVO FIJO,Medio A,CLIENTE_BANCO,0,Mínimo,45%,0,198,765,0,0,0,0,3326,0,27,Propia,Preparatoria
2.01408E+16,9154,Aprobada,CN0,Aprobado,REGULAR,6000,9.98345E+14,0,"1,800",70%,0,RECIBOS DE NOMINA,Alto B,NO_CLIENTE,0,Mínimo,30%,0,198,780,0,0,0,0,0,0,36,Hipoteca,Preparatoria
2.01406E+16,4342,Aprobada,CN0,Aprobado,BUENO,5000,9.98345E+14,0,"5,000",0%,13230,PROPIEDAD ACTIVO FIJO,Alto B,CLIENTE_BANCO,36000,Bajo,100%,0,199,710,0,0,0,0,50525,0,41,Hipoteca,Licenciatura
2.01408E+16,9172,Aprobada,CN0,Aprobado,BUENO,10000,9.98345E+14,0,"9,000",10%,0,RECIBOS DE NOMINA,Medio B,NO_CLIENTE,0,Bajo,90%,0,199,720,0,0,0,0,0,0,60,Familiares,Posgrado
2.01408E+16,357,Aprobada,CN0,Aprobado,BUENO,37501,9.98345E+14,1,"22,876",39%,27112,PROPIEDAD ACTIVO FIJO,Medio A,CLIENTE_BANCO,16500,Bajo,61%,0,199,723,1,5653,370,0,0,0,44,Familiares,Posgrado
2.01408E+16,4302,Aprobada,CN0,Aprobado,BUENO,48999,9.98345E+14,0,"25,479",48%,19069,PROPIEDAD ACTIVO FIJO,Medio A,CLIENTE_BANCO,44000,Bajo,52%,0,199,733,1,5012,328,0,0,0,39,Propia,Posgrado
2.01407E+16,20136,Aprobada,CN0,Aprobado,BUENO,2999,9.98345E+14,2,"2,069",31%,8709,PROPIEDAD ACTIVO FIJO,Alto B,CLIENTE_BANCO,15,Bajo,69%,0,199,750,0,0,0,0,0,0,26,Familiares,Licenciatura
2.01408E+16,8136,Aprobada,CN0,Aprobado,REGULAR,6000,9.98345E+14,0,"2,160",64%,0,INVERSIONES,Medio A,NO_CLIENTE,0,Mínimo,36%,0,199,774,0,0,0,0,0,0,40,Familiares,Preparatoria
2.01408E+16,9167,Aprobada,CN0,Aprobado,BUENO,7000,9.98345E+14,1,"3,150",55%,0,INVERSIONES,Alto B,NO_CLIENTE,0,Mínimo,45%,0,199,775,0,0,0,0,0,0,33,Familiares,Preparatoria
2.01407E+16,11720,Aprobada,CN0,Aprobado,REGULAR,11800,9.98345E+14,0,"2,950",75%,10967,PROPIEDAD ACTIVO FIJO,Alto A,NO_CLIENTE,0,Mínimo,25%,0,199,785,0,0,0,0,0,0,36,Familiares,Posgrado
2.01407E+16,50012,Aprobada,CN0,Aprobado,REGULAR,11700,9.98345E+14,3,"12,402",-6%,14846,RECIBOS DE NOMINA,Medio A,CLIENTE_BANCO,13200,Medio ,106%,0,200,657,3,3055,250,0,0,0,60,Renta,Preparatoria
2.01408E+16,284,Aprobada,CN0,Aprobado,REGULAR,271000,9.98345E+14,2,"146,340",46%,52930,PROPIEDAD ACTIVO FIJO,Alto A,CLIENTE_BANCO,40000,Medio ,54%,0,200,687,0,8176,0,0,0,0,56,Hipoteca,Preparatoria
2.01408E+16,9609,Aprobada,CN0,Aprobado,REGULAR,39999,9.98345E+14,0,"10,000",75%,27043,PROPIEDAD ACTIVO FIJO,Medio A,CLIENTE_BANCO,20600,Medio ,25%,0,200,689,1,15961,870,0,48905,0,38,Propia,Posgrado
2.01408E+16,9184,Aprobada,CN0,Aprobado,REGULAR,7000,9.98345E+14,0,"2,240",68%,0,INVERSIONES,Alto A,NO_CLIENTE,0,Mínimo,32%,0,200,778,0,0,0,0,0,0,40,Familiares,Posgrado
2.01408E+16,4641,Aprobada,CN0,Aprobado,REGULAR,27999,9.98345E+14,3,"33,039",-18%,18347,PROPIEDAD ACTIVO FIJO,Medio A,CLIENTE_BANCO,18700,Medio ,118%,0,201,650,3,8123,460,0,0,0,59,Propia,Posgrado
2.01406E+16,918,Aprobada,CN0,Aprobado,REGULAR,35000,9.98345E+14,2,"35,700",-2%,28452,PROPIEDAD ACTIVO FIJO,Alto B,CLIENTE_BANCO,0,Medio ,102%,0,201,660,0,0,0,0,14280,0,48,Familiares,Preparatoria
2.01408E+16,8009,Aprobada,CN0,Aprobado,REGULAR,6000,9.98345E+14,2,"6,780",-13%,0,INVERSIONES,Alto C,NO_CLIENTE,0,Medio ,113%,0,201,687,0,0,0,0,0,0,44,Propia,Posgrado
2.01407E+16,290,Aprobada,CN0,Aprobado,BUENO,18000,9.98345E+14,2,"10,980",39%,9524,RECIBOS DE NOMINA,Medio B,NO_CLIENTE,0,Bajo,61%,0,201,739,0,0,0,0,0,0,52,Hipoteca,Posgrado
2.01407E+16,7591,Aprobada,CN0,Aprobado,BUENO,7000,9.98345E+14,1,"3,290",53%,0,RECIBOS DE NOMINA,Medio A,NO_CLIENTE,0,Mínimo,47%,0,201,773,0,0,0,0,0,0,41,Propia,Preparatoria
2.01408E+16,4090,Aprobada,CN0,Aprobado,REGULAR,49999,9.98345E+14,0,"12,000",76%,19308,PROPIEDAD ACTIVO FIJO,Alto A,CLIENTE_BANCO,18500,Bajo,24%,0,202,716,0,0,0,0,0,0,40,Hipoteca,Licenciatura
2.01407E+16,11711,Aprobada,CN0,Aprobado,BUENO,31000,9.98345E+14,0,"27,280",12%,25598,PROPIEDAD ACTIVO FIJO,Alto B,CLIENTE_BANCO,0,Bajo,88%,0,202,722,0,0,0,0,32226,0,49,Propia,Posgrado
2.01408E+16,5025,Aprobada,CN0,Aprobado,REGULAR,12599,9.98345E+14,1,"4,158",67%,16465,PROPIEDAD ACTIVO FIJO,Medio A,CLIENTE_BANCO,69000,Bajo,33%,0,202,723,0,9340,0,0,72292,0,38,Familiares,Licenciatura
2.01408E+16,4376,Aprobada,CN0,Aprobado,BUENO,9899,9.98345E+14,2,"11,186",-13%,40069,RECIBOS DE NOMINA,Medio A,CLIENTE_BANCO,50000,Bajo,113%,0,202,744,0,1294,0,0,0,0,55,Propia,Posgrado
2.01408E+16,5975,Aprobada,CN0,Aprobado,BUENO,104000,9.98345E+14,0,"46,800",55%,38630,PROPIEDAD ACTIVO FIJO,Alto B,CLIENTE_BANCO,7200,Mínimo,45%,0,202,756,0,0,0,0,0,0,27,Propia,Preparatoria
2.01408E+16,86000,Aprobada,CN0,Aprobado,REGULAR,3000,9.98345E+14,0,"1,080",64%,0,RECIBOS DE NOMINA,Alto A,NO_CLIENTE,0,Mínimo,36%,0,202,774,0,0,0,0,0,0,55,Familiares,Preparatoria
2.01408E+16,7788,Aprobada,CN0,Aprobado,REGULAR,7000,9.98345E+14,2,"8,330",-19%,0,RECIBOS DE NOMINA,Medio B,NO_CLIENTE,0,Medio ,119%,0,203,681,0,0,0,0,0,0,28,Propia,Posgrado
2.01408E+16,7163,Aprobada,CN0,Aprobado,REGULAR,9899,9.98345E+14,0,"8,414",15%,74812,PROPIEDAD ACTIVO FIJO,Medio A,CLIENTE_BANCO,104500,Medio ,85%,0,203,695,0,78268,0,0,0,0,51,Hipoteca,Licenciatura
2.01408E+16,85,Aprobada,CN0,Aprobado,REGULAR,16500,9.98345E+14,0,"10,065",39%,17199,RECIBOS DE NOMINA,Medio A,CLIENTE_BANCO,7000,Medio ,61%,0,203,695,0,4551,0,0,14619,0,47,Familiares,Licenciatura
2.01408E+16,4351,Aprobada,CN0,Aprobado,BUENO,260000,9.98345E+14,1,"137,800",47%,54683,PROPIEDAD ACTIVO FIJO,Alto A,CLIENTE_BANCO,45000,Bajo,53%,0,203,705,1,41180,2560,0,0,0,58,Renta,Preparatoria
2.01408E+16,207,Aprobada,CN0,Aprobado,BUENO,50000,9.98345E+14,2,"38,000",24%,28598,RECIBOS DE NOMINA,Medio A,CLIENTE_BANCO,47500,Bajo,76%,0,203,714,1,35012,520,0,0,0,43,Renta,Licenciatura
2.01408E+16,14004,Aprobada,CN0,Aprobado,BUENO,48000,9.98345E+14,0,"43,200",10%,18865,RECIBOS DE NOMINA,Medio B,NO_CLIENTE,0,Bajo,90%,0,203,720,0,0,0,0,0,0,39,Hipoteca,Licenciatura
2.01408E+16,6577,Aprobada,CN0,Aprobado,BUENO,50000,9.98345E+14,2,"44,000",12%,12210,RECIBOS DE NOMINA,Medio A,CLIENTE_BANCO,10000,Bajo,88%,0,203,723,1,2056,940,0,0,0,42,Hipoteca,Posgrado
2.01408E+16,7728,Aprobada,CN0,Aprobado,BUENO,6000,9.98345E+14,0,"4,920",18%,0,INVERSIONES,Alto C,NO_CLIENTE,0,Bajo,82%,0,203,728,0,0,0,0,0,0,29,Propia,Posgrado
2.01408E+16,4229,Aprobada,CN0,Aprobado,BUENO,21900,9.98345E+14,1,"23,433",-7%,14256,RECIBOS DE NOMINA,Medio A,CLIENTE_BANCO,35500,Bajo,107%,0,203,740,1,1721,450,0,0,0,41,Propia,Posgrado
2.01408E+16,5997,Aprobada,CN0,Aprobado,BUENO,25000,9.98345E+14,1,"12,000",52%,26872,RECIBOS DE NOMINA,Medio A,CLIENTE_BANCO,48400,Bajo,48%,0,203,740,1,14679,610,0,4950,0,56,Familiares,Posgrado
2.01408E+16,7625,Aprobada,CN0,Aprobado,BUENO,55000,9.98345E+14,2,"32,450",41%,0,RECIBOS DE NOMINA,Medio A,NO_CLIENTE,0,Bajo,59%,0,203,741,0,0,0,0,0,0,40,Propia,Posgrado
2.01408E+16,8162,Aprobada,CN0,Aprobado,BUENO,16800,9.98345E+14,1,"12,600",25%,0,RECIBOS DE NOMINA,Medio C,NO_CLIENTE,0,Bajo,75%,0,203,745,0,0,0,0,71456,0,35,Propia,Licenciatura
2.01408E+16,765,Aprobada,CN0,Aprobado,BUENO,43999,9.98345E+14,2,"41,359",6%,16079,PROPIEDAD ACTIVO FIJO,Alto A,CLIENTE_BANCO,34000,Mínimo,94%,0,203,757,0,0,0,0,79788,0,28,Hipoteca,Licenciatura
2.01407E+16,24028,Aprobada,CN0,Aprobado,REGULAR,15600,9.98345E+14,0,"6,084",61%,9828,RECIBOS DE NOMINA,Medio A,CLIENTE_BANCO,0,Mínimo,39%,0,203,771,0,0,0,0,0,0,36,Familiares,Licenciatura
2.01408E+16,568,Aprobada,CN0,Aprobado,REGULAR,30999,9.98345E+14,0,"10,540",66%,11375,PROPIEDAD ACTIVO FIJO,Alto B,CLIENTE_BANCO,7100,Mínimo,34%,0,203,776,0,0,0,0,0,0,54,Renta,Preparatoria
2.01408E+16,11708,Aprobada,CN0,Aprobado,REGULAR,47000,9.98345E+14,0,"15,510",67%,30643,RECIBOS DE NOMINA,Medio A,CLIENTE_BANCO,2,Mínimo,33%,0,203,777,0,0,0,0,0,0,34,Hipoteca,Licenciatura
2.01408E+16,246,Aprobada,CN0,Aprobado,REGULAR,9899,9.98345E+14,1,"11,186",-13%,12375,PROPIEDAD ACTIVO FIJO,Medio A,CLIENTE_BANCO,17000,Medio ,113%,0,204,684,0,10076,0,0,0,0,60,Hipoteca,Licenciatura
2.01408E+16,969,Aprobada,CN0,Aprobado,REGULAR,9899,9.98345E+14,1,"9,998",-1%,41521,PAGOS PROV SEMESTRALES PF,Medio A,CLIENTE_BANCO,77500,Medio ,101%,0,204,695,0,68455,0,0,0,0,31,Familiares,Licenciatura
2.01408E+16,610,Aprobada,CN0,Aprobado,REGULAR,2999,9.98345E+14,1,"2,699",10%,17476,PROPIEDAD ACTIVO FIJO,Medio A,CLIENTE_BANCO,3000,Medio ,90%,0,204,697,1,2619,250,0,0,0,40,Propia,Preparatoria
2.01408E+16,221,Aprobada,CN0,Aprobado,REGULAR,40000,9.98345E+14,2,"43,200",-8%,15131,RECIBOS DE NOMINA,Medio A,CLIENTE_BANCO,5004,Medio ,108%,0,204,698,0,2659,0,0,0,0,43,Renta,Preparatoria
2.01408E+16,4418,Aprobada,CN0,Aprobado,REGULAR,9899,9.98345E+14,1,"1,584",84%,32877,PROPIEDAD ACTIVO FIJO,Medio A,CLIENTE_BANCO,16700,Bajo,16%,0,204,704,1,15927,950,0,0,0,27,Hipoteca,Posgrado
2.01408E+16,4498,Aprobada,CN0,Aprobado,BUENO,9899,9.98345E+14,1,"7,424",25%,32260,PROPIEDAD ACTIVO FIJO,Medio A,CLIENTE_BANCO,38200,Bajo,75%,0,204,713,1,37894,1690,0,26026,0,37,Hipoteca,Posgrado
2.01408E+16,10012,Aprobada,CN0,Aprobado,BUENO,54000,9.98345E+14,2,"39,960",26%,0,RECIBOS DE NOMINA,Medio A,NO_CLIENTE,0,Bajo,74%,0,204,726,0,0,0,0,0,0,27,Propia,Preparatoria
2.01408E+16,969,Aprobada,CN0,Aprobado,BUENO,9899,9.98345E+14,1,"11,285",-14%,22345,PAGOS PROV SEMESTRALES PF,Medio A,CLIENTE_BANCO,15000,Bajo,114%,0,204,727,1,4340,250,0,0,0,41,Renta,Posgrado
2.01408E+16,4422,Aprobada,CN0,Aprobado,BUENO,9899,9.98345E+14,0,"6,830",31%,15986,PROPIEDAD ACTIVO FIJO,Medio A,CLIENTE_BANCO,5200,Bajo,69%,0,204,734,1,100,100,0,0,0,57,Familiares,Preparatoria
2.01407E+16,7693,Aprobada,CN0,Aprobado,BUENO,17400,9.98345E+14,1,"11,832",32%,0,RECIBOS DE NOMINA,Alto A,NO_CLIENTE,0,Mínimo,68%,0,204,752,0,0,0,0,0,0,37,Familiares,Preparatoria
2.01407E+16,20110,Aprobada,CN0,Aprobado,BUENO,18600,9.98345E+14,2,"9,486",49%,34137,PROPIEDAD ACTIVO FIJO,Medio A,CLIENTE_BANCO,0,Mínimo,51%,0,204,755,0,0,0,0,0,0,28,Familiares,Posgrado
2.01408E+16,17,Aprobada,CN0,Aprobado,BUENO,49999,9.98345E+14,0,"40,999",18%,26209,RECIBOS DE NOMINA,Alto A,CLIENTE_BANCO,71000,Mínimo,82%,0,204,758,0,0,0,0,0,0,53,Familiares,Licenciatura
2.01407E+16,546,Aprobada,CN0,Aprobado,BUENO,12800,9.98345E+14,1,"7,552",41%,9995,RECIBOS DE NOMINA,Alto A,NO_CLIENTE,0,Mínimo,59%,0,204,761,0,0,0,0,0,0,25,Propia,Posgrado
2.01408E+16,5163,Aprobada,CN0,Aprobado,BUENO,7000,9.98345E+14,0,"3,430",51%,0,INVERSIONES,Medio A,NO_CLIENTE,0,Mínimo,49%,0,204,761,0,0,0,0,0,0,39,Renta,Preparatoria
2.01408E+16,11703,Aprobada,CN0,Aprobado,REGULAR,44000,9.98345E+14,0,"16,720",62%,17974,RECIBOS DE NOMINA,Medio A,NO_CLIENTE,0,Mínimo,38%,0,204,772,0,0,0,0,0,0,45,Hipoteca,Posgrado
2.01408E+16,468,Aprobada,CN0,Aprobado,REGULAR,38000,9.98345E+14,0,"11,780",69%,14017,RECIBOS DE NOMINA,Medio A,NO_CLIENTE,0,Mínimo,31%,0,204,779,0,0,0,0,0,0,60,Hipoteca,Posgrado
2.01408E+16,7574,Aprobada,CN0,Aprobado,REGULAR,12300,9.98345E+14,1,"4,059",67%,0,PROPIEDAD ACTIVO FIJO,Alto A,CLIENTE_BANCO,0,Mínimo,33%,0,204,787,0,0,0,0,0,0,48,Familiares,Preparatoria
2.01408E+16,4242,Aprobada,CN0,Aprobado,REGULAR,9899,9.98345E+14,0,"8,018",19%,28488,RECIBOS DE NOMINA,Medio A,CLIENTE_BANCO,6300,Medio ,81%,0,205,694,1,5971,370,0,29105,0,27,Familiares,Licenciatura
2.01408E+16,4200,Aprobada,CN0,Aprobado,REGULAR,49999,9.98345E+14,0,"23,000",54%,31780,PROPIEDAD ACTIVO FIJO,Medio A,CLIENTE_BANCO,8300,Medio ,46%,0,205,698,0,7135,0,0,0,0,44,Propia,Posgrado
2.01408E+16,641,Aprobada,CN0,Aprobado,BUENO,49999,9.98345E+14,1,"54,499",-9%,7207,PROPIEDAD ACTIVO FIJO,Medio A,CLIENTE_BANCO,21800,Bajo,109%,0,205,706,1,13824,710,0,0,0,38,Familiares,Posgrado
2.01408E+16,4424,Aprobada,CN0,Aprobado,BUENO,50000,9.98345E+14,2,"36,500",27%,33715,RECIBOS DE NOMINA,Medio A,CLIENTE_BANCO,55000,Bajo,73%,0,205,711,1,26537,590,0,162372,0,51,Renta,Licenciatura
2.01408E+16,7661,Aprobada,CN0,Aprobado,BUENO,7000,9.98345E+14,1,"7,350",-5%,0,INVERSIONES,Alto C,NO_CLIENTE,0,Bajo,105%,0,205,715,0,0,0,0,0,0,59,Familiares,Preparatoria
2.01408E+16,9287,Aprobada,CN0,Aprobado,REGULAR,4000,9.98345E+14,1,680,83%,0,RECIBOS DE NOMINA,Medio A,CLIENTE_BANCO,4000,Bajo,17%,0,205,716,1,3858,200,0,0,0,33,Hipoteca,Licenciatura
2.01408E+16,4155,Aprobada,CN0,Aprobado,BUENO,9899,9.98345E+14,2,"6,533",34%,33549,RECIBOS DE NOMINA,Medio A,CLIENTE_BANCO,10004,Bajo,66%,0,205,723,1,6668,430,0,0,0,42,Familiares,Posgrado
2.01408E+16,701,Aprobada,CN0,Aprobado,BUENO,22000,9.98345E+14,0,"14,080",36%,11024,RECIBOS DE NOMINA,Medio A,CLIENTE_BANCO,16300,Bajo,64%,0,205,730,0,7906,0,0,0,0,41,Familiares,Preparatoria
2.01408E+16,7179,Aprobada,CN0,Aprobado,BUENO,9899,9.98345E+14,1,"10,592",-7%,7968,PROPIEDAD ACTIVO FIJO,Medio A,CLIENTE_BANCO,5000,Bajo,107%,0,205,734,1,2489,250,0,12335,0,39,Familiares,Preparatoria
2.01408E+16,305,Aprobada,CN0,Aprobado,BUENO,9899,9.98345E+14,0,"7,919",20%,12844,RECIBOS DE NOMINA,Medio A,CLIENTE_BANCO,16400,Bajo,80%,0,205,740,1,2958,250,0,0,0,39,Renta,Posgrado
2.01408E+16,16,Aprobada,CN0,Aprobado,BUENO,27000,9.98345E+14,2,"16,200",40%,12488,RECIBOS DE NOMINA,Alto B,CLIENTE_BANCO,0,Bajo,60%,0,205,740,0,0,0,0,0,0,42,Familiares,Preparatoria
2.01408E+16,7649,Aprobada,CN0,Aprobado,BUENO,7000,9.98345E+14,2,"4,130",41%,0,RECIBOS DE NOMINA,Alto C,NO_CLIENTE,0,Bajo,59%,0,205,741,0,0,0,0,0,0,37,Hipoteca,Licenciatura
2.01406E+16,8212,Aprobada,CN0,Aprobado,BUENO,100000,9.98345E+14,0,"56,000",44%,45891,PROPIEDAD ACTIVO FIJO,Medio A,CLIENTE_BANCO,100000,Bajo,56%,0,205,744,0,5013,0,0,0,0,56,Propia,Licenciatura
2.01408E+16,4164,Aprobada,CN0,Aprobado,BUENO,21700,9.98345E+14,1,"9,982",54%,7737,RECIBOS DE NOMINA,Medio A,CLIENTE_BANCO,9900,Bajo,46%,0,205,746,1,4757,250,0,18624,0,43,Familiares,Preparatoria
2.01407E+16,4577,Aprobada,CN0,Aprobado,BUENO,50000,9.98345E+14,0,"24,000",52%,26636,RECIBOS DE NOMINA,Alto B,CLIENTE_BANCO,31000,Mínimo,48%,0,205,762,1,247,247,0,16784,0,48,Propia,Preparatoria
2.01408E+16,107,Aprobada,CN0,Aprobado,REGULAR,9899,9.98345E+14,0,"2,574",74%,14568,PROPIEDAD ACTIVO FIJO,Alto A,CLIENTE_BANCO,23000,Mínimo,26%,0,205,767,1,5035,290,0,0,0,38,Familiares,Preparatoria
2.01408E+16,66,Aprobada,CN0,Aprobado,REGULAR,2999,9.98345E+14,1,960,68%,7731,RECIBOS DE NOMINA,Medio A,CLIENTE_BANCO,0,Mínimo,32%,0,205,788,0,0,0,0,0,0,59,Propia,Preparatoria
2.01407E+16,6472,Aprobada,CN0,Aprobado,REGULAR,53000,9.98345E+14,3,"32,860",38%,19428,RECIBOS DE NOMINA,Alto B,CLIENTE_BANCO,32800,Alto,62%,0,206,612,3,0,0,0,0,0,25,Hipoteca,Licenciatura
2.01408E+16,6559,Aprobada,CN0,Aprobado,REGULAR,2999,9.98345E+14,2,"3,479",-16%,26997,RECIBOS DE NOMINA,Alto B,CLIENTE_BANCO,0,Medio ,116%,0,206,684,0,0,0,0,0,0,33,Propia,Preparatoria
2.01408E+16,691,Aprobada,CN0,Aprobado,REGULAR,8200,9.98345E+14,0,"2,706",67%,13497,RECIBOS DE NOMINA,Medio A,CLIENTE_BANCO,10800,Medio ,33%,0,206,694,1,8697,500,0,0,0,43,Propia,Licenciatura
2.01408E+16,390,Aprobada,CN0,Aprobado,REGULAR,9899,9.98345E+14,1,"8,315",16%,103684,PROPIEDAD ACTIVO FIJO,Medio A,CLIENTE_BANCO,17200,Medio ,84%,0,206,697,1,15001,940,0,58513,0,55,Hipoteca,Preparatoria
2.01408E+16,45,Aprobada,CN0,Aprobado,BUENO,4999,9.98345E+14,0,"4,599",8%,6233,RECIBOS DE NOMINA,Alto B,CLIENTE_BANCO,0,Bajo,92%,0,206,718,0,0,0,0,0,0,60,Familiares,Licenciatura
2.01408E+16,125,Aprobada,CN0,Aprobado,REGULAR,60000,9.98345E+14,0,"23,400",61%,31044,RECIBOS DE NOMINA,Medio A,CLIENTE_BANCO,12600,Bajo,39%,0,206,723,0,6226,0,0,16214,0,26,Familiares,Preparatoria
2.01408E+16,4198,Aprobada,CN0,Aprobado,BUENO,9899,9.98345E+14,2,"5,345",46%,40915,PROPIEDAD ACTIVO FIJO,Medio A,CLIENTE_BANCO,5400,Bajo,54%,0,206,737,0,1583,0,0,0,0,25,Renta,Licenciatura
2.01408E+16,341,Aprobada,CN0,Aprobado,BUENO,9899,9.98345E+14,2,"7,226",27%,30891,PROPIEDAD ACTIVO FIJO,Medio A,CLIENTE_BANCO,50000,Bajo,73%,0,206,740,1,1743,630,0,248584,0,50,Propia,Posgrado
2.01406E+16,375,Aprobada,CN0,Aprobado,BUENO,36000,9.98345E+14,2,"19,440",46%,27030,PROPIEDAD ACTIVO FIJO,Medio B,CLIENTE_BANCO,0,Bajo,54%,0,206,750,1,4707,300,0,0,0,29,Familiares,Licenciatura
2.01408E+16,8241,Aprobada,CN0,Aprobado,BUENO,9899,9.98345E+14,1,"5,246",47%,38531,PROPIEDAD ACTIVO FIJO,Alto B,CLIENTE_BANCO,10004,Mínimo,53%,0,206,767,1,8512,250,0,0,0,25,Hipoteca,Posgrado
2.01408E+16,20111,Aprobada,CN0,Aprobado,REGULAR,150000,9.98345E+14,0,"31,500",79%,28673,PROPIEDAD ACTIVO FIJO,Alto A,NO_CLIENTE,0,Mínimo,21%,0,206,789,0,0,0,0,0,0,43,Hipoteca,Posgrado
2.01407E+16,14026,Aprobada,CN0,Aprobado,REGULAR,3999,9.98345E+14,3,"4,119",-3%,9053,RECIBOS DE NOMINA,Alto B,CLIENTE_BANCO,4000,Alto,103%,0,207,601,3,0,0,0,47901,0,32,Propia,Preparatoria
2.01408E+16,261,Aprobada,CN0,Aprobado,REGULAR,15400,9.98345E+14,0,"14,784",4%,12464,RECIBOS DE NOMINA,Medio A,CLIENTE_BANCO,3000,Medio ,96%,0,207,695,1,3047,320,0,0,0,42,Familiares,Preparatoria
2.01408E+16,5198,Aprobada,CN0,Aprobado,REGULAR,5000,9.98345E+14,2,"3,300",34%,3568,RECIBOS DE NOMINA,Medio A,CLIENTE_BANCO,3000,Medio ,66%,0,207,698,1,2788,250,0,0,0,37,Renta,Licenciatura
2.01408E+16,922,Aprobada,CN0,Aprobado,BUENO,15000,9.98345E+14,2,"14,850",1%,12968,RECIBOS DE NOMINA,Alto B,CLIENTE_BANCO,0,Bajo,99%,0,207,701,0,0,0,0,0,0,30,Propia,Licenciatura
2.01408E+16,7504,Aprobada,CN0,Aprobado,REGULAR,29000,9.98345E+14,0,"10,440",64%,16217,RECIBOS DE NOMINA,Medio A,CLIENTE_BANCO,12400,Bajo,36%,0,207,706,0,5618,0,0,0,0,50,Familiares,Licenciatura
2.01408E+16,4351,Aprobada,CN0,Aprobado,BUENO,49999,9.98345E+14,0,"41,999",16%,55758,PROPIEDAD ACTIVO FIJO,Medio B,CLIENTE_BANCO,0,Bajo,84%,0,207,726,0,0,0,0,0,0,47,Renta,Licenciatura
2.01408E+16,718,Aprobada,CN0,Aprobado,BUENO,50000,9.98345E+14,1,"29,500",41%,31267,PAGOS PROV SEMESTRALES PF,Medio A,CLIENTE_BANCO,14400,Bajo,59%,0,207,727,1,3852,250,0,0,0,51,Hipoteca,Posgrado
2.01406E+16,257,Aprobada,CN0,Aprobado,BUENO,13300,9.98345E+14,0,"10,507",21%,10319,RECIBOS DE NOMINA,Medio B,NO_CLIENTE,0,Bajo,79%,0,207,731,0,0,0,0,0,0,38,Renta,Preparatoria
2.01407E+16,11703,Aprobada,CN0,Aprobado,BUENO,16200,9.98345E+14,2,"18,792",-16%,39916,RECIBOS DE NOMINA,Medio A,CLIENTE_BANCO,324000,Bajo,116%,0,207,740,1,71956,4050,0,0,0,50,Hipoteca,Preparatoria
2.01408E+16,506,Aprobada,CN0,Aprobado,REGULAR,42999,9.98345E+14,0,"7,740",82%,15892,PROPIEDAD ACTIVO FIJO,Medio A,CLIENTE_BANCO,24200,Bajo,18%,0,207,740,0,2197,0,0,0,0,58,Hipoteca,Preparatoria
2.01408E+16,377,Aprobada,CN0,Aprobado,BUENO,4999,9.98345E+14,2,"2,949",41%,9240,PROPIEDAD ACTIVO FIJO,Alto B,CLIENTE_BANCO,0,Bajo,59%,0,207,741,0,0,0,0,0,0,52,Propia,Secundaria
2.01408E+16,36,Aprobada,CN0,Aprobado,REGULAR,9899,9.98345E+14,0,"3,861",61%,5130,PROPIEDAD ACTIVO FIJO,Medio A,CLIENTE_BANCO,5004,Bajo,39%,0,207,744,1,2062,205,0,0,0,28,Propia,Licenciatura
2.01408E+16,335,Aprobada,CN0,Aprobado,BUENO,35000,9.98345E+14,0,"21,700",38%,20075,RECIBOS DE NOMINA,Alto B,CLIENTE_BANCO,0,Bajo,62%,0,207,748,0,0,0,0,0,0,35,Propia,Licenciatura
2.01407E+16,9165,Aprobada,CN0,Aprobado,BUENO,10000,9.98345E+14,1,"6,000",40%,0,INVERSIONES,Alto A,NO_CLIENTE,0,Mínimo,60%,0,207,760,0,0,0,0,0,0,56,Familiares,Licenciatura
2.01408E+16,424,Aprobada,CN0,Aprobado,BUENO,16200,9.98345E+14,0,"6,642",59%,17340,RECIBOS DE NOMINA,Medio A,CLIENTE_BANCO,24300,Mínimo,41%,0,207,769,0,0,0,0,0,0,55,Familiares,Posgrado
2.01408E+16,9167,Aprobada,CN0,Aprobado,REGULAR,5200,9.98345E+14,0,"2,080",60%,0,RECIBOS DE NOMINA,Alto B,NO_CLIENTE,0,Mínimo,40%,0,207,770,0,0,0,0,0,0,56,Hipoteca,Licenciatura
2.01408E+16,21,Aprobada,CN0,Aprobado,REGULAR,35000,9.98345E+14,0,"12,250",65%,28918,RECIBOS DE NOMINA,Alto A,CLIENTE_BANCO,0,Mínimo,35%,0,207,775,8,1286,1286,0,0,0,42,Familiares,Posgrado
2.01408E+16,518,Aprobada,CN0,Aprobado,REGULAR,2999,9.98345E+14,1,960,68%,0,RECIBOS DE NOMINA,Alto A,NO_CLIENTE,0,Mínimo,32%,0,207,788,0,0,0,0,0,0,54,Hipoteca,Posgrado
2.01408E+16,4291,Aprobada,CN0,Aprobado,REGULAR,49999,9.98345E+14,0,"24,500",51%,30480,PROPIEDAD ACTIVO FIJO,Medio A,CLIENTE_BANCO,39000,Medio ,49%,0,208,668,0,404,0,0,0,0,26,Propia,Preparatoria
2.01408E+16,7128,Aprobada,CN0,Aprobado,REGULAR,9899,9.98345E+14,1,"4,455",55%,13405,PROPIEDAD ACTIVO FIJO,Alto A,CLIENTE_BANCO,41999,Medio ,45%,0,208,685,0,37886,0,0,0,0,54,Propia,Preparatoria
2.01408E+16,7502,Aprobada,CN0,Aprobado,REGULAR,2999,9.98345E+14,1,810,73%,24927,PROPIEDAD ACTIVO FIJO,Medio A,CLIENTE_BANCO,20900,Medio ,27%,0,208,685,1,20847,1300,0,0,0,39,Renta,Preparatoria
2.01408E+16,7179,Aprobada,CN0,Aprobado,BUENO,9899,9.98345E+14,2,"9,800",1%,19434,PROPIEDAD ACTIVO FIJO,Alto B,CLIENTE_BANCO,0,Bajo,99%,0,208,701,0,0,0,0,0,0,51,Propia,Preparatoria
2.01408E+16,395,Aprobada,CN0,Aprobado,BUENO,9899,9.98345E+14,1,"11,087",-12%,56961,PROPIEDAD ACTIVO FIJO,Medio A,CLIENTE_BANCO,33000,Bajo,112%,0,208,702,1,30740,10,0,0,0,40,Hipoteca,Posgrado
2.01408E+16,7511,Aprobada,CN0,Aprobado,REGULAR,36000,9.98345E+14,1,"9,720",73%,22570,RECIBOS DE NOMINA,Medio A,CLIENTE_BANCO,18500,Bajo,27%,0,208,710,0,0,0,0,0,0,55,Familiares,Posgrado
2.01408E+16,234,Aprobada,CN0,Aprobado,BUENO,9899,9.98345E+14,1,"10,394",-5%,9896,PROPIEDAD ACTIVO FIJO,Medio A,CLIENTE_BANCO,21900,Bajo,105%,0,208,714,1,19778,440,0,0,0,59,Renta,Licenciatura
2.01408E+16,162,Aprobada,CN0,Aprobado,REGULAR,9899,9.98345E+14,0,"1,683",83%,14426,RECIBOS DE NOMINA,Medio A,CLIENTE_BANCO,9100,Bajo,17%,0,208,723,1,2614,250,0,0,0,31,Familiares,Licenciatura
2.01408E+16,4260,Aprobada,CN0,Aprobado,REGULAR,9899,9.98345E+14,1,"2,178",78%,51657,PROPIEDAD ACTIVO FIJO,Medio A,CLIENTE_BANCO,109000,Bajo,22%,0,208,727,1,54966,2630,0,0,0,53,Familiares,Licenciatura
2.01408E+16,889,Aprobada,CN0,Aprobado,BUENO,31999,9.98345E+14,1,"28,799",10%,12343,PROPIEDAD ACTIVO FIJO,Medio A,CLIENTE_BANCO,15000,Bajo,90%,0,208,727,1,3674,250,0,0,0,44,Renta,Licenciatura
2.01408E+16,8199,Aprobada,CN0,Aprobado,REGULAR,9899,9.98345E+14,0,"3,465",65%,43470,PROPIEDAD ACTIVO FIJO,Medio A,CLIENTE_BANCO,25000,Bajo,35%,0,208,744,0,0,0,0,250000,0,50,Propia,Posgrado
2.01408E+16,566,Aprobada,CN0,Aprobado,REGULAR,11099,9.98345E+14,1,"3,108",72%,11026,RECIBOS DE NOMINA,Alto A,CLIENTE_BANCO,19000,Mínimo,28%,0,208,767,1,1088,250,0,0,0,52,Renta,Licenciatura
2.01408E+16,11717,Aprobada,CN0,Aprobado,BUENO,16600,9.98345E+14,1,"7,636",54%,33469,RECIBOS DE NOMINA,Alto B,NO_CLIENTE,0,Mínimo,46%,0,208,774,0,0,0,0,0,0,41,Propia,Posgrado
2.01408E+16,20136,Aprobada,CN0,Aprobado,BUENO,19200,9.98345E+14,1,"8,256",57%,11819,RECIBOS DE NOMINA,Medio A,NO_CLIENTE,0,Mínimo,43%,0,208,777,0,0,0,0,0,0,46,Renta,Licenciatura
2.01408E+16,7992,Aprobada,CN0,Aprobado,REGULAR,15000,9.98345E+14,0,"3,000",80%,0,RECIBOS DE NOMINA,Alto B,NO_CLIENTE,0,Mínimo,20%,0,208,790,0,0,0,0,0,0,38,Hipoteca,Licenciatura
2.01408E+16,35,Aprobada,CN0,Aprobado,REGULAR,2999,9.98345E+14,0,540,82%,18184,RECIBOS DE NOMINA,Medio A,CLIENTE_BANCO,0,Mínimo,18%,0,208,792,0,0,0,0,0,0,26,Renta,Preparatoria
2.01408E+16,168,Aprobada,CN0,Aprobado,REGULAR,39999,9.98345E+14,1,"14,400",64%,16837,PROPIEDAD ACTIVO FIJO,Medio A,CLIENTE_BANCO,7500,Medio ,36%,0,209,695,1,6935,430,0,9298,0,56,Hipoteca,Preparatoria
2.01408E+16,4639,Aprobada,CN0,Aprobado,REGULAR,9899,9.98345E+14,1,"8,117",18%,35179,PROPIEDAD ACTIVO FIJO,Medio A,CLIENTE_BANCO,76000,Medio ,82%,0,209,696,1,23091,1450,0,199068,0,34,Propia,Posgrado
2.01408E+16,419,Aprobada,CN0,Aprobado,BUENO,2999,9.98345E+14,2,"1,559",48%,23686,PROPIEDAD ACTIVO FIJO,Medio A,CLIENTE_BANCO,19300,Bajo,52%,0,209,703,1,12106,760,0,0,0,43,Propia,Posgrado
2.01408E+16,437,Aprobada,CN0,Aprobado,BUENO,1999,9.98345E+14,0,"1,839",8%,14321,PROPIEDAD ACTIVO FIJO,Medio A,CLIENTE_BANCO,3999,Bajo,92%,0,209,706,1,1847,250,0,0,0,53,Familiares,Preparatoria
2.01408E+16,283,Aprobada,CN0,Aprobado,BUENO,49999,9.98345E+14,2,"30,499",39%,37524,PROPIEDAD ACTIVO FIJO,Medio A,CLIENTE_BANCO,31500,Bajo,61%,0,209,727,0,8553,0,0,0,0,57,Renta,Licenciatura
2.01407E+16,18023,Aprobada,CN0,Aprobado,BUENO,2999,9.98345E+14,0,"2,129",29%,8340,RECIBOS DE NOMINA,Medio B,NO_CLIENTE,0,Bajo,71%,0,209,739,0,0,0,0,0,0,47,Renta,Preparatoria
2.01408E+16,4757,Aprobada,CN0,Aprobado,BUENO,1999,9.98345E+14,2,"1,199",40%,12466,RECIBOS DE NOMINA,Alto B,CLIENTE_BANCO,3000,Bajo,60%,0,209,740,0,0,0,0,23897,0,57,Propia,Preparatoria
2.01408E+16,9195,Aprobada,CN0,Aprobado,BUENO,34999,9.98345E+14,1,"14,350",59%,18925,PROPIEDAD ACTIVO FIJO,Medio A,CLIENTE_BANCO,8500,Bajo,41%,0,209,740,1,2051,250,0,0,0,42,Hipoteca,Preparatoria
2.01408E+16,4246,Aprobada,CN0,Aprobado,BUENO,49999,9.98345E+14,1,"52,999",-6%,58921,RECIBOS DE NOMINA,Medio A,CLIENTE_BANCO,75000,Bajo,106%,0,209,740,1,23915,940,0,165531,0,39,Propia,Licenciatura
2.01408E+16,985,Aprobada,CN0,Aprobado,REGULAR,9899,9.98345E+14,0,"2,079",79%,35285,RECIBOS DE NOMINA,Medio A,CLIENTE_BANCO,14300,Bajo,21%,0,209,744,0,125,0,0,0,0,27,Propia,Preparatoria
2.01408E+16,154,Aprobada,CN0,Aprobado,BUENO,9899,9.98345E+14,0,"4,356",56%,26071,PROPIEDAD ACTIVO FIJO,Medio A,CLIENTE_BANCO,97000,Bajo,44%,0,209,744,1,13226,1220,0,39417,0,57,Propia,Posgrado
2.01408E+16,4315,Aprobada,CN0,Aprobado,REGULAR,9899,9.98345E+14,0,"3,762",62%,38571,RECIBOS DE NOMINA,Medio A,CLIENTE_BANCO,26000,Bajo,38%,0,209,746,0,0,0,0,1105,0,60,Familiares,Posgrado
2.01407E+16,11754,Aprobada,CN0,Aprobado,BUENO,50000,9.98345E+14,0,"30,000",40%,61489,PROPIEDAD ACTIVO FIJO,Medio B,NO_CLIENTE,0,Bajo,60%,0,209,750,0,0,0,0,0,0,54,Familiares,Posgrado
2.01408E+16,146,Aprobada,CN0,Aprobado,BUENO,8000,9.98345E+14,0,"3,760",53%,11276,RECIBOS DE NOMINA,Medio A,NO_CLIENTE,0,Mínimo,47%,0,209,763,0,0,0,0,0,0,60,Hipoteca,Licenciatura
2.01406E+16,21,Aprobada,CN0,Aprobado,BUENO,14300,9.98345E+14,2,"9,438",34%,11023,RECIBOS DE NOMINA,Alto A,NO_CLIENTE,0,Mínimo,66%,0,209,765,0,0,0,0,0,0,49,Familiares,Preparatoria
2.01408E+16,299,Aprobada,CN0,Aprobado,BUENO,49999,9.98345E+14,0,"40,999",18%,41047,PROPIEDAD ACTIVO FIJO,Medio A,CLIENTE_BANCO,20400,Mínimo,82%,0,209,767,0,0,0,0,0,0,40,Renta,Licenciatura
2.01408E+16,4635,Aprobada,CN0,Aprobado,REGULAR,45000,9.98345E+14,0,"11,250",75%,17334,RECIBOS DE NOMINA,Alto B,CLIENTE_BANCO,0,Mínimo,25%,0,209,785,0,0,0,0,0,0,47,Propia,Preparatoria
2.01408E+16,4813,Aprobada,CN0,Aprobado,REGULAR,36000,9.98345E+14,0,"7,560",79%,2389,RECIBOS DE NOMINA,Alto A,CLIENTE_BANCO,0,Mínimo,21%,0,209,789,0,0,0,0,0,0,26,Renta,Licenciatura
2.01408E+16,4525,Aprobada,CN0,Aprobado,REGULAR,9899,9.98345E+14,1,"3,960",60%,17654,RECIBOS DE NOMINA,Medio A,CLIENTE_BANCO,18200,Medio ,40%,0,210,681,0,794,0,0,71758,0,59,Renta,Licenciatura
2.01408E+16,14064,Aprobada,CN0,Aprobado,REGULAR,31000,9.98345E+14,2,"36,270",-17%,11096,RECIBOS DE NOMINA,Medio B,NO_CLIENTE,0,Medio ,117%,0,210,683,0,0,0,0,0,0,30,Hipoteca,Preparatoria
2.01408E+16,199,Aprobada,CN0,Aprobado,REGULAR,1999,9.98345E+14,1,"2,079",-4%,7886,PROPIEDAD ACTIVO FIJO,Medio A,CLIENTE_BANCO,8304,Medio ,104%,0,210,692,1,6198,360,0,0,0,31,Propia,Preparatoria
2.01408E+16,20136,Aprobada,CN0,Aprobado,REGULAR,22900,9.98345E+14,1,"27,480",-20%,28517,RECIBOS DE NOMINA,Medio B,NO_CLIENTE,0,Bajo,120%,0,210,700,0,0,0,0,0,0,59,Familiares,Preparatoria
2.01408E+16,141,Aprobada,CN0,Aprobado,BUENO,152000,9.98345E+14,1,"123,120",19%,66840,RECIBOS DE NOMINA,Medio A,CLIENTE_BANCO,18500,Bajo,81%,0,210,707,0,0,0,0,0,0,57,Renta,Preparatoria
2.01408E+16,9407,Aprobada,CN0,Aprobado,BUENO,9899,9.98345E+14,0,"9,899",0%,12709,PROPIEDAD ACTIVO FIJO,Medio A,CLIENTE_BANCO,10200,Bajo,100%,0,210,713,1,6996,250,0,0,0,54,Renta,Preparatoria
2.01407E+16,7681,Aprobada,CN0,Aprobado,BUENO,8600,9.98345E+14,2,"7,138",17%,0,RECIBOS DE NOMINA,Medio C,CLIENTE_BANCO,0,Bajo,83%,0,210,717,0,0,0,0,36445,0,29,Hipoteca,Preparatoria
2.01408E+16,8174,Aprobada,CN0,Aprobado,BUENO,9899,9.98345E+14,2,"8,117",18%,10408,PROPIEDAD ACTIVO FIJO,Alto B,CLIENTE_BANCO,6800,Bajo,82%,0,210,718,0,0,0,0,0,0,27,Familiares,Preparatoria
2.01408E+16,290,Aprobada,CN0,Aprobado,BUENO,2999,9.98345E+14,2,"2,039",32%,7429,RECIBOS DE NOMINA,Alto B,CLIENTE_BANCO,0,Bajo,68%,0,210,732,0,0,0,0,0,0,51,Renta,Posgrado
2.01408E+16,506,Aprobada,CN0,Aprobado,BUENO,1999,9.98345E+14,1,"1,639",18%,8585,RECIBOS DE NOMINA,Medio A,CLIENTE_BANCO,4600,Bajo,82%,0,210,734,0,43,0,0,0,0,32,Hipoteca,Posgrado
2.01408E+16,4656,Aprobada,CN0,Aprobado,BUENO,168000,9.98345E+14,1,"77,280",54%,59155,RECIBOS DE NOMINA,Medio A,CLIENTE_BANCO,325504,Bajo,46%,0,210,737,1,32108,4080,0,143731,0,58,Renta,Posgrado
2.01408E+16,767,Aprobada,CN0,Aprobado,BUENO,9899,9.98345E+14,2,"9,899",0%,29937,PROPIEDAD ACTIVO FIJO,Medio A,CLIENTE_BANCO,12000,Bajo,100%,0,210,744,1,2006,250,0,0,0,59,Familiares,Preparatoria
2.01408E+16,780,Aprobada,CN0,Aprobado,BUENO,1999,9.98345E+14,1,"2,399",-20%,46846,RECIBOS DE NOMINA,Alto B,CLIENTE_BANCO,9700,Mínimo,120%,0,210,757,1,626,250,0,0,0,39,Renta,Posgrado
2.01407E+16,7621,Aprobada,CN0,Aprobado,REGULAR,5600,9.98345E+14,0,"1,008",82%,0,RECIBOS DE NOMINA,Medio A,NO_CLIENTE,0,Mínimo,18%,0,210,792,0,0,0,0,0,0,29,Renta,Posgrado
2.01408E+16,20109,Aprobada,CN0,Aprobado,REGULAR,18700,9.98345E+14,1,"2,992",84%,15274,RECIBOS DE NOMINA,Medio A,NO_CLIENTE,0,Mínimo,16%,0,210,804,0,0,0,0,0,0,27,Propia,Posgrado
2.01407E+16,198,Pendiente,CN0,Aprobado,REGULAR,1,9.98345E+14,3,0,,25213,RECIBOS DE NOMINA,Medio B,NO_CLIENTE,0,Alto,38%,0,211,538,3,0,0,0,0,0,32,Familiares,Posgrado
2.01408E+16,5143,Aprobada,CN0,Aprobado,REGULAR,15100,9.98345E+14,1,"17,063",-13%,14353,RECIBOS DE NOMINA,Medio A,CLIENTE_BANCO,30500,Medio ,113%,0,211,680,0,30455,0,0,10071,0,43,Hipoteca,Posgrado
2.01408E+16,4363,Aprobada,CN0,Aprobado,REGULAR,9899,9.98345E+14,0,"3,762",62%,19570,PROPIEDAD ACTIVO FIJO,Medio A,CLIENTE_BANCO,9999,Medio ,38%,0,211,686,1,2865,250,0,0,0,46,Renta,Licenciatura
2.01408E+16,966,Aprobada,CN0,Aprobado,BUENO,2999,9.98345E+14,1,"3,509",-17%,7385,RECIBOS DE NOMINA,Medio B,NO_CLIENTE,0,Bajo,117%,0,211,703,0,0,0,0,0,0,33,Renta,Preparatoria
2.01408E+16,4350,Aprobada,CN0,Aprobado,BUENO,2999,9.98345E+14,1,"3,479",-16%,10637,PROPIEDAD ACTIVO FIJO,Alto B,CLIENTE_BANCO,0,Bajo,116%,0,211,704,0,0,0,0,0,0,58,Renta,Licenciatura
2.01408E+16,262,Aprobada,CN0,Aprobado,BUENO,2999,9.98345E+14,2,"2,849",5%,9342,RECIBOS DE NOMINA,Alto B,CLIENTE_BANCO,0,Bajo,95%,0,211,705,0,0,0,0,0,0,31,Hipoteca,Licenciatura
2.01408E+16,755,Aprobada,CN0,Aprobado,BUENO,9899,9.98345E+14,2,"6,731",32%,40089,RECIBOS DE NOMINA,Medio A,CLIENTE_BANCO,15700,Bajo,68%,0,211,706,1,8998,510,0,0,0,29,Familiares,Licenciatura
2.01408E+16,8179,Aprobada,CN0,Aprobado,BUENO,9899,9.98345E+14,2,"5,840",41%,33375,PROPIEDAD ACTIVO FIJO,Medio A,CLIENTE_BANCO,16300,Bajo,59%,0,211,706,0,13143,0,0,0,0,55,Hipoteca,Preparatoria
2.01407E+16,20050,Aprobada,CN0,Aprobado,BUENO,7800,9.98345E+14,1,"8,502",-9%,12488,PROPIEDAD ACTIVO FIJO,Medio B,NO_CLIENTE,0,Bajo,109%,0,211,711,0,0,0,0,0,0,35,Hipoteca,Posgrado
2.01408E+16,742,Aprobada,CN0,Aprobado,BUENO,49999,9.98345E+14,0,"43,499",13%,31809,PROPIEDAD ACTIVO FIJO,Medio A,CLIENTE_BANCO,70000,Bajo,87%,0,211,711,0,1609,0,0,0,0,30,Hipoteca,Licenciatura
2.01408E+16,266,Aprobada,CN0,Aprobado,REGULAR,9899,9.98345E+14,0,"2,277",77%,49993,PROPIEDAD ACTIVO FIJO,Medio A,CLIENTE_BANCO,20100,Bajo,23%,0,211,712,0,11142,0,0,0,0,38,Hipoteca,Posgrado
2.01408E+16,617,Aprobada,CN0,Aprobado,BUENO,1999,9.98345E+14,0,"1,839",8%,2182,INVERSIONES,Alto B,CLIENTE_BANCO,0,Bajo,92%,0,211,718,0,0,0,0,1274,0,26,Renta,Preparatoria
2.01408E+16,4095,Aprobada,CN0,Aprobado,BUENO,5999,9.98345E+14,0,"2,940",51%,7194,RECIBOS DE NOMINA,Medio A,CLIENTE_BANCO,8400,Bajo,49%,0,211,723,1,434,250,0,0,0,38,Hipoteca,Posgrado
2.01408E+16,7622,Aprobada,CN0,Aprobado,BUENO,10000,9.98345E+14,0,"8,500",15%,0,RECIBOS DE NOMINA,Medio B,CLIENTE_BANCO,0,Bajo,85%,0,211,725,0,0,0,0,0,0,57,Hipoteca,Licenciatura
2.01408E+16,11716,Aprobada,CN0,Aprobado,BUENO,24300,9.98345E+14,2,"17,010",30%,21326,RECIBOS DE NOMINA,Medio B,NO_CLIENTE,0,Bajo,70%,0,211,730,0,0,0,0,0,0,37,Hipoteca,Licenciatura
2.01407E+16,7163,Aprobada,CN0,Aprobado,BUENO,16100,9.98345E+14,2,"10,787",33%,16233,RECIBOS DE NOMINA,Alto B,CLIENTE_BANCO,0,Bajo,67%,0,211,733,0,0,0,0,9777,0,32,Propia,Preparatoria
2.01408E+16,18,Aprobada,CN0,Aprobado,BUENO,35000,9.98345E+14,0,"19,600",44%,13072,RECIBOS DE NOMINA,Medio A,CLIENTE_BANCO,19000,Bajo,56%,0,211,734,1,3252,440,0,0,0,39,Hipoteca,Licenciatura
2.01408E+16,4196,Aprobada,CN0,Aprobado,BUENO,2999,9.98345E+14,0,"2,249",25%,9662,INVERSIONES,Alto B,CLIENTE_BANCO,0,Bajo,75%,0,211,735,0,0,0,0,7298,0,40,Hipoteca,Preparatoria
2.01408E+16,422,Aprobada,CN0,Aprobado,BUENO,211001,9.98345E+14,1,"141,371",33%,22869,RECIBOS DE NOMINA,Medio A,CLIENTE_BANCO,117000,Bajo,67%,0,211,740,0,2607,0,0,0,0,32,Hipoteca,Preparatoria
2.01408E+16,303,Aprobada,CN0,Aprobado,BUENO,9899,9.98345E+14,2,"7,325",26%,46986,PROPIEDAD ACTIVO FIJO,Medio A,CLIENTE_BANCO,82500,Bajo,74%,0,211,744,0,5389,0,0,0,0,30,Renta,Licenciatura
2.01408E+16,4392,Aprobada,CN0,Aprobado,BUENO,4999,9.98345E+14,1,"3,599",28%,10137,RECIBOS DE NOMINA,Alto C,CLIENTE_BANCO,0,Bajo,72%,0,211,748,0,0,0,0,0,0,35,Renta,Posgrado
2.01407E+16,11711,Aprobada,CN0,Aprobado,BUENO,7002,9.98345E+14,2,"7,562",-8%,13265,RECIBOS DE NOMINA,Medio A,CLIENTE_BANCO,6500,Bajo,108%,0,211,750,1,3508,250,0,0,0,27,Familiares,Preparatoria
2.01408E+16,390,Aprobada,CN0,Aprobado,BUENO,49999,9.98345E+14,0,"27,499",45%,30279,RECIBOS DE NOMINA,Medio A,NO_CLIENTE,0,Mínimo,55%,0,211,755,0,0,0,0,0,0,33,Propia,Licenciatura
2.01408E+16,966,Aprobada,CN0,Aprobado,BUENO,2999,9.98345E+14,1,"1,589",47%,1879,RECIBOS DE NOMINA,Alto B,CLIENTE_BANCO,0,Mínimo,53%,0,211,767,0,0,0,0,4137,0,59,Renta,Posgrado
2.01408E+16,70001,Aprobada,CN0,Aprobado,REGULAR,38000,9.98345E+14,0,"14,060",63%,11590,PAGOS PROV SEMESTRALES PF,Medio A,NO_CLIENTE,0,Mínimo,37%,0,211,773,0,0,0,0,0,0,55,Hipoteca,Posgrado
2.01407E+16,4687,Aprobada,CN0,Aprobado,REGULAR,18900,9.98345E+14,0,"6,237",67%,10030,RECIBOS DE NOMINA,Alto A,NO_CLIENTE,0,Mínimo,33%,0,211,777,0,0,0,0,0,0,44,Renta,Posgrado
2.01408E+16,151,Aprobada,CN0,Aprobado,REGULAR,2999,9.98345E+14,0,570,81%,10564,PROPIEDAD ACTIVO FIJO,Alto A,NO_CLIENTE,0,Mínimo,19%,0,211,791,0,0,0,0,0,0,40,Propia,Licenciatura
2.01408E+16,461,Aprobada,CN0,Aprobado,REGULAR,1999,9.98345E+14,0,360,82%,7726,RECIBOS DE NOMINA,Medio A,CLIENTE_BANCO,0,Mínimo,18%,0,211,792,0,0,0,0,0,0,41,Propia,Posgrado
2.01406E+16,272,Aprobada,CN0,Aprobado,REGULAR,20500,9.98345E+14,3,"22,960",-12%,13395,PROPIEDAD ACTIVO FIJO,Medio A,CLIENTE_BANCO,3000,Alto,112%,0,212,639,3,2656,150,0,0,0,58,Familiares,Licenciatura
2.01408E+16,316,Aprobada,CN0,Aprobado,REGULAR,9899,9.98345E+14,2,"7,721",22%,21300,PROPIEDAD ACTIVO FIJO,Medio A,CLIENTE_BANCO,5000,Medio ,78%,0,212,685,1,5121,500,0,0,0,52,Hipoteca,Posgrado
2.01408E+16,131,Aprobada,CN0,Aprobado,REGULAR,9899,9.98345E+14,1,"2,079",79%,10828,PROPIEDAD ACTIVO FIJO,Medio A,CLIENTE_BANCO,3000,Medio ,21%,0,212,686,1,2660,250,0,0,0,48,Familiares,Posgrado
2.01408E+16,561,Aprobada,CN0,Aprobado,REGULAR,227000,9.98345E+14,2,"249,700",-10%,116935,PROPIEDAD ACTIVO FIJO,Medio B,CLIENTE_BANCO,0,Medio ,110%,0,212,690,0,0,0,0,93597,0,36,Familiares,Licenciatura
2.01408E+16,7465,Aprobada,CN0,Aprobado,REGULAR,38000,9.98345E+14,1,"38,000",0%,23395,RECIBOS DE NOMINA,Medio A,CLIENTE_BANCO,9300,Medio ,100%,0,212,696,1,5566,250,0,0,0,60,Propia,Preparatoria
2.01408E+16,973,Aprobada,CN0,Aprobado,REGULAR,9899,9.98345E+14,0,"3,762",62%,55576,PROPIEDAD ACTIVO FIJO,Medio A,CLIENTE_BANCO,52000,Medio ,38%,0,212,697,1,41051,2620,0,0,0,34,Familiares,Posgrado
2.01408E+16,6547,Aprobada,CN0,Aprobado,BUENO,49999,9.98345E+14,2,"33,999",32%,13692,PROPIEDAD ACTIVO FIJO,Medio A,CLIENTE_BANCO,25000,Bajo,68%,0,212,710,0,3303,0,0,0,0,57,Familiares,Posgrado
2.01408E+16,4648,Aprobada,CN0,Aprobado,REGULAR,1999,9.98345E+14,0,380,81%,6654,PROPIEDAD ACTIVO FIJO,Medio A,CLIENTE_BANCO,5800,Bajo,19%,0,212,711,0,3091,0,0,1530,0,60,Hipoteca,Posgrado
2.01408E+16,586,Aprobada,CN0,Aprobado,BUENO,9899,9.98345E+14,2,"8,711",12%,25909,PROPIEDAD ACTIVO FIJO,Medio A,CLIENTE_BANCO,15000,Bajo,88%,0,212,711,1,8580,250,0,0,0,34,Propia,Preparatoria
2.01408E+16,493,Aprobada,CN0,Aprobado,BUENO,34999,9.98345E+14,0,"14,350",59%,13855,RECIBOS DE NOMINA,Medio A,CLIENTE_BANCO,5004,Bajo,41%,0,212,723,1,1668,250,0,0,0,46,Propia,Licenciatura
2.01408E+16,4053,Aprobada,CN0,Aprobado,BUENO,15800,9.98345E+14,0,"13,272",16%,7915,RECIBOS DE NOMINA,Medio B,CLIENTE_BANCO,1,Bajo,84%,0,212,726,0,0,0,0,0,0,50,Familiares,Posgrado
2.01408E+16,4422,Aprobada,CN0,Aprobado,BUENO,23000,9.98345E+14,2,"16,790",27%,15004,RECIBOS DE NOMINA,Medio B,NO_CLIENTE,0,Bajo,73%,0,212,727,0,0,0,0,0,0,49,Hipoteca,Preparatoria
2.01408E+16,405,Aprobada,CN0,Aprobado,BUENO,41999,9.98345E+14,0,"31,499",25%,15230,PROPIEDAD ACTIVO FIJO,Medio B,NO_CLIENTE,0,Bajo,75%,0,212,735,0,0,0,0,0,0,31,Hipoteca,Posgrado
2.01407E+16,50012,Aprobada,CN0,Aprobado,BUENO,50000,9.98345E+14,0,"35,000",30%,16475,RECIBOS DE NOMINA,Medio B,NO_CLIENTE,0,Bajo,70%,0,212,740,0,0,0,0,0,0,34,Renta,Posgrado
2.01407E+16,14071,Aprobada,CN0,Aprobado,BUENO,9300,9.98345E+14,0,"6,510",30%,7107,RECIBOS DE NOMINA,Medio B,NO_CLIENTE,0,Bajo,70%,0,212,740,0,0,0,0,0,0,32,Hipoteca,Preparatoria
2.01408E+16,9639,Aprobada,CN0,Aprobado,BUENO,9899,9.98345E+14,1,"9,206",7%,14455,PROPIEDAD ACTIVO FIJO,Medio A,CLIENTE_BANCO,7000,Bajo,93%,0,212,740,0,472,0,0,0,0,49,Familiares,Preparatoria
2.01408E+16,331,Aprobada,CN0,Aprobado,BUENO,49999,9.98345E+14,2,"54,499",-9%,28911,PROPIEDAD ACTIVO FIJO,Medio A,CLIENTE_BANCO,40000,Bajo,109%,0,212,740,1,3218,500,0,0,0,52,Propia,Licenciatura
2.01408E+16,115,Aprobada,CN0,Aprobado,BUENO,29000,9.98345E+14,2,"17,110",41%,22009,RECIBOS DE NOMINA,Medio B,CLIENTE_BANCO,103000,Bajo,59%,0,212,741,0,9649,0,0,0,0,53,Renta,Licenciatura
2.01408E+16,4051,Aprobada,CN0,Aprobado,BUENO,56000,9.98345E+14,2,"60,480",-8%,22550,RECIBOS DE NOMINA,Medio A,CLIENTE_BANCO,58000,Mínimo,108%,0,212,757,0,5997,0,0,0,0,58,Hipoteca,Preparatoria
2.01408E+16,914,Aprobada,CN0,Aprobado,BUENO,16000,9.98345E+14,1,"9,280",42%,16542,RECIBOS DE NOMINA,Alto A,CLIENTE_BANCO,0,Mínimo,58%,0,212,762,0,0,0,0,73139,0,49,Propia,Posgrado
2.01408E+16,4355,Aprobada,CN0,Aprobado,REGULAR,9899,9.98345E+14,0,"3,762",62%,30493,PROPIEDAD ACTIVO FIJO,Medio B,CLIENTE_BANCO,30000,Mínimo,38%,0,212,766,0,0,0,0,0,0,60,Propia,Licenciatura
2.01407E+16,13,Aprobada,CN0,Aprobado,REGULAR,21500,9.98345E+14,0,"7,525",65%,15774,RECIBOS DE NOMINA,Alto B,NO_CLIENTE,0,Mínimo,35%,0,212,775,0,0,0,0,0,0,29,Propia,Posgrado
2.01408E+16,4428,Aprobada,CN0,Aprobado,REGULAR,58000,9.98345E+14,0,"16,240",72%,12870,RECIBOS DE NOMINA,Alto A,CLIENTE_BANCO,62000,Mínimo,28%,0,212,782,0,0,0,0,0,0,37,Hipoteca,Licenciatura
2.01408E+16,4197,Aprobada,CN0,Aprobado,REGULAR,1999,9.98345E+14,0,400,80%,6237,RECIBOS DE NOMINA,Alto B,NO_CLIENTE,0,Mínimo,20%,0,212,790,0,0,0,0,0,0,44,Renta,Posgrado
2.01408E+16,101,Aprobada,CN0,Aprobado,REGULAR,5000,9.98345E+14,1,"1,550",69%,11392,RECIBOS DE NOMINA,Medio A,CLIENTE_BANCO,16300,Medio ,31%,0,213,685,1,15404,980,0,0,0,48,Propia,Posgrado
2.01408E+16,9210,Aprobada,CN0,Aprobado,REGULAR,10700,9.98345E+14,2,"11,770",-10%,0,RECIBOS DE NOMINA,Alto B,NO_CLIENTE,0,Medio ,110%,0,213,690,0,0,0,0,0,0,36,Renta,Licenciatura
2.01408E+16,4399,Aprobada,CN0,Aprobado,REGULAR,9899,9.98345E+14,1,"1,584",84%,11990,PROPIEDAD ACTIVO FIJO,Medio A,CLIENTE_BANCO,40000,Medio ,16%,0,213,697,1,33868,1250,0,43942,0,45,Propia,Licenciatura
2.01407E+16,733,Aprobada,CN0,Aprobado,BUENO,4999,9.98345E+14,1,"5,599",-12%,56769,RECIBOS DE NOMINA,Medio B,CLIENTE_BANCO,0,Bajo,112%,0,213,708,0,0,0,0,0,0,25,Renta,Licenciatura
2.01408E+16,282,Aprobada,CN0,Aprobado,BUENO,9999,9.98345E+14,2,"8,399",16%,11885,PROPIEDAD ACTIVO FIJO,Medio B,NO_CLIENTE,0,Bajo,84%,0,213,716,0,0,0,0,0,0,31,Familiares,Preparatoria
2.01408E+16,201,Aprobada,CN0,Aprobado,BUENO,9899,9.98345E+14,1,"10,097",-2%,23316,RECIBOS DE NOMINA,Alto B,CLIENTE_BANCO,0,Bajo,102%,0,213,718,0,0,0,0,0,0,40,Familiares,Posgrado
2.01408E+16,921,Aprobada,CN0,Aprobado,BUENO,5000,9.98345E+14,1,"4,950",1%,4038,RECIBOS DE NOMINA,Alto B,NO_CLIENTE,0,Bajo,99%,0,213,721,0,0,0,0,0,0,29,Hipoteca,Licenciatura
2.01408E+16,561,Aprobada,CN0,Aprobado,BUENO,9899,9.98345E+14,0,"8,414",15%,11071,RECIBOS DE NOMINA,Medio B,CLIENTE_BANCO,0,Bajo,85%,0,213,725,0,0,0,0,0,0,27,Hipoteca,Posgrado
2.01408E+16,194,Aprobada,CN0,Aprobado,BUENO,48999,9.98345E+14,0,"25,479",48%,15086,PROPIEDAD ACTIVO FIJO,Medio A,CLIENTE_BANCO,20500,Bajo,52%,0,213,733,0,2905,0,0,0,0,25,Renta,Preparatoria
2.01408E+16,20136,Aprobada,CN0,Aprobado,BUENO,8300,9.98345E+14,2,"5,312",36%,9118,RECIBOS DE NOMINA,Alto B,CLIENTE_BANCO,13400,Bajo,64%,0,213,736,0,0,0,0,0,0,33,Propia,Preparatoria
2.01408E+16,4534,Aprobada,CN0,Aprobado,REGULAR,31000,9.98345E+14,0,"5,270",83%,24789,RECIBOS DE NOMINA,Medio A,CLIENTE_BANCO,20000,Bajo,17%,0,213,740,1,9619,250,0,59227,0,25,Familiares,Preparatoria
2.01408E+16,4320,Aprobada,CN0,Aprobado,BUENO,9800,9.98345E+14,2,"10,976",-12%,14435,RECIBOS DE NOMINA,Medio A,CLIENTE_BANCO,42000,Bajo,112%,0,213,740,1,30224,530,0,0,0,56,Renta,Licenciatura
2.01408E+16,498,Aprobada,CN0,Aprobado,BUENO,13000,9.98345E+14,2,"7,020",46%,9385,RECIBOS DE NOMINA,Alto B,CLIENTE_BANCO,0,Bajo,54%,0,213,746,0,0,0,0,0,0,36,Renta,Posgrado
2.01407E+16,12118,Aprobada,CN0,Aprobado,BUENO,9899,9.98345E+14,2,"5,444",45%,43090,RECIBOS DE NOMINA,Medio A,CLIENTE_BANCO,51000,Bajo,55%,0,213,748,1,26644,1120,0,0,0,29,Renta,Preparatoria
2.01408E+16,4568,Aprobada,CN0,Aprobado,BUENO,50000,9.98345E+14,1,"38,000",24%,30245,RECIBOS DE NOMINA,Alto B,CLIENTE_BANCO,5500,Mínimo,76%,0,213,756,0,0,0,0,0,0,43,Renta,Posgrado
2.01408E+16,11,Aprobada,CN0,Aprobado,BUENO,39999,9.98345E+14,0,"17,600",56%,25409,PROPIEDAD ACTIVO FIJO,Medio B,CLIENTE_BANCO,24000,Mínimo,44%,0,213,762,0,0,0,0,18938,2,57,Familiares,Posgrado
2.01407E+16,4410,Aprobada,CN0,Aprobado,BUENO,20699,9.98345E+14,0,"9,315",55%,12793,RECIBOS DE NOMINA,Medio A,NO_CLIENTE,0,Mínimo,45%,0,213,765,0,0,0,0,0,0,42,Familiares,Licenciatura
2.01407E+16,9233,Aprobada,CN0,Aprobado,REGULAR,7000,9.98345E+14,0,"2,450",65%,0,RECIBOS DE NOMINA,Alto B,NO_CLIENTE,0,Mínimo,35%,0,213,775,0,0,0,0,0,0,28,Hipoteca,Licenciatura
2.01408E+16,780,Aprobada,CN0,Aprobado,REGULAR,1999,9.98345E+14,0,540,73%,39114,RECIBOS DE NOMINA,Medio A,CLIENTE_BANCO,0,Mínimo,27%,0,213,783,0,0,0,0,0,0,58,Familiares,Preparatoria
2.01408E+16,44,Aprobada,CN0,Aprobado,REGULAR,9899,9.98345E+14,1,"2,475",75%,33995,RECIBOS DE NOMINA,Alto A,CLIENTE_BANCO,36000,Mínimo,25%,0,213,795,1,1500,450,0,18318,0,60,Renta,Posgrado
2.01407E+16,80000,Aprobada,CN0,Aprobado,REGULAR,3000,9.98345E+14,3,"3,150",-5%,0,RECIBOS DE NOMINA,Alto C,NO_CLIENTE,3100,Alto,105%,0,214,621,3,0,0,0,0,0,56,Hipoteca,Posgrado
2.01408E+16,994,Aprobada,CN0,Aprobado,REGULAR,10800,9.98345E+14,0,"5,400",50%,29577,RECIBOS DE NOMINA,Medio A,CLIENTE_BANCO,37000,Medio ,50%,0,214,689,1,31373,800,0,0,0,56,Renta,Licenciatura
2.01408E+16,773,Aprobada,CN0,Aprobado,BUENO,49999,9.98345E+14,1,"45,999",8%,19006,PROPIEDAD ACTIVO FIJO,Medio A,CLIENTE_BANCO,3000,Bajo,92%,0,214,707,0,1065,0,0,0,0,27,Hipoteca,Preparatoria
2.01408E+16,9656,Aprobada,CN0,Aprobado,BUENO,9899,9.98345E+14,1,"8,117",18%,13714,PAGOS PROV SEMESTRALES PF,Medio A,CLIENTE_BANCO,15000,Bajo,82%,0,214,711,0,517,0,0,0,0,29,Hipoteca,Posgrado
2.01408E+16,11701,Aprobada,CN0,Aprobado,BUENO,50000,9.98345E+14,0,"50,000",0%,79162,RECIBOS DE NOMINA,Medio A,CLIENTE_BANCO,50001,Bajo,100%,0,214,714,1,34630,1310,0,21995,0,52,Hipoteca,Licenciatura
2.01407E+16,7178,Aprobada,CN0,Aprobado,BUENO,9899,9.98345E+14,1,"11,087",-12%,38053,PROPIEDAD ACTIVO FIJO,Medio A,CLIENTE_BANCO,14500,Bajo,112%,0,214,723,1,8377,340,0,0,0,59,Hipoteca,Licenciatura
2.01408E+16,151,Aprobada,CN0,Aprobado,BUENO,9899,9.98345E+14,0,"5,939",40%,1317,PAGOS PROV SEMESTRALES PF,Medio A,CLIENTE_BANCO,11000,Bajo,60%,0,214,723,0,5062,0,0,0,0,28,Familiares,Licenciatura
2.01408E+16,7440,Aprobada,CN0,Aprobado,BUENO,9899,9.98345E+14,1,"9,503",4%,250000,RECIBOS DE NOMINA,Alto B,CLIENTE_BANCO,0,Bajo,96%,0,214,724,0,0,0,0,0,0,31,Renta,Posgrado
2.01408E+16,939,Aprobada,CN0,Aprobado,BUENO,9899,9.98345E+14,0,"6,632",33%,19321,RECIBOS DE NOMINA,Medio A,CLIENTE_BANCO,14000,Bajo,67%,0,214,727,1,1419,250,0,0,0,60,Familiares,Posgrado
2.01408E+16,4144,Aprobada,CN0,Aprobado,BUENO,4999,9.98345E+14,1,"2,100",58%,17979,PROPIEDAD ACTIVO FIJO,Medio A,CLIENTE_BANCO,11100,Bajo,42%,0,214,727,1,6593,250,0,0,0,27,Renta,Preparatoria
2.01408E+16,420,Aprobada,CN0,Aprobado,BUENO,11700,9.98345E+14,2,"13,221",-13%,8240,RECIBOS DE NOMINA,Medio A,CLIENTE_BANCO,49100,Bajo,113%,0,214,727,1,4336,500,0,38118,0,41,Familiares,Preparatoria
2.01408E+16,8123,Aprobada,CN0,Aprobado,BUENO,4000,9.98345E+14,2,"2,600",35%,0,RECIBOS DE NOMINA,Alto B,NO_CLIENTE,0,Bajo,65%,0,214,735,0,0,0,0,0,0,33,Hipoteca,Posgrado
2.01408E+16,4182,Aprobada,CN0,Aprobado,REGULAR,49999,9.98345E+14,0,"16,500",67%,45941,PROPIEDAD ACTIVO FIJO,Medio A,CLIENTE_BANCO,5000,Bajo,33%,0,214,737,1,1241,250,0,0,0,37,Renta,Preparatoria
2.01408E+16,246,Aprobada,CN0,Aprobado,BUENO,32999,9.98345E+14,1,"36,629",-11%,13383,PROPIEDAD ACTIVO FIJO,Medio A,CLIENTE_BANCO,15000,Bajo,111%,0,214,740,1,7491,250,0,0,0,56,Familiares,Posgrado
2.01408E+16,7163,Aprobada,CN0,Aprobado,REGULAR,261001,9.98345E+14,1,"52,200",80%,42652,PROPIEDAD ACTIVO FIJO,Medio A,CLIENTE_BANCO,182000,Bajo,20%,0,214,744,0,12195,0,0,0,0,38,Propia,Licenciatura
2.01407E+16,178,Aprobada,CN0,Aprobado,REGULAR,49999,9.98345E+14,1,"12,500",75%,68455,RECIBOS DE NOMINA,Medio A,CLIENTE_BANCO,15000,Bajo,25%,0,214,750,0,0,0,0,0,0,46,Hipoteca,Licenciatura
2.01408E+16,4662,Aprobada,CN0,Aprobado,BUENO,123000,9.98345E+14,1,"81,180",34%,37861,RECIBOS DE NOMINA,Alto A,NO_CLIENTE,0,Mínimo,66%,0,214,754,0,0,0,0,0,0,28,Familiares,Licenciatura
2.01408E+16,607,Aprobada,CN0,Aprobado,BUENO,36000,9.98345E+14,1,"19,440",46%,13137,RECIBOS DE NOMINA,Medio A,CLIENTE_BANCO,13200,Mínimo,54%,0,214,766,0,0,0,0,0,0,42,Propia,Secundaria
2.01408E+16,4604,Aprobada,CN0,Aprobado,BUENO,36000,9.98345E+14,0,"15,120",58%,19715,RECIBOS DE NOMINA,Alto A,CLIENTE_BANCO,5600,Mínimo,42%,0,214,767,1,711,250,0,0,0,55,Propia,Preparatoria
2.01408E+16,85000,Aprobada,CN0,Aprobado,BUENO,3000,9.98345E+14,1,"1,350",55%,0,RECIBOS DE NOMINA,Medio A,NO_CLIENTE,0,Mínimo,45%,0,214,775,0,0,0,0,0,0,49,Propia,Licenciatura
2.01407E+16,4880,Aprobada,CN0,Aprobado,REGULAR,21200,9.98345E+14,1,"4,664",78%,14232,RECIBOS DE NOMINA,Alto A,CLIENTE_BANCO,1,Mínimo,22%,0,214,798,0,0,0,0,0,0,52,Propia,Licenciatura
2.01408E+16,85000,Aprobada,CN0,Aprobado,REGULAR,3000,9.98345E+14,1,600,80%,0,RECIBOS DE NOMINA,Medio A,NO_CLIENTE,0,Mínimo,20%,0,214,800,0,0,0,0,0,0,42,Propia,Licenciatura
2.01408E+16,515,Aprobada,CN0,Aprobado,REGULAR,95000,9.98345E+14,0,"37,050",61%,60819,RECIBOS DE NOMINA,Medio A,CLIENTE_BANCO,22300,Medio ,39%,0,215,685,1,20898,760,0,71422,0,57,Renta,Preparatoria
2.01408E+16,8241,Aprobada,CN0,Aprobado,REGULAR,9899,9.98345E+14,0,"2,475",75%,42382,PROPIEDAD ACTIVO FIJO,Medio A,CLIENTE_BANCO,74500,Bajo,25%,0,215,704,0,63822,0,0,0,0,59,Propia,Preparatoria
2.01408E+16,769,Aprobada,CN0,Aprobado,BUENO,317001,9.98345E+14,0,"288,471",9%,44098,RECIBOS DE NOMINA,Medio A,CLIENTE_BANCO,127000,Bajo,91%,0,215,704,0,101992,0,0,261983,0,28,Familiares,Licenciatura
2.01408E+16,4363,Aprobada,CN0,Aprobado,BUENO,45000,9.98345E+14,0,"19,350",57%,23009,RECIBOS DE NOMINA,Medio A,CLIENTE_BANCO,6200,Bajo,43%,0,215,711,1,4939,250,0,0,0,52,Renta,Preparatoria
2.01408E+16,176,Aprobada,CN0,Aprobado,BUENO,9899,9.98345E+14,2,"9,404",5%,231322,PROPIEDAD ACTIVO FIJO,Medio A,CLIENTE_BANCO,86500,Bajo,95%,0,215,713,1,46592,2780,0,0,0,43,Propia,Licenciatura
2.01407E+16,14041,Aprobada,CN0,Aprobado,BUENO,82000,9.98345E+14,1,"86,100",-5%,23939,RECIBOS DE NOMINA,Alto B,CLIENTE_BANCO,4000,Bajo,105%,0,215,715,0,0,0,0,0,0,56,Hipoteca,Licenciatura
2.01408E+16,956,Aprobada,CN0,Aprobado,BUENO,11600,9.98345E+14,1,"11,252",3%,17511,RECIBOS DE NOMINA,Medio B,NO_CLIENTE,0,Bajo,97%,0,215,723,0,0,0,0,0,0,36,Renta,Preparatoria
2.01406E+16,4181,Aprobada,CN0,Aprobado,BUENO,36000,9.98345E+14,0,"21,960",39%,26636,PROPIEDAD ACTIVO FIJO,Medio A,CLIENTE_BANCO,15000,Bajo,61%,0,215,731,0,6889,0,0,0,0,54,Hipoteca,Posgrado
2.01408E+16,9188,Aprobada,CN0,Aprobado,BUENO,54000,9.98345E+14,2,"35,640",34%,0,RECIBOS DE NOMINA,Medio A,NO_CLIENTE,100000,Bajo,66%,0,215,734,0,1488,0,0,0,0,42,Renta,Preparatoria
2.01408E+16,4147,Aprobada,CN0,Aprobado,BUENO,9899,9.98345E+14,0,"7,325",26%,17646,RECIBOS DE NOMINA,Medio B,CLIENTE_BANCO,0,Bajo,74%,0,215,736,0,0,0,0,0,0,35,Hipoteca,Posgrado
2.01407E+16,7718,Aprobada,CN0,Aprobado,BUENO,10000,9.98345E+14,2,"6,000",40%,0,RECIBOS DE NOMINA,Medio B,NO_CLIENTE,0,Bajo,60%,0,215,740,0,0,0,0,0,0,51,Propia,Posgrado
2.01408E+16,742,Aprobada,CN0,Aprobado,BUENO,49999,9.98345E+14,2,"49,999",0%,13799,PROPIEDAD ACTIVO FIJO,Alto A,CLIENTE_BANCO,40000,Bajo,100%,0,215,744,1,2930,500,0,0,0,54,Propia,Licenciatura
2.01408E+16,8199,Aprobada,CN0,Aprobado,BUENO,2999,9.98345E+14,2,"1,559",48%,12553,PAGOS PROV SEMESTRALES PF,Medio B,NO_CLIENTE,0,Bajo,52%,0,215,748,0,0,0,0,0,0,37,Propia,Preparatoria
2.01408E+16,7498,Aprobada,CN0,Aprobado,BUENO,30000,9.98345E+14,2,"15,300",49%,14120,RECIBOS DE NOMINA,Alto B,CLIENTE_BANCO,0,Bajo,51%,0,215,749,0,0,0,0,0,0,54,Familiares,Preparatoria
2.01408E+16,11723,Aprobada,CN0,Aprobado,BUENO,49000,9.98345E+14,0,"26,950",45%,10641,RECIBOS DE NOMINA,Alto B,NO_CLIENTE,0,Mínimo,55%,0,215,755,0,0,0,0,0,0,29,Propia,Posgrado
2.01408E+16,447,Aprobada,CN0,Aprobado,BUENO,4999,9.98345E+14,1,"2,749",45%,22461,RECIBOS DE NOMINA,Medio A,CLIENTE_BANCO,0,Mínimo,55%,0,215,765,0,0,0,0,0,0,50,Propia,Preparatoria
2.01407E+16,7716,Aprobada,CN0,Aprobado,BUENO,7000,9.98345E+14,0,"3,010",57%,0,INVERSIONES,Medio A,NO_CLIENTE,0,Mínimo,43%,0,215,767,0,0,0,0,0,0,37,Familiares,Licenciatura
2.01408E+16,198,Aprobada,CN0,Aprobado,BUENO,5300,9.98345E+14,1,"2,756",48%,1729,RECIBOS DE NOMINA,Alto B,CLIENTE_BANCO,0,Mínimo,52%,0,215,768,0,0,0,0,1681,0,50,Propia,Posgrado
2.01408E+16,4862,Aprobada,CN0,Aprobado,REGULAR,17000,9.98345E+14,0,"4,420",74%,14814,RECIBOS DE NOMINA,Medio A,NO_CLIENTE,0,Mínimo,26%,0,215,784,0,0,0,0,0,0,26,Renta,Preparatoria
2.01408E+16,4001,Aprobada,CN0,Aprobado,REGULAR,2999,9.98345E+14,0,720,76%,39343,PAGOS PROV SEMESTRALES PF,Alto B,CLIENTE_BANCO,0,Mínimo,24%,0,215,786,0,0,0,0,0,0,35,Hipoteca,Posgrado
2.01408E+16,124,Aprobada,CN0,Aprobado,REGULAR,17000,9.98345E+14,0,"3,570",79%,14675,RECIBOS DE NOMINA,Medio B,CLIENTE_BANCO,0,Mínimo,21%,0,215,789,0,0,0,0,0,0,49,Renta,Posgrado
2.01408E+16,292,Aprobada,CN0,Aprobado,REGULAR,1999,9.98345E+14,1,320,84%,7379,RECIBOS DE NOMINA,Alto A,CLIENTE_BANCO,0,Mínimo,16%,0,215,804,0,0,0,0,0,0,43,Hipoteca,Preparatoria
2.01408E+16,98,Aprobada,CN0,Aprobado,REGULAR,164000,9.98345E+14,1,"111,520",32%,136364,RECIBOS DE NOMINA,Medio A,CLIENTE_BANCO,89000,Medio ,68%,0,216,681,1,26220,1120,0,0,0,58,Hipoteca,Licenciatura
2.01408E+16,648,Aprobada,CN0,Aprobado,REGULAR,9899,9.98345E+14,0,"2,970",70%,15201,PROPIEDAD ACTIVO FIJO,Medio A,CLIENTE_BANCO,8000,Medio ,30%,0,216,698,0,6871,0,0,0,0,46,Familiares,Licenciatura
2.01408E+16,5997,Aprobada,CN0,Aprobado,REGULAR,42000,9.98345E+14,2,"42,420",-1%,23463,RECIBOS DE NOMINA,Medio B,NO_CLIENTE,0,Medio ,101%,0,216,699,0,0,0,0,0,0,57,Propia,Licenciatura
2.01408E+16,4684,Aprobada,CN0,Aprobado,BUENO,9899,9.98345E+14,0,"10,097",-2%,17461,RECIBOS DE NOMINA,Medio A,CLIENTE_BANCO,18200,Bajo,102%,0,216,706,1,8564,470,0,0,0,47,Hipoteca,Licenciatura
2.01408E+16,3,Aprobada,CN0,Aprobado,BUENO,4999,9.98345E+14,2,"4,549",9%,39546,DECLARACION ANUAL PFAE,Alto B,CLIENTE_BANCO,0,Bajo,91%,0,216,709,0,0,0,0,40150,0,50,Renta,Posgrado
2.01408E+16,4775,Aprobada,CN0,Aprobado,BUENO,9899,9.98345E+14,1,"10,493",-6%,56110,PROPIEDAD ACTIVO FIJO,Medio A,CLIENTE_BANCO,35000,Bajo,106%,0,216,721,1,1298,1199,0,0,0,42,Familiares,Posgrado
2.01408E+16,7529,Aprobada,CN0,Aprobado,BUENO,49999,9.98345E+14,2,"43,499",13%,58388,PROPIEDAD ACTIVO FIJO,Medio A,CLIENTE_BANCO,97500,Bajo,87%,0,216,723,1,33887,1220,0,0,0,46,Familiares,Secundaria
2.01408E+16,845,Aprobada,CN0,Aprobado,BUENO,39999,9.98345E+14,1,"45,199",-13%,14041,PROPIEDAD ACTIVO FIJO,Medio A,CLIENTE_BANCO,10004,Bajo,113%,0,216,724,0,1818,0,0,0,0,33,Propia,Licenciatura
2.01407E+16,15014,Aprobada,CN0,Aprobado,BUENO,6500,9.98345E+14,2,"4,745",27%,11980,RECIBOS DE NOMINA,Medio B,NO_CLIENTE,0,Bajo,73%,0,216,727,0,0,0,0,0,0,36,Propia,Preparatoria
2.01408E+16,5975,Aprobada,CN0,Aprobado,BUENO,1999,9.98345E+14,0,"1,499",25%,6628,RECIBOS DE NOMINA,Medio B,NO_CLIENTE,0,Bajo,75%,0,216,735,0,0,0,0,0,0,42,Hipoteca,Licenciatura
2.01407E+16,7912,Aprobada,CN0,Aprobado,BUENO,6000,9.98345E+14,2,"3,660",39%,0,RECIBOS DE NOMINA,Medio B,NO_CLIENTE,0,Bajo,61%,0,216,739,0,0,0,0,0,0,35,Propia,Preparatoria
2.01408E+16,215,Aprobada,CN0,Aprobado,BUENO,39999,9.98345E+14,2,"24,399",39%,27981,PROPIEDAD ACTIVO FIJO,Alto B,CLIENTE_BANCO,38000,Bajo,61%,0,216,739,0,13346,0,0,0,0,32,Propia,Preparatoria
2.01408E+16,912,Aprobada,CN0,Aprobado,BUENO,9899,9.98345E+14,1,"4,059",59%,36495,PROPIEDAD ACTIVO FIJO,Medio A,CLIENTE_BANCO,200000,Bajo,41%,0,216,740,1,14148,2500,0,0,0,59,Familiares,Licenciatura
2.01408E+16,4454,Aprobada,CN0,Aprobado,BUENO,9899,9.98345E+14,2,"7,820",21%,52224,PROPIEDAD ACTIVO FIJO,Medio A,CLIENTE_BANCO,16500,Bajo,79%,0,216,740,1,2187,250,0,145354,0,55,Familiares,Preparatoria
2.01408E+16,7554,Aprobada,CN0,Aprobado,BUENO,34999,9.98345E+14,0,"31,149",11%,12767,PROPIEDAD ACTIVO FIJO,Medio A,CLIENTE_BANCO,16800,Bajo,89%,0,216,740,1,1894,250,0,0,0,42,Renta,Preparatoria
2.01408E+16,9596,Aprobada,CN0,Aprobado,BUENO,7200,9.98345E+14,2,"6,408",11%,18467,RECIBOS DE NOMINA,Medio A,CLIENTE_BANCO,67000,Bajo,89%,0,216,740,1,8705,840,0,0,0,34,Familiares,Posgrado
2.01408E+16,7774,Aprobada,CN0,Aprobado,BUENO,8600,9.98345E+14,1,"6,622",23%,0,RECIBOS DE NOMINA,Medio D,NO_CLIENTE,0,Bajo,77%,1,216,743,0,0,0,0,0,0,32,Hipoteca,Preparatoria
2.01408E+16,4421,Aprobada,CN0,Aprobado,BUENO,25000,9.98345E+14,0,"13,500",46%,13174,RECIBOS DE NOMINA,Alto B,NO_CLIENTE,0,Mínimo,54%,0,216,756,0,0,0,0,0,0,26,Familiares,Licenciatura
2.01408E+16,394,Aprobada,CN0,Aprobado,BUENO,2999,9.98345E+14,0,"1,500",50%,13335,PROPIEDAD ACTIVO FIJO,Medio A,CLIENTE_BANCO,0,Mínimo,50%,0,216,760,0,0,0,0,14342,0,60,Propia,Preparatoria
2.01408E+16,4469,Aprobada,CN0,Aprobado,BUENO,9899,9.98345E+14,1,"5,444",45%,3259,PROPIEDAD ACTIVO FIJO,Medio A,CLIENTE_BANCO,12500,Mínimo,55%,0,216,767,0,0,0,0,8239,0,58,Familiares,Preparatoria
2.01408E+16,7130,Aprobada,CN0,Aprobado,REGULAR,9899,9.98345E+14,0,"2,970",70%,69296,DECLARACION ANUAL PFAE,Medio B,CLIENTE_BANCO,50000,Mínimo,30%,0,216,780,0,2187,0,0,43001,0,43,Renta,Preparatoria
2.01408E+16,8143,Aprobada,CN0,Aprobado,REGULAR,45000,9.98345E+14,0,"12,600",72%,0,RECIBOS DE NOMINA,Alto B,NO_CLIENTE,0,Mínimo,28%,0,216,782,0,0,0,0,0,0,42,Hipoteca,Posgrado
2.01408E+16,4607,Aprobada,CN0,Aprobado,REGULAR,26000,9.98345E+14,0,"3,900",85%,15670,RECIBOS DE NOMINA,Alto A,CLIENTE_BANCO,0,Mínimo,15%,0,216,795,0,0,0,0,928,0,45,Renta,Licenciatura
2.01408E+16,931,Aprobada,CN0,Aprobado,REGULAR,9899,9.98345E+14,2,"6,236",37%,18439,PROPIEDAD ACTIVO FIJO,Medio A,CLIENTE_BANCO,34000,Alto,63%,0,217,639,1,24705,1180,0,0,0,54,Hipoteca,Posgrado
2.01408E+16,4454,Aprobada,CN0,Aprobado,REGULAR,49999,9.98345E+14,2,"56,999",-14%,44527,PROPIEDAD ACTIVO FIJO,Alto B,CLIENTE_BANCO,0,Medio ,114%,0,217,686,0,0,0,0,0,0,58,Propia,Preparatoria
2.01408E+16,33,Aprobada,CN0,Aprobado,REGULAR,9899,9.98345E+14,2,"10,889",-10%,10810,RECIBOS DE NOMINA,Medio B,NO_CLIENTE,0,Medio ,110%,0,217,690,0,0,0,0,0,0,52,Propia,Licenciatura
2.01408E+16,4482,Aprobada,CN0,Aprobado,REGULAR,6200,9.98345E+14,0,"2,046",67%,16963,RECIBOS DE NOMINA,Medio A,CLIENTE_BANCO,8700,Medio ,33%,0,217,694,1,6702,370,0,177809,0,50,Renta,Licenciatura
2.01406E+16,435,Aprobada,CN0,Aprobado,REGULAR,19000,9.98345E+14,2,"20,330",-7%,0,PAGOS PROV SEMESTRALES PF,Medio B,CLIENTE_BANCO,0,Medio ,107%,0,217,699,0,0,0,0,15210,0,27,Propia,Posgrado
2.01408E+16,753,Aprobada,CN0,Aprobado,BUENO,2999,9.98345E+14,1,"3,509",-17%,8232,CTA NOMINA DIGITAL,Medio B,CLIENTE_BANCO,0,Bajo,117%,0,217,703,0,0,0,0,0,0,45,Familiares,Licenciatura
2.01408E+16,561,Aprobada,CN0,Aprobado,BUENO,49999,9.98345E+14,0,"42,499",15%,35311,PROPIEDAD ACTIVO FIJO,Medio A,CLIENTE_BANCO,54000,Bajo,85%,0,217,707,1,9823,2850,0,0,0,37,Familiares,Posgrado
2.01408E+16,881,Aprobada,CN0,Aprobado,BUENO,9899,9.98345E+14,1,"6,830",31%,11806,RECIBOS DE NOMINA,Medio A,CLIENTE_BANCO,18600,Bajo,69%,0,217,717,1,10176,810,0,0,0,41,Renta,Posgrado
2.01407E+16,11721,Aprobada,CN0,Aprobado,BUENO,2999,9.98345E+14,2,"2,429",19%,10404,RECIBOS DE NOMINA,Medio B,NO_CLIENTE,0,Bajo,81%,0,217,720,0,0,0,0,0,0,55,Propia,Licenciatura
2.01408E+16,289,Aprobada,CN0,Aprobado,BUENO,54000,9.98345E+14,0,"24,300",55%,32829,RECIBOS DE NOMINA,Medio A,CLIENTE_BANCO,5004,Bajo,45%,0,217,723,1,790,250,0,0,0,31,Propia,Posgrado
2.01408E+16,470,Aprobada,CN0,Aprobado,REGULAR,44999,9.98345E+14,0,"10,350",77%,16482,PROPIEDAD ACTIVO FIJO,Medio A,CLIENTE_BANCO,4002,Bajo,23%,0,217,723,1,2541,250,0,0,0,30,Propia,Preparatoria
2.01408E+16,173,Aprobada,CN0,Aprobado,BUENO,19700,9.98345E+14,0,"15,957",19%,22936,RECIBOS DE NOMINA,Medio B,CLIENTE_BANCO,0,Bajo,81%,0,217,729,0,0,0,0,0,0,52,Hipoteca,Posgrado
2.01408E+16,7476,Aprobada,CN0,Aprobado,BUENO,15900,9.98345E+14,0,"12,879",19%,9574,RECIBOS DE NOMINA,Medio B,NO_CLIENTE,0,Bajo,81%,0,217,729,0,0,0,0,0,0,29,Renta,Posgrado
2.01408E+16,625,Aprobada,CN0,Aprobado,BUENO,9899,9.98345E+14,1,"8,711",12%,18515,RECIBOS DE NOMINA,Medio B,CLIENTE_BANCO,0,Bajo,88%,0,217,732,0,0,0,0,103061,0,44,Renta,Licenciatura
2.01408E+16,690,Aprobada,CN0,Aprobado,BUENO,49999,9.98345E+14,2,"30,999",38%,56167,PROPIEDAD ACTIVO FIJO,Medio A,CLIENTE_BANCO,3000,Bajo,62%,0,217,737,1,1712,250,0,0,0,59,Familiares,Licenciatura
2.01408E+16,893,Aprobada,CN0,Aprobado,BUENO,50000,9.98345E+14,0,"25,000",50%,12121,RECIBOS DE NOMINA,Medio A,CLIENTE_BANCO,23100,Bajo,50%,0,217,740,1,4612,290,0,10591,0,29,Renta,Posgrado
2.01408E+16,197,Aprobada,CN0,Aprobado,REGULAR,9899,9.98345E+14,0,"3,267",67%,32639,RECIBOS DE NOMINA,Medio A,CLIENTE_BANCO,17600,Bajo,33%,0,217,740,1,14130,250,0,47676,0,42,Hipoteca,Posgrado
2.01408E+16,92,Aprobada,CN0,Aprobado,REGULAR,50000,9.98345E+14,1,"20,000",60%,17779,RECIBOS DE NOMINA,Medio A,CLIENTE_BANCO,30200,Bajo,40%,0,217,740,0,15087,0,0,0,0,40,Hipoteca,Posgrado
2.01408E+16,314,Aprobada,CN0,Aprobado,BUENO,9899,9.98345E+14,1,"7,325",26%,21736,RECIBOS DE NOMINA,Alto A,CLIENTE_BANCO,0,Bajo,74%,0,217,746,0,0,0,0,0,0,44,Propia,Licenciatura
2.01408E+16,4320,Aprobada,CN0,Aprobado,BUENO,16800,9.98345E+14,2,"8,904",47%,23455,RECIBOS DE NOMINA,Medio B,NO_CLIENTE,0,Bajo,53%,0,217,747,0,0,0,0,0,0,36,Hipoteca,Posgrado
2.01408E+16,105,Aprobada,CN0,Aprobado,REGULAR,54000,9.98345E+14,0,"19,440",64%,12284,RECIBOS DE NOMINA,Medio A,CLIENTE_BANCO,38000,Bajo,36%,0,217,750,1,4948,480,0,13299,0,57,Familiares,Posgrado
2.01408E+16,150,Aprobada,CN0,Aprobado,BUENO,9899,9.98345E+14,0,"5,642",43%,23719,RECIBOS DE NOMINA,Medio A,CLIENTE_BANCO,0,Mínimo,57%,0,217,753,0,0,0,0,0,0,30,Propia,Preparatoria
2.01408E+16,2,Aprobada,CN0,Aprobado,BUENO,49999,9.98345E+14,1,"23,500",53%,30603,PROPIEDAD ACTIVO FIJO,Alto A,CLIENTE_BANCO,15000,Mínimo,47%,0,217,757,1,1253,250,0,0,0,36,Hipoteca,Preparatoria
2.01408E+16,9658,Aprobada,CN0,Aprobado,BUENO,9899,9.98345E+14,1,"7,424",25%,39394,PROPIEDAD ACTIVO FIJO,Medio A,CLIENTE_BANCO,46500,Mínimo,75%,0,217,772,0,0,0,0,0,0,56,Renta,Preparatoria
2.01408E+16,527,Aprobada,CN0,Aprobado,REGULAR,12900,9.98345E+14,1,"4,257",67%,11955,RECIBOS DE NOMINA,Medio B,NO_CLIENTE,0,Mínimo,33%,0,217,787,0,0,0,0,0,0,57,Hipoteca,Licenciatura
2.01408E+16,4595,Aprobada,CN0,Aprobado,REGULAR,32000,9.98345E+14,0,"5,760",82%,19144,RECIBOS DE NOMINA,Alto B,NO_CLIENTE,0,Mínimo,18%,0,217,792,0,0,0,0,0,0,44,Hipoteca,Preparatoria
2.01407E+16,15034,Aprobada,CN0,Aprobado,REGULAR,6500,9.98345E+14,1,"7,345",-13%,8717,RECIBOS DE NOMINA,Medio A,CLIENTE_BANCO,5004,Medio ,113%,0,218,686,1,705,250,0,0,0,47,Renta,Preparatoria
2.01408E+16,641,Aprobada,CN0,Aprobado,REGULAR,9899,9.98345E+14,2,"10,790",-9%,7626,PROPIEDAD ACTIVO FIJO,Medio A,CLIENTE_BANCO,11800,Medio ,109%,0,218,694,1,9053,570,0,1481,0,32,Renta,Preparatoria
2.01408E+16,4609,Aprobada,CN0,Aprobado,REGULAR,9899,9.98345E+14,1,"11,186",-13%,24495,PROPIEDAD ACTIVO FIJO,Medio A,CLIENTE_BANCO,20604,Medio ,113%,0,218,694,1,13448,630,0,0,0,58,Renta,Preparatoria
2.01406E+16,4267,Aprobada,CN0,Aprobado,BUENO,66000,9.98345E+14,2,"35,640",46%,36862,PROPIEDAD ACTIVO FIJO,Alto C,CLIENTE_BANCO,0,Bajo,54%,0,218,702,0,18896,0,0,0,0,25,Hipoteca,Preparatoria
2.01408E+16,483,Aprobada,CN0,Aprobado,BUENO,49999,9.98345E+14,1,"37,499",25%,80435,PROPIEDAD ACTIVO FIJO,Medio A,CLIENTE_BANCO,9400,Bajo,75%,0,218,703,1,2501,880,0,264290,0,41,Familiares,Posgrado
2.01408E+16,9402,Aprobada,CN0,Aprobado,REGULAR,16099,9.98345E+14,0,"3,703",77%,25633,PROPIEDAD ACTIVO FIJO,Medio A,CLIENTE_BANCO,21100,Bajo,23%,0,218,704,1,19048,1160,0,0,0,40,Hipoteca,Preparatoria
2.01408E+16,7920,Aprobada,CN0,Aprobado,BUENO,10000,9.98345E+14,1,"10,700",-7%,0,RECIBOS DE NOMINA,Medio B,NO_CLIENTE,0,Bajo,107%,0,218,713,0,0,0,0,0,0,40,Hipoteca,Preparatoria
2.01408E+16,290,Aprobada,CN0,Aprobado,BUENO,49999,9.98345E+14,0,"46,499",7%,15292,PROPIEDAD ACTIVO FIJO,Medio B,NO_CLIENTE,0,Bajo,93%,0,218,717,0,0,0,0,0,0,27,Propia,Posgrado
2.01408E+16,18013,Aprobada,CN0,Aprobado,BUENO,47000,9.98345E+14,1,"48,410",-3%,46799,RECIBOS DE NOMINA,Medio B,NO_CLIENTE,0,Bajo,103%,0,218,717,0,0,0,0,0,0,31,Propia,Preparatoria
2.01408E+16,9431,Aprobada,CN0,Aprobado,BUENO,1999,9.98345E+14,2,"2,119",-6%,34567,PROPIEDAD ACTIVO FIJO,Medio A,CLIENTE_BANCO,5000,Bajo,106%,0,218,723,1,1370,250,0,0,0,35,Familiares,Licenciatura
2.01408E+16,6446,Aprobada,CN0,Aprobado,BUENO,49999,9.98345E+14,0,"38,499",23%,33594,PROPIEDAD ACTIVO FIJO,Medio A,CLIENTE_BANCO,30000,Bajo,77%,0,218,723,0,427,0,0,0,0,56,Familiares,Licenciatura
2.01408E+16,4198,Aprobada,CN0,Aprobado,BUENO,43999,9.98345E+14,0,"37,839",14%,28633,PROPIEDAD ACTIVO FIJO,Medio B,NO_CLIENTE,0,Bajo,86%,0,218,724,0,0,0,0,0,0,58,Hipoteca,Licenciatura
2.01408E+16,567,Aprobada,CN0,Aprobado,REGULAR,9899,9.98345E+14,0,"3,663",63%,7743,RECIBOS DE NOMINA,Medio A,CLIENTE_BANCO,7300,Bajo,37%,0,218,727,1,4896,250,0,0,0,35,Renta,Preparatoria
2.01408E+16,261,Aprobada,CN0,Aprobado,BUENO,13900,9.98345E+14,1,"16,263",-17%,13637,RECIBOS DE NOMINA,Medio A,CLIENTE_BANCO,22300,Bajo,117%,0,218,740,0,9475,0,0,0,0,49,Hipoteca,Licenciatura
2.01408E+16,273,Aprobada,CN0,Aprobado,BUENO,9899,9.98345E+14,2,"11,186",-13%,44437,PROPIEDAD ACTIVO FIJO,Medio A,CLIENTE_BANCO,100000,Bajo,113%,0,218,740,1,3491,1250,0,0,0,45,Hipoteca,Preparatoria
2.01408E+16,14052,Aprobada,CN0,Aprobado,BUENO,8500,9.98345E+14,0,"5,865",31%,12548,PROPIEDAD ACTIVO FIJO,Medio B,NO_CLIENTE,0,Bajo,69%,0,218,741,0,0,0,0,0,0,31,Familiares,Preparatoria
2.01407E+16,19023,Aprobada,CN0,Aprobado,BUENO,38999,9.98345E+14,2,"21,059",46%,15790,RECIBOS DE NOMINA,Medio B,NO_CLIENTE,0,Bajo,54%,0,218,746,0,0,0,0,0,0,25,Propia,Posgrado
2.01408E+16,707,Aprobada,CN0,Aprobado,BUENO,9899,9.98345E+14,0,"4,752",52%,21214,RECIBOS DE NOMINA,Alto B,CLIENTE_BANCO,21000,Mínimo,48%,0,218,754,0,1369,0,0,0,0,51,Propia,Posgrado
2.01408E+16,112,Aprobada,CN0,Aprobado,BUENO,39999,9.98345E+14,2,"22,799",43%,5486,PROPIEDAD ACTIVO FIJO,Medio B,CLIENTE_BANCO,31500,Mínimo,57%,0,218,757,1,5624,400,0,0,0,45,Renta,Licenciatura
2.01408E+16,187,Aprobada,CN0,Aprobado,BUENO,22200,9.98345E+14,0,"10,656",52%,14016,RECIBOS DE NOMINA,Alto A,CLIENTE_BANCO,6000,Mínimo,48%,0,218,762,0,599,0,0,102143,0,39,Hipoteca,Posgrado
2.01408E+16,4766,Aprobada,CN0,Aprobado,BUENO,49999,9.98345E+14,0,"25,499",49%,34557,PAGOS PROV SEMESTRALES PF,Alto B,CLIENTE_BANCO,46000,Mínimo,51%,0,218,762,0,0,0,0,34263,0,52,Familiares,Licenciatura
2.01407E+16,11711,Aprobada,CN0,Aprobado,REGULAR,6200,9.98345E+14,0,"2,232",64%,17665,PROPIEDAD ACTIVO FIJO,Alto B,NO_CLIENTE,0,Mínimo,36%,0,218,774,0,0,0,0,0,0,51,Propia,Licenciatura
2.01408E+16,8113,Aprobada,CN0,Aprobado,REGULAR,5500,9.98345E+14,1,"2,090",62%,0,RECIBOS DE NOMINA,Medio A,NO_CLIENTE,0,Mínimo,38%,0,218,782,0,0,0,0,0,0,33,Hipoteca,Posgrado
2.01407E+16,9141,Aprobada,CN0,Aprobado,REGULAR,7000,9.98345E+14,1,"1,190",83%,0,RECIBOS DE NOMINA,Medio A,CLIENTE_BANCO,0,Mínimo,17%,0,218,803,0,0,0,0,0,0,54,Familiares,Licenciatura
2.01408E+16,7995,Aprobada,CN0,Aprobado,REGULAR,5200,9.98345E+14,2,"5,720",-10%,5580,RECIBOS DE NOMINA,Medio B,NO_CLIENTE,0,Medio ,110%,0,219,690,0,0,0,0,0,0,39,Propia,Preparatoria
2.01408E+16,377,Aprobada,CN0,Aprobado,REGULAR,9899,9.98345E+14,2,"8,315",16%,9398,PROPIEDAD ACTIVO FIJO,Alto A,CLIENTE_BANCO,15000,Medio ,84%,0,219,694,0,14157,0,0,0,0,58,Propia,Licenciatura
2.01408E+16,4882,Aprobada,CN0,Aprobado,BUENO,50000,9.98345E+14,0,"31,500",37%,13115,RECIBOS DE NOMINA,Medio A,CLIENTE_BANCO,4999,Bajo,63%,0,219,706,1,598,250,0,14931,0,28,Renta,Licenciatura
2.01407E+16,948,Aprobada,CN0,Aprobado,BUENO,111000,9.98345E+14,0,"111,000",0%,27926,RECIBOS DE NOMINA,Alto B,CLIENTE_BANCO,0,Bajo,100%,0,219,710,0,0,0,0,80417,0,49,Hipoteca,Licenciatura
2.01408E+16,256,Aprobada,CN0,Aprobado,BUENO,15000,9.98345E+14,2,"17,100",-14%,11409,RECIBOS DE NOMINA,Medio A,CLIENTE_BANCO,15000,Bajo,114%,0,219,710,1,9675,740,0,0,0,38,Hipoteca,Posgrado
2.01408E+16,4444,Aprobada,CN0,Aprobado,BUENO,49999,9.98345E+14,1,"52,499",-5%,47838,PROPIEDAD ACTIVO FIJO,Medio A,CLIENTE_BANCO,34000,Bajo,105%,0,219,723,0,1320,0,0,47600,0,42,Propia,Preparatoria
2.01408E+16,552,Aprobada,CN0,Aprobado,BUENO,9899,9.98345E+14,2,"10,889",-10%,54015,PROPIEDAD ACTIVO FIJO,Medio A,CLIENTE_BANCO,32300,Bajo,110%,0,219,727,1,14803,600,0,193444,0,52,Renta,Licenciatura
2.01407E+16,18023,Aprobada,CN0,Aprobado,BUENO,2999,9.98345E+14,1,"2,759",8%,11145,RECIBOS DE NOMINA,Medio B,NO_CLIENTE,0,Bajo,92%,0,219,728,0,0,0,0,0,0,51,Familiares,Preparatoria
2.01408E+16,284,Aprobada,CN0,Aprobado,REGULAR,9899,9.98345E+14,1,"2,079",79%,4241,PROPIEDAD ACTIVO FIJO,Medio A,CLIENTE_BANCO,28000,Bajo,21%,0,219,733,1,66,66,0,127312,0,55,Renta,Licenciatura
2.01408E+16,479,Aprobada,CN0,Aprobado,BUENO,10000,9.98345E+14,2,"9,000",10%,15906,RECIBOS DE NOMINA,Medio A,CLIENTE_BANCO,6400,Bajo,90%,0,219,733,1,4471,270,0,83517,0,51,Familiares,Licenciatura
2.01407E+16,14079,Aprobada,CN0,Aprobado,BUENO,17700,9.98345E+14,1,"14,337",19%,7551,RECIBOS DE NOMINA,Medio B,NO_CLIENTE,0,Bajo,81%,0,219,739,0,0,0,0,0,0,36,Renta,Licenciatura
2.01408E+16,4209,Aprobada,CN0,Aprobado,BUENO,9899,9.98345E+14,2,"9,503",4%,16837,INVERSIONES,Medio A,CLIENTE_BANCO,7100,Bajo,96%,0,219,740,0,2842,0,0,56826,0,32,Familiares,Preparatoria
2.01408E+16,288,Aprobada,CN0,Aprobado,BUENO,17000,9.98345E+14,0,"11,560",32%,11072,RECIBOS DE NOMINA,Alto A,CLIENTE_BANCO,0,Bajo,68%,0,219,742,0,0,0,0,0,0,48,Propia,Posgrado
2.01407E+16,506,Aprobada,CN0,Aprobado,BUENO,4999,9.98345E+14,2,"2,549",49%,10410,RECIBOS DE NOMINA,Medio B,CLIENTE_BANCO,0,Bajo,51%,0,219,749,0,0,0,0,0,0,50,Hipoteca,Posgrado
2.01408E+16,4648,Aprobada,CN0,Aprobado,BUENO,4999,9.98345E+14,0,"3,049",39%,6870,RECIBOS DE NOMINA,Alto A,CLIENTE_BANCO,0,Bajo,61%,0,219,749,0,0,0,0,0,0,47,Familiares,Posgrado
2.01408E+16,141,Aprobada,CN0,Aprobado,BUENO,38000,9.98345E+14,0,"16,720",56%,40749,RECIBOS DE NOMINA,Medio A,CLIENTE_BANCO,18000,Mínimo,44%,0,219,757,1,5459,320,0,0,0,51,Familiares,Licenciatura
2.01406E+16,4484,Aprobada,CN0,Aprobado,BUENO,16300,9.98345E+14,0,"7,987",51%,9080,RECIBOS DE NOMINA,Medio A,NO_CLIENTE,0,Mínimo,49%,0,219,761,0,0,0,0,0,0,47,Renta,Preparatoria
2.01407E+16,8113,Aprobada,CN0,Aprobado,BUENO,7000,9.98345E+14,0,"3,080",56%,0,RECIBOS DE NOMINA,Alto A,NO_CLIENTE,0,Mínimo,44%,0,219,766,0,0,0,0,0,0,50,Renta,Preparatoria
2.01408E+16,420,Aprobada,CN0,Aprobado,REGULAR,51000,9.98345E+14,0,"18,360",64%,27118,RECIBOS DE NOMINA,Alto B,NO_CLIENTE,0,Mínimo,36%,0,219,774,0,0,0,0,0,0,58,Familiares,Preparatoria
2.01408E+16,4650,Aprobada,CN0,Aprobado,REGULAR,4999,9.98345E+14,3,"5,999",-20%,16670,RECIBOS DE NOMINA,Alto B,CLIENTE_BANCO,4999,Alto,120%,0,220,579,3,0,0,0,0,0,47,Hipoteca,Posgrado
2.01407E+16,7742,Aprobada,CN0,Aprobado,REGULAR,8200,9.98345E+14,2,"9,348",-14%,0,RECIBOS DE NOMINA,Alto B,CLIENTE_BANCO,12000,Medio ,114%,0,220,660,0,0,0,0,0,0,31,Hipoteca,Posgrado
2.01408E+16,4687,Aprobada,CN0,Aprobado,REGULAR,2999,9.98345E+14,2,"3,029",-1%,6571,PROPIEDAD ACTIVO FIJO,Medio B,NO_CLIENTE,0,Medio ,101%,0,220,699,0,0,0,0,0,0,35,Hipoteca,Preparatoria
2.01408E+16,487,Aprobada,CN0,Aprobado,REGULAR,20200,9.98345E+14,1,"4,646",77%,12274,RECIBOS DE NOMINA,Medio A,CLIENTE_BANCO,15200,Bajo,23%,0,220,706,1,275,250,0,0,0,43,Propia,Posgrado
2.01408E+16,112,Aprobada,CN0,Aprobado,REGULAR,9899,9.98345E+14,1,"3,366",66%,41429,PROPIEDAD ACTIVO FIJO,Medio A,CLIENTE_BANCO,10000,Bajo,34%,0,220,706,1,5334,370,0,14376,0,36,Familiares,Licenciatura
2.01408E+16,4689,Aprobada,CN0,Aprobado,BUENO,9899,9.98345E+14,2,"6,632",33%,52083,PROPIEDAD ACTIVO FIJO,Medio A,CLIENTE_BANCO,36000,Bajo,67%,0,220,706,1,20769,1100,0,0,0,40,Familiares,Licenciatura
2.01408E+16,707,Aprobada,CN0,Aprobado,BUENO,9899,9.98345E+14,2,"7,424",25%,27489,RECIBOS DE NOMINA,Medio A,CLIENTE_BANCO,21800,Bajo,75%,0,220,714,1,9272,600,0,62605,0,34,Renta,Posgrado
2.01408E+16,92,Aprobada,CN0,Aprobado,BUENO,39999,9.98345E+14,0,"37,599",6%,8053,RECIBOS DE NOMINA,Alto B,CLIENTE_BANCO,0,Bajo,94%,0,220,716,0,0,0,0,0,0,41,Familiares,Posgrado
2.01408E+16,4363,Aprobada,CN0,Aprobado,BUENO,24299,9.98345E+14,0,"15,794",35%,29231,RECIBOS DE NOMINA,Medio A,CLIENTE_BANCO,29500,Bajo,65%,0,220,717,1,3546,370,0,0,0,32,Renta,Posgrado
2.01407E+16,4763,Aprobada,CN0,Aprobado,BUENO,49999,9.98345E+14,0,"48,499",3%,153702,RECIBOS DE NOMINA,Alto A,CLIENTE_BANCO,35000,Bajo,97%,0,220,723,1,26452,440,0,0,0,41,Familiares,Licenciatura
2.01408E+16,182,Aprobada,CN0,Aprobado,BUENO,9899,9.98345E+14,1,"9,602",3%,5986,PROPIEDAD ACTIVO FIJO,Alto B,CLIENTE_BANCO,11000,Bajo,97%,0,220,723,0,0,0,0,0,0,51,Hipoteca,Preparatoria
2.01408E+16,262,Aprobada,CN0,Aprobado,REGULAR,24099,9.98345E+14,1,"5,543",77%,20627,PROPIEDAD ACTIVO FIJO,Medio A,CLIENTE_BANCO,65500,Bajo,23%,0,220,727,1,19025,890,0,0,0,54,Familiares,Posgrado
2.01408E+16,4663,Aprobada,CN0,Aprobado,BUENO,5999,9.98345E+14,1,"5,279",12%,23313,PROPIEDAD ACTIVO FIJO,Medio A,CLIENTE_BANCO,7500,Bajo,88%,0,220,727,1,6405,320,0,4607,0,52,Familiares,Preparatoria
2.01408E+16,779,Aprobada,CN0,Aprobado,REGULAR,39999,9.98345E+14,0,"13,200",67%,15691,RECIBOS DE NOMINA,Medio A,CLIENTE_BANCO,3500,Bajo,33%,0,220,733,1,2413,250,0,6269,0,52,Propia,Preparatoria
2.01408E+16,842,Aprobada,CN0,Aprobado,BUENO,29000,9.98345E+14,2,"18,270",37%,10782,RECIBOS DE NOMINA,Medio B,NO_CLIENTE,0,Bajo,63%,0,220,737,0,0,0,0,0,0,58,Hipoteca,Posgrado
2.01407E+16,101,Aprobada,CN0,Aprobado,BUENO,40000,9.98345E+14,1,"32,800",18%,8864,PROPIEDAD ACTIVO FIJO,Medio B,NO_CLIENTE,0,Bajo,82%,0,220,738,0,0,0,0,0,0,52,Familiares,Posgrado
2.01408E+16,4668,Aprobada,CN0,Aprobado,REGULAR,9899,9.98345E+14,0,"3,168",68%,10838,PROPIEDAD ACTIVO FIJO,Medio A,CLIENTE_BANCO,20000,Bajo,32%,0,220,740,1,6962,320,0,7409,0,53,Familiares,Posgrado
2.01408E+16,428,Aprobada,CN0,Aprobado,REGULAR,49999,9.98345E+14,0,"11,000",78%,51709,PROPIEDAD ACTIVO FIJO,Medio A,CLIENTE_BANCO,74000,Bajo,22%,0,220,740,1,30030,930,0,0,0,51,Familiares,Posgrado
2.01408E+16,7526,Aprobada,CN0,Aprobado,BUENO,10700,9.98345E+14,2,"10,165",5%,14616,RECIBOS DE NOMINA,Medio A,CLIENTE_BANCO,20100,Bajo,95%,0,220,744,1,2271,260,0,0,0,58,Familiares,Posgrado
2.01408E+16,4639,Aprobada,CN0,Aprobado,BUENO,9899,9.98345E+14,0,"5,147",48%,66102,RECIBOS DE NOMINA,Medio B,CLIENTE_BANCO,0,Mínimo,52%,0,220,758,0,0,0,0,0,0,43,Propia,Licenciatura
2.01408E+16,18031,Aprobada,CN0,Aprobado,BUENO,20200,9.98345E+14,1,"9,696",52%,21437,RECIBOS DE NOMINA,Medio A,NO_CLIENTE,0,Mínimo,48%,0,220,772,0,0,0,0,0,0,30,Hipoteca,Licenciatura
2.01408E+16,14081,Aprobada,CN0,Aprobado,REGULAR,9500,9.98345E+14,0,"3,420",64%,12546,RECIBOS DE NOMINA,Alto A,NO_CLIENTE,0,Mínimo,36%,0,220,774,0,0,0,0,0,0,33,Propia,Licenciatura
2.01408E+16,17,Aprobada,CN0,Aprobado,REGULAR,2999,9.98345E+14,0,600,80%,0,PROPIEDAD ACTIVO FIJO,Alto B,NO_CLIENTE,0,Mínimo,20%,0,220,790,0,0,0,0,0,0,53,Hipoteca,Preparatoria
2.01408E+16,801,Aprobada,CN0,Aprobado,REGULAR,9899,9.98345E+14,3,"11,780",-19%,20455,PROPIEDAD ACTIVO FIJO,Alto B,CLIENTE_BANCO,9899,Alto,119%,0,221,539,3,0,0,0,0,0,58,Familiares,Preparatoria
2.01408E+16,20136,Aprobada,CN0,Aprobado,REGULAR,14600,9.98345E+14,2,"16,498",-13%,18611,RECIBOS DE NOMINA,Medio B,NO_CLIENTE,0,Medio ,113%,0,221,687,0,0,0,0,0,0,31,Renta,Licenciatura
2.01408E+16,274,Aprobada,CN0,Aprobado,REGULAR,9899,9.98345E+14,1,"6,236",37%,19137,PROPIEDAD ACTIVO FIJO,Medio A,CLIENTE_BANCO,16500,Medio ,63%,0,221,697,0,12154,0,0,0,0,52,Renta,Preparatoria
2.01408E+16,412,Aprobada,CN0,Aprobado,BUENO,9899,9.98345E+14,2,"10,196",-3%,41524,PROPIEDAD ACTIVO FIJO,Medio A,CLIENTE_BANCO,42000,Bajo,103%,0,221,705,1,6847,530,0,0,0,42,Hipoteca,Posgrado
2.01408E+16,4650,Aprobada,CN0,Aprobado,BUENO,4999,9.98345E+14,1,"5,449",-9%,13570,RECIBOS DE NOMINA,Alto B,CLIENTE_BANCO,0,Bajo,109%,0,221,711,0,0,0,0,68561,0,59,Propia,Preparatoria
2.01408E+16,4443,Aprobada,CN0,Aprobado,BUENO,28000,9.98345E+14,2,"23,240",17%,24326,RECIBOS DE NOMINA,Medio A,CLIENTE_BANCO,50002,Bajo,83%,0,221,714,1,16970,640,0,254373,0,36,Familiares,Preparatoria
2.01408E+16,611,Aprobada,CN0,Aprobado,BUENO,56000,9.98345E+14,0,"46,480",17%,36360,RECIBOS DE NOMINA,Medio A,CLIENTE_BANCO,10004,Bajo,83%,0,221,723,1,4963,250,0,72908,0,46,Renta,Licenciatura
2.01408E+16,4295,Aprobada,CN0,Aprobado,BUENO,9899,9.98345E+14,0,"8,513",14%,11211,RECIBOS DE NOMINA,Alto A,CLIENTE_BANCO,14000,Bajo,86%,0,221,724,0,0,0,0,0,0,29,Renta,Preparatoria
2.01408E+16,419,Aprobada,CN0,Aprobado,BUENO,54000,9.98345E+14,2,"46,440",14%,32498,RECIBOS DE NOMINA,Medio A,CLIENTE_BANCO,50800,Bajo,86%,0,221,731,0,19340,0,0,0,0,55,Familiares,Posgrado
2.01407E+16,14093,Aprobada,CN0,Aprobado,BUENO,33000,9.98345E+14,1,"27,390",17%,21786,PAGOS PROV SEMESTRALES PF,Medio B,NO_CLIENTE,0,Bajo,83%,0,221,737,0,0,0,0,0,0,53,Renta,Licenciatura
2.01408E+16,261,Aprobada,CN0,Aprobado,BUENO,37000,9.98345E+14,0,"28,490",23%,38679,RECIBOS DE NOMINA,Medio A,CLIENTE_BANCO,64200,Bajo,77%,0,221,737,1,23679,1407,0,0,0,60,Renta,Preparatoria
2.01407E+16,14065,Aprobada,CN0,Aprobado,BUENO,49999,9.98345E+14,1,"40,499",19%,82188,RECIBOS DE NOMINA,Alto B,CLIENTE_BANCO,137000,Bajo,81%,0,221,739,0,0,0,0,231220,0,50,Familiares,Licenciatura
2.01408E+16,4091,Aprobada,CN0,Aprobado,BUENO,49999,9.98345E+14,0,"23,000",54%,34865,PROPIEDAD ACTIVO FIJO,Medio A,CLIENTE_BANCO,50000,Bajo,46%,0,221,740,0,0,0,0,0,0,44,Renta,Preparatoria
2.01408E+16,678,Aprobada,CN0,Aprobado,REGULAR,49000,9.98345E+14,0,"12,740",74%,16569,RECIBOS DE NOMINA,Medio A,CLIENTE_BANCO,36000,Bajo,26%,0,221,744,0,1823,0,0,0,0,57,Propia,Licenciatura
2.01408E+16,405,Aprobada,CN0,Aprobado,BUENO,11800,9.98345E+14,1,"8,850",25%,9701,RECIBOS DE NOMINA,Medio B,NO_CLIENTE,0,Bajo,75%,0,221,745,0,0,0,0,0,0,25,Familiares,Posgrado
2.01408E+16,4068,Aprobada,CN0,Aprobado,BUENO,9899,9.98345E+14,2,"9,008",9%,76702,PROPIEDAD ACTIVO FIJO,Medio A,CLIENTE_BANCO,17100,Bajo,91%,0,221,750,0,11204,0,0,0,0,35,Renta,Preparatoria
2.01408E+16,4534,Aprobada,CN0,Aprobado,BUENO,43999,9.98345E+14,2,"41,799",5%,14269,RECIBOS DE NOMINA,Alto A,CLIENTE_BANCO,28000,Mínimo,95%,0,221,754,0,0,0,0,0,0,39,Familiares,Licenciatura
2.01408E+16,974,Aprobada,CN0,Aprobado,BUENO,30000,9.98345E+14,0,"13,500",55%,16257,RECIBOS DE NOMINA,Alto B,NO_CLIENTE,0,Mínimo,45%,0,221,765,0,0,0,0,0,0,46,Familiares,Preparatoria
2.01408E+16,702,Aprobada,CN0,Aprobado,REGULAR,2999,9.98345E+14,0,"1,110",63%,13550,RECIBOS DE NOMINA,Alto A,CLIENTE_BANCO,0,Mínimo,37%,0,221,773,0,0,0,0,38406,0,47,Renta,Preparatoria
2.01408E+16,282,Aprobada,CN0,Aprobado,REGULAR,5999,9.98345E+14,0,"1,980",67%,25633,PROPIEDAD ACTIVO FIJO,Medio A,CLIENTE_BANCO,19000,Mínimo,33%,0,221,777,1,12183,280,0,0,0,47,Familiares,Licenciatura
2.01408E+16,924,Aprobada,CN0,Aprobado,REGULAR,2999,9.98345E+14,0,630,79%,10904,RECIBOS DE NOMINA,Medio A,CLIENTE_BANCO,0,Mínimo,21%,0,221,789,0,0,0,0,0,0,36,Familiares,Licenciatura
2.01408E+16,861,Aprobada,CN0,Aprobado,REGULAR,14600,9.98345E+14,0,"2,336",84%,8893,RECIBOS DE NOMINA,Medio A,NO_CLIENTE,0,Mínimo,16%,0,221,794,0,0,0,0,0,0,53,Propia,Posgrado
2.01408E+16,752,Aprobada,CN0,Aprobado,REGULAR,34999,9.98345E+14,1,"7,000",80%,2731,PROPIEDAD ACTIVO FIJO,Medio A,CLIENTE_BANCO,0,Mínimo,20%,0,221,800,0,0,0,0,0,0,60,Hipoteca,Preparatoria
2.01408E+16,6428,Aprobada,CN0,Aprobado,REGULAR,9899,9.98345E+14,3,"11,483",-16%,22367,RECIBOS DE NOMINA,Medio B,CLIENTE_BANCO,7900,Alto,116%,0,222,550,3,23435,0,0,0,0,30,Renta,Licenciatura
2.01407E+16,4391,Aprobada,CN0,Aprobado,REGULAR,4999,9.98345E+14,3,"5,349",-7%,11480,PROPIEDAD ACTIVO FIJO,Alto C,CLIENTE_BANCO,5000,Alto,107%,0,222,580,3,0,0,0,0,0,27,Hipoteca,Licenciatura
2.01408E+16,157,Aprobada,CN0,Aprobado,REGULAR,18399,9.98345E+14,2,"21,343",-16%,14363,RECIBOS DE NOMINA,Medio B,NO_CLIENTE,0,Medio ,116%,0,222,684,0,0,0,0,0,0,35,Renta,Licenciatura
2.01408E+16,843,Aprobada,CN0,Aprobado,REGULAR,9899,9.98345E+14,1,"5,345",46%,21749,RECIBOS DE NOMINA,Medio A,CLIENTE_BANCO,3000,Medio ,54%,0,222,690,0,1214,0,0,0,0,54,Propia,Preparatoria
2.01408E+16,10,Aprobada,CN0,Aprobado,BUENO,9899,9.98345E+14,1,"11,681",-18%,26466,PROPIEDAD ACTIVO FIJO,Alto B,CLIENTE_BANCO,10800,Bajo,118%,0,222,702,0,535,0,0,0,0,32,Familiares,Posgrado
2.01408E+16,538,Aprobada,CN0,Aprobado,REGULAR,50000,9.98345E+14,1,"8,000",84%,34616,RECIBOS DE NOMINA,Medio A,CLIENTE_BANCO,46004,Bajo,16%,0,222,706,1,24622,1040,0,0,0,29,Propia,Posgrado
2.01407E+16,4443,Aprobada,CN0,Aprobado,REGULAR,104000,9.98345E+14,1,"23,920",77%,65236,RECIBOS DE NOMINA,Medio A,CLIENTE_BANCO,94500,Bajo,23%,0,222,714,1,22236,1610,0,0,0,32,Propia,Licenciatura
2.01408E+16,4073,Aprobada,CN0,Aprobado,BUENO,1999,9.98345E+14,1,"2,099",-5%,16661,RECIBOS DE NOMINA,Medio B,CLIENTE_BANCO,0,Bajo,105%,0,222,715,0,0,0,0,0,0,51,Renta,Posgrado
2.01408E+16,4082,Aprobada,CN0,Aprobado,BUENO,6000,9.98345E+14,1,"6,300",-5%,1895,RECIBOS DE NOMINA,Alto B,CLIENTE_BANCO,0,Bajo,105%,0,222,715,0,0,0,0,0,0,54,Propia,Licenciatura
2.01408E+16,6609,Aprobada,CN0,Aprobado,BUENO,9899,9.98345E+14,1,"10,889",-10%,31711,PROPIEDAD ACTIVO FIJO,Medio A,CLIENTE_BANCO,64000,Bajo,110%,0,222,723,1,37952,2060,0,0,0,32,Renta,Posgrado
2.01408E+16,347,Aprobada,CN0,Aprobado,BUENO,49999,9.98345E+14,2,"46,499",7%,34185,PROPIEDAD ACTIVO FIJO,Medio A,CLIENTE_BANCO,9900,Bajo,93%,0,222,727,0,353,0,0,0,0,37,Hipoteca,Preparatoria
2.01408E+16,4639,Aprobada,CN0,Aprobado,BUENO,49999,9.98345E+14,1,"51,999",-4%,21446,PROPIEDAD ACTIVO FIJO,Medio A,CLIENTE_BANCO,6000,Bajo,104%,0,222,731,1,406,250,0,0,0,33,Familiares,Licenciatura
2.01408E+16,314,Aprobada,CN0,Aprobado,BUENO,5000,9.98345E+14,0,"3,950",21%,5285,RECIBOS DE NOMINA,Medio B,NO_CLIENTE,0,Bajo,79%,0,222,731,0,0,0,0,0,0,36,Propia,Posgrado
2.01408E+16,503,Aprobada,CN0,Aprobado,BUENO,39999,9.98345E+14,1,"31,999",20%,24186,PROPIEDAD ACTIVO FIJO,Medio A,CLIENTE_BANCO,64000,Bajo,80%,0,222,740,0,1953,0,0,0,0,46,Propia,Posgrado
2.01408E+16,673,Aprobada,CN0,Aprobado,BUENO,1999,9.98345E+14,0,"1,399",30%,13728,PROPIEDAD ACTIVO FIJO,Alto B,CLIENTE_BANCO,0,Bajo,70%,0,222,740,0,0,0,0,0,0,43,Familiares,Posgrado
2.01408E+16,4308,Aprobada,CN0,Aprobado,BUENO,9899,9.98345E+14,0,"6,434",35%,38322,PROPIEDAD ACTIVO FIJO,Medio A,CLIENTE_BANCO,18000,Bajo,65%,0,222,740,0,0,0,0,0,0,34,Familiares,Posgrado
2.01408E+16,194,Aprobada,CN0,Aprobado,REGULAR,9899,9.98345E+14,1,"3,267",67%,16401,RECIBOS DE NOMINA,Medio A,CLIENTE_BANCO,20200,Bajo,33%,0,222,744,1,433,260,0,98775,0,53,Familiares,Preparatoria
2.01407E+16,7440,Aprobada,CN0,Aprobado,BUENO,76000,9.98345E+14,1,"69,160",9%,31352,RECIBOS DE NOMINA,Medio A,CLIENTE_BANCO,31000,Mínimo,91%,0,222,757,0,1800,0,0,0,0,32,Renta,Licenciatura
2.01408E+16,746,Aprobada,CN0,Aprobado,BUENO,36000,9.98345E+14,0,"19,080",47%,21027,RECIBOS DE NOMINA,Alto A,CLIENTE_BANCO,9500,Mínimo,53%,0,222,757,0,1333,0,0,14635,0,37,Hipoteca,Licenciatura
2.01408E+16,4265,Aprobada,CN0,Aprobado,BUENO,2999,9.98345E+14,1,"1,859",38%,11237,RECIBOS DE NOMINA,Alto B,NO_CLIENTE,0,Mínimo,62%,0,222,758,0,0,0,0,0,0,54,Familiares,Posgrado
2.01407E+16,14031,Aprobada,CN0,Aprobado,REGULAR,13500,9.98345E+14,0,"2,025",85%,7087,PROPIEDAD ACTIVO FIJO,Alto A,NO_CLIENTE,0,Mínimo,15%,0,222,795,0,0,0,0,0,0,52,Propia,Posgrado
2.01408E+16,799,Aprobada,CN0,Aprobado,REGULAR,94000,9.98345E+14,1,"18,800",80%,34298,RECIBOS DE NOMINA,Medio A,CLIENTE_BANCO,15000,Mínimo,20%,0,222,800,0,0,0,0,0,0,54,Hipoteca,Posgrado
2.01408E+16,26004,Aprobada,CN0,Aprobado,REGULAR,40000,9.98345E+14,2,"47,600",-19%,0,RECIBOS DE NOMINA,Alto C,NO_CLIENTE,0,Medio ,119%,0,223,681,0,0,0,0,0,0,50,Hipoteca,Posgrado
2.01408E+16,728,Aprobada,CN0,Aprobado,REGULAR,10000,9.98345E+14,2,"11,600",-16%,9757,RECIBOS DE NOMINA,Alto B,CLIENTE_BANCO,0,Medio ,116%,0,223,684,0,0,0,0,0,0,42,Renta,Posgrado
2.01408E+16,4194,Aprobada,CN0,Aprobado,REGULAR,15499,9.98345E+14,1,"17,204",-11%,23636,PROPIEDAD ACTIVO FIJO,Medio A,CLIENTE_BANCO,89500,Medio ,111%,0,223,685,1,9781,4460,0,0,0,38,Familiares,Preparatoria
2.01408E+16,315,Aprobada,CN0,Aprobado,BUENO,9899,9.98345E+14,1,"6,038",39%,11432,PROPIEDAD ACTIVO FIJO,Medio A,CLIENTE_BANCO,9800,Bajo,61%,0,223,707,1,1579,250,0,174588,0,38,Renta,Preparatoria
2.01408E+16,160,Aprobada,CN0,Aprobado,REGULAR,27999,9.98345E+14,0,"6,440",77%,12164,PROPIEDAD ACTIVO FIJO,Medio A,CLIENTE_BANCO,27500,Bajo,23%,0,223,711,1,9031,350,0,0,0,41,Propia,Posgrado
2.01408E+16,4766,Aprobada,CN0,Aprobado,BUENO,49999,9.98345E+14,2,"43,999",12%,23158,PROPIEDAD ACTIVO FIJO,Medio B,CLIENTE_BANCO,42000,Bajo,88%,0,223,712,0,0,0,0,0,0,51,Familiares,Licenciatura
2.01408E+16,4342,Aprobada,CN0,Aprobado,BUENO,54000,9.98345E+14,0,"27,000",50%,17053,RECIBOS DE NOMINA,Medio A,CLIENTE_BANCO,250004,Bajo,50%,0,223,712,1,22994,420,0,0,0,59,Propia,Posgrado
2.01408E+16,173,Aprobada,CN0,Aprobado,BUENO,13000,9.98345E+14,2,"11,310",13%,15930,RECIBOS DE NOMINA,Alto B,CLIENTE_BANCO,0,Bajo,87%,0,223,713,0,0,0,0,0,0,29,Renta,Preparatoria
2.01408E+16,4878,Aprobada,CN0,Aprobado,BUENO,49999,9.98345E+14,2,"40,499",19%,55684,PROPIEDAD ACTIVO FIJO,Alto B,CLIENTE_BANCO,38500,Bajo,81%,0,223,719,0,0,0,0,0,0,35,Renta,Posgrado
2.01408E+16,188,Aprobada,CN0,Aprobado,BUENO,33999,9.98345E+14,0,"27,879",18%,15980,RECIBOS DE NOMINA,Alto A,CLIENTE_BANCO,36500,Bajo,82%,0,223,721,0,1522,0,0,448630,0,47,Familiares,Preparatoria
2.01408E+16,18,Aprobada,CN0,Aprobado,REGULAR,9899,9.98345E+14,0,"1,683",83%,11055,PROPIEDAD ACTIVO FIJO,Medio A,CLIENTE_BANCO,6500,Bajo,17%,0,223,723,1,3966,250,0,0,0,43,Propia,Secundaria
2.01408E+16,8241,Aprobada,CN0,Aprobado,REGULAR,39999,9.98345E+14,1,"14,800",63%,6061,PROPIEDAD ACTIVO FIJO,Medio A,CLIENTE_BANCO,19600,Bajo,37%,0,223,723,1,6379,250,0,0,0,51,Propia,Preparatoria
2.01408E+16,4697,Aprobada,CN0,Aprobado,BUENO,9899,9.98345E+14,1,"8,315",16%,31852,PROPIEDAD ACTIVO FIJO,Medio A,CLIENTE_BANCO,52000,Bajo,84%,0,223,730,0,8600,0,0,0,0,44,Renta,Licenciatura
2.01408E+16,4663,Aprobada,CN0,Aprobado,BUENO,4999,9.98345E+14,1,"4,449",11%,21660,PROPIEDAD ACTIVO FIJO,Alto B,CLIENTE_BANCO,0,Bajo,89%,0,223,731,0,0,0,0,0,0,40,Propia,Posgrado
2.01408E+16,4375,Aprobada,CN0,Aprobado,BUENO,9899,9.98345E+14,2,"6,731",32%,41007,PROPIEDAD ACTIVO FIJO,Alto B,CLIENTE_BANCO,0,Bajo,68%,0,223,732,0,0,0,0,0,0,44,Renta,Posgrado
2.01408E+16,4639,Aprobada,CN0,Aprobado,BUENO,9899,9.98345E+14,2,"6,533",34%,15607,PROPIEDAD ACTIVO FIJO,Medio B,NO_CLIENTE,0,Bajo,66%,0,223,734,0,0,0,0,0,0,32,Propia,Preparatoria
2.01408E+16,24079,Aprobada,CN0,Aprobado,BUENO,15900,9.98345E+14,2,"10,017",37%,13381,RECIBOS DE NOMINA,Medio B,NO_CLIENTE,0,Bajo,63%,0,223,737,0,0,0,0,0,0,44,Renta,Posgrado
2.01408E+16,7153,Aprobada,CN0,Aprobado,REGULAR,49999,9.98345E+14,1,"9,000",82%,32138,PROPIEDAD ACTIVO FIJO,Medio A,CLIENTE_BANCO,30000,Bajo,18%,0,223,740,1,8554,380,0,0,0,29,Familiares,Preparatoria
2.01408E+16,7163,Aprobada,CN0,Aprobado,BUENO,9899,9.98345E+14,2,"5,741",42%,10338,PROPIEDAD ACTIVO FIJO,Medio A,CLIENTE_BANCO,3000,Bajo,58%,0,223,740,1,3081,250,0,0,0,47,Familiares,Licenciatura
2.01408E+16,141,Aprobada,CN0,Aprobado,BUENO,75000,9.98345E+14,0,"34,500",54%,62644,RECIBOS DE NOMINA,Medio A,CLIENTE_BANCO,36000,Mínimo,46%,0,223,754,0,1142,0,0,0,0,53,Familiares,Posgrado
2.01408E+16,6619,Aprobada,CN0,Aprobado,BUENO,39999,9.98345E+14,0,"30,799",23%,13232,PROPIEDAD ACTIVO FIJO,Alto B,CLIENTE_BANCO,16100,Mínimo,77%,0,223,757,1,3807,250,0,0,0,35,Hipoteca,Posgrado
2.01408E+16,148,Aprobada,CN0,Aprobado,BUENO,58000,9.98345E+14,2,"42,920",26%,65957,RECIBOS DE NOMINA,Alto B,CLIENTE_BANCO,146000,Mínimo,74%,0,223,767,1,14875,1830,0,0,1,55,Hipoteca,Posgrado
2.01408E+16,6544,Aprobada,CN0,Aprobado,BUENO,49999,9.98345E+14,1,"24,000",52%,51289,PROPIEDAD ACTIVO FIJO,Alto A,CLIENTE_BANCO,51000,Mínimo,48%,0,223,772,0,10834,0,0,0,0,34,Hipoteca,Posgrado
2.01408E+16,86000,Aprobada,CN0,Aprobado,REGULAR,3000,9.98345E+14,0,"1,020",66%,5111,RECIBOS DE NOMINA,Medio A,CLIENTE_BANCO,0,Mínimo,34%,0,223,776,0,0,0,0,0,0,56,Familiares,Licenciatura
2.01408E+16,198,Aprobada,CN0,Aprobado,REGULAR,36000,9.98345E+14,1,"7,200",80%,18497,RECIBOS DE NOMINA,Medio A,NO_CLIENTE,0,Mínimo,20%,0,223,800,0,0,0,0,0,0,34,Hipoteca,Posgrado
2.01406E+16,872,Aprobada,CN0,Aprobado,REGULAR,7100,9.98345E+14,3,"7,739",-9%,5885,RECIBOS DE NOMINA,Alto C,NO_CLIENTE,7200,Alto,109%,0,224,589,3,0,0,0,0,0,59,Hipoteca,Posgrado
2.01408E+16,577,Aprobada,CN0,Aprobado,REGULAR,38999,9.98345E+14,3,"44,459",-14%,15032,PROPIEDAD ACTIVO FIJO,Medio B,CLIENTE_BANCO,13500,Alto,114%,0,224,605,3,18,18,0,0,0,33,Propia,Preparatoria
2.01407E+16,7799,Aprobada,CN0,Aprobado,REGULAR,15000,9.98345E+14,2,"16,200",-8%,0,RECIBOS DE NOMINA,Medio B,CLIENTE_BANCO,0,Medio ,108%,0,224,692,0,0,0,0,0,0,52,Renta,Posgrado
2.01407E+16,383,Aprobada,CN0,Aprobado,REGULAR,10000,9.98345E+14,1,"1,500",85%,11665,RECIBOS DE NOMINA,Medio A,CLIENTE_BANCO,8300,Medio ,15%,0,224,694,1,5297,390,0,0,0,53,Familiares,Posgrado
2.01408E+16,4263,Aprobada,CN0,Aprobado,BUENO,11000,9.98345E+14,1,"13,090",-19%,17790,RECIBOS DE NOMINA,Alto B,CLIENTE_BANCO,0,Bajo,119%,0,224,701,0,0,0,0,0,0,47,Renta,Posgrado
2.01408E+16,5196,Aprobada,CN0,Aprobado,BUENO,49999,9.98345E+14,1,"57,499",-15%,82712,PROPIEDAD ACTIVO FIJO,Alto B,CLIENTE_BANCO,0,Bajo,115%,0,224,705,0,0,0,0,0,0,59,Propia,Licenciatura
2.01408E+16,610,Aprobada,CN0,Aprobado,BUENO,15000,9.98345E+14,1,"16,950",-13%,10223,RECIBOS DE NOMINA,Medio B,NO_CLIENTE,0,Bajo,113%,0,224,707,0,0,0,0,0,0,39,Familiares,Posgrado
2.01408E+16,4604,Aprobada,CN0,Aprobado,BUENO,5999,9.98345E+14,2,"5,519",8%,10638,PROPIEDAD ACTIVO FIJO,Medio B,CLIENTE_BANCO,7000,Bajo,92%,0,224,708,0,0,0,0,0,0,45,Propia,Preparatoria
2.01408E+16,389,Aprobada,CN0,Aprobado,BUENO,4999,9.98345E+14,1,"5,449",-9%,10659,RECIBOS DE NOMINA,Medio B,NO_CLIENTE,0,Bajo,109%,0,224,711,0,0,0,0,0,0,41,Hipoteca,Licenciatura
2.01408E+16,491,Aprobada,CN0,Aprobado,REGULAR,50000,9.98345E+14,1,"15,000",70%,13373,RECIBOS DE NOMINA,Medio A,CLIENTE_BANCO,40000,Bajo,30%,0,224,711,0,9520,0,0,0,0,52,Familiares,Preparatoria
2.01408E+16,7714,Aprobada,CN0,Aprobado,REGULAR,8500,9.98345E+14,1,"3,315",61%,0,RECIBOS DE NOMINA,Medio A,CLIENTE_BANCO,6000,Bajo,39%,0,224,716,0,4980,0,0,0,0,57,Hipoteca,Posgrado
2.01408E+16,4198,Aprobada,CN0,Aprobado,BUENO,9899,9.98345E+14,1,"8,513",14%,35368,PROPIEDAD ACTIVO FIJO,Medio A,CLIENTE_BANCO,90000,Bajo,86%,0,224,726,0,89505,0,0,0,0,53,Renta,Preparatoria
2.01408E+16,162,Aprobada,CN0,Aprobado,BUENO,1999,9.98345E+14,0,"1,559",22%,11089,RECIBOS DE NOMINA,Alto B,CLIENTE_BANCO,0,Bajo,78%,0,224,732,0,0,0,0,0,0,41,Hipoteca,Licenciatura
2.01406E+16,301,Aprobada,CN0,Aprobado,BUENO,13800,9.98345E+14,1,"11,454",17%,8829,RECIBOS DE NOMINA,Medio B,NO_CLIENTE,0,Bajo,83%,0,224,737,0,0,0,0,0,0,32,Renta,Posgrado
2.01408E+16,101,Aprobada,CN0,Aprobado,BUENO,39999,9.98345E+14,1,"21,199",47%,7443,RECIBOS DE NOMINA,Medio A,CLIENTE_BANCO,7500,Bajo,53%,0,224,737,1,3411,250,0,0,0,58,Propia,Licenciatura
2.01408E+16,4138,Aprobada,CN0,Aprobado,BUENO,50000,9.98345E+14,0,"34,500",31%,31472,RECIBOS DE NOMINA,Medio A,CLIENTE_BANCO,15008,Bajo,69%,0,224,740,1,6354,250,0,0,0,43,Familiares,Licenciatura
2.01408E+16,5997,Aprobada,CN0,Aprobado,BUENO,51000,9.98345E+14,1,"56,100",-10%,2405,RECIBOS DE NOMINA,Alto A,CLIENTE_BANCO,28000,Bajo,110%,0,224,740,1,11060,350,0,0,0,32,Propia,Licenciatura
2.01407E+16,4783,Aprobada,CN0,Aprobado,BUENO,100000,9.98345E+14,2,"59,000",41%,29549,RECIBOS DE NOMINA,Alto B,CLIENTE_BANCO,0,Bajo,59%,0,224,741,0,0,0,0,0,0,52,Hipoteca,Licenciatura
2.01407E+16,10014,Aprobada,CN0,Aprobado,BUENO,14800,9.98345E+14,0,"13,912",6%,0,RECIBOS DE NOMINA,Medio A,CLIENTE_BANCO,87000,Bajo,94%,0,224,744,1,7581,1090,0,0,0,56,Familiares,Preparatoria
2.01407E+16,11704,Aprobada,CN0,Aprobado,BUENO,49999,9.98345E+14,0,"28,499",43%,10459,RECIBOS DE NOMINA,Medio B,CLIENTE_BANCO,24600,Mínimo,57%,0,224,753,0,0,0,0,0,0,55,Renta,Preparatoria
2.01408E+16,4424,Aprobada,CN0,Aprobado,BUENO,138000,9.98345E+14,2,"154,560",-12%,69023,RECIBOS DE NOMINA,Medio A,CLIENTE_BANCO,18000,Mínimo,112%,0,224,757,0,255,0,0,0,0,27,Hipoteca,Posgrado
2.01408E+16,806,Aprobada,CN0,Aprobado,BUENO,60000,9.98345E+14,1,"43,800",27%,22417,RECIBOS DE NOMINA,Medio A,CLIENTE_BANCO,22500,Mínimo,73%,0,224,757,1,1699,290,0,0,0,51,Renta,Licenciatura
2.01408E+16,70001,Aprobada,CN0,Aprobado,REGULAR,13300,9.98345E+14,0,"4,389",67%,13950,RECIBOS DE NOMINA,Alto A,NO_CLIENTE,0,Mínimo,33%,0,224,777,0,0,0,0,0,0,33,Renta,Licenciatura
2.01408E+16,123,Aprobada,CN0,Aprobado,BUENO,49999,9.98345E+14,0,"23,500",53%,34568,PROPIEDAD ACTIVO FIJO,Alto B,CLIENTE_BANCO,25000,Mínimo,47%,0,224,779,0,8517,0,0,0,0,52,Renta,Preparatoria
2.01408E+16,4408,Aprobada,CN0,Aprobado,REGULAR,9899,9.98345E+14,0,"2,970",70%,10314,PROPIEDAD ACTIVO FIJO,Medio A,NO_CLIENTE,0,Mínimo,30%,0,224,780,0,0,0,0,0,0,28,Familiares,Licenciatura
2.01408E+16,963,Aprobada,CN0,Aprobado,REGULAR,22899,9.98345E+14,0,"6,183",73%,9690,PROPIEDAD ACTIVO FIJO,Medio B,NO_CLIENTE,0,Mínimo,27%,0,224,783,0,0,0,0,0,0,44,Renta,Licenciatura
2.01408E+16,4498,Aprobada,CN0,Aprobado,REGULAR,4999,9.98345E+14,1,"1,600",68%,7297,PROPIEDAD ACTIVO FIJO,Alto A,NO_CLIENTE,0,Mínimo,32%,0,224,788,0,0,0,0,0,0,40,Propia,Licenciatura
2.01408E+16,6613,Aprobada,CN0,Aprobado,REGULAR,1999,9.98345E+14,1,600,70%,0,RECIBOS DE NOMINA,Alto B,NO_CLIENTE,0,Mínimo,30%,0,224,790,0,0,0,0,0,0,55,Renta,Preparatoria
2.01407E+16,14062,Aprobada,CN0,Aprobado,REGULAR,14900,9.98345E+14,1,"4,172",72%,10269,PAGOS PROV SEMESTRALES PF,Alto B,NO_CLIENTE,0,Mínimo,28%,0,224,792,0,0,0,0,0,0,46,Hipoteca,Preparatoria
2.01407E+16,982,Aprobada,CN0,Aprobado,REGULAR,21900,9.98345E+14,1,"5,694",74%,11597,RECIBOS DE NOMINA,Medio A,NO_CLIENTE,0,Mínimo,26%,0,224,794,0,0,0,0,0,0,35,Familiares,Posgrado
2.01408E+16,18,Aprobada,CN0,Aprobado,REGULAR,43999,9.98345E+14,0,"40,919",7%,27919,PROPIEDAD ACTIVO FIJO,Medio A,CLIENTE_BANCO,34500,Medio ,93%,0,225,691,2,6590,880,0,0,0,41,Hipoteca,Posgrado
2.01406E+16,347,Pendiente,CN0,Aprobado,REGULAR,1,9.98345E+14,2,0,100%,11665,RECIBOS DE NOMINA,Medio B,NO_CLIENTE,0,Medio ,18%,0,225,699,0,0,0,0,0,0,27,Renta,Preparatoria
2.01408E+16,767,Aprobada,CN0,Aprobado,BUENO,37000,9.98345E+14,2,"41,070",-11%,23071,RECIBOS DE NOMINA,Medio A,CLIENTE_BANCO,17200,Bajo,111%,0,225,706,0,13272,0,0,0,0,49,Propia,Licenciatura
2.01407E+16,14041,Aprobada,CN0,Aprobado,BUENO,49999,9.98345E+14,1,"33,999",32%,133589,PROPIEDAD ACTIVO FIJO,Medio A,CLIENTE_BANCO,53000,Bajo,68%,0,225,711,1,23251,730,0,57892,0,48,Hipoteca,Posgrado
2.01408E+16,4369,Aprobada,CN0,Aprobado,REGULAR,9899,9.98345E+14,0,"1,485",85%,9338,PROPIEDAD ACTIVO FIJO,Medio A,CLIENTE_BANCO,5100,Bajo,15%,0,225,711,0,5866,0,0,4584,0,35,Familiares,Preparatoria
2.01408E+16,4148,Aprobada,CN0,Aprobado,REGULAR,22900,9.98345E+14,0,"7,328",68%,14473,RECIBOS DE NOMINA,Medio A,CLIENTE_BANCO,10200,Bajo,32%,0,225,711,1,3664,250,0,0,0,45,Renta,Posgrado
2.01408E+16,345,Aprobada,CN0,Aprobado,BUENO,1999,9.98345E+14,0,"1,819",9%,7112,PROPIEDAD ACTIVO FIJO,Alto B,CLIENTE_BANCO,0,Bajo,91%,0,225,719,0,0,0,0,0,0,40,Propia,Preparatoria
2.01407E+16,459,Aprobada,CN0,Aprobado,BUENO,49999,9.98345E+14,0,"45,999",8%,33429,RECIBOS DE NOMINA,Medio A,CLIENTE_BANCO,32000,Bajo,92%,0,225,721,1,31737,560,0,0,0,59,Renta,Licenciatura
2.01408E+16,6556,Aprobada,CN0,Aprobado,BUENO,89000,9.98345E+14,1,"86,330",3%,24904,RECIBOS DE NOMINA,Alto B,CLIENTE_BANCO,0,Bajo,97%,0,225,723,0,0,0,0,0,0,26,Familiares,Posgrado
2.01408E+16,347,Aprobada,CN0,Aprobado,BUENO,9899,9.98345E+14,2,"6,731",32%,28766,PROPIEDAD ACTIVO FIJO,Medio A,CLIENTE_BANCO,8300,Bajo,68%,0,225,727,1,6432,330,0,0,0,49,Familiares,Licenciatura
2.01408E+16,9435,Aprobada,CN0,Aprobado,BUENO,50000,9.98345E+14,0,"23,000",54%,13373,RECIBOS DE NOMINA,Medio A,CLIENTE_BANCO,49500,Bajo,46%,0,225,727,1,14991,830,0,250000,0,48,Renta,Posgrado
2.01408E+16,210,Aprobada,CN0,Aprobado,BUENO,49999,9.98345E+14,0,"41,499",17%,22120,PROPIEDAD ACTIVO FIJO,Alto B,CLIENTE_BANCO,55000,Bajo,83%,0,225,727,1,150,150,0,0,0,58,Renta,Licenciatura
2.01408E+16,7178,Aprobada,CN0,Aprobado,BUENO,49999,9.98345E+14,0,"50,499",-1%,50323,PROPIEDAD ACTIVO FIJO,Medio A,CLIENTE_BANCO,27000,Bajo,101%,0,225,731,1,4064,340,0,0,0,36,Propia,Preparatoria
2.01407E+16,660,Aprobada,CN0,Aprobado,BUENO,66000,9.98345E+14,2,"44,880",32%,25392,RECIBOS DE NOMINA,Medio A,CLIENTE_BANCO,47000,Bajo,68%,0,225,732,1,2085,590,0,0,0,38,Hipoteca,Posgrado
2.01408E+16,303,Aprobada,CN0,Aprobado,BUENO,34000,9.98345E+14,0,"33,320",2%,13124,RECIBOS DE NOMINA,Medio A,CLIENTE_BANCO,14400,Bajo,98%,0,225,744,0,717,0,0,0,0,32,Hipoteca,Posgrado
2.01408E+16,4319,Aprobada,CN0,Aprobado,BUENO,42000,9.98345E+14,1,"31,920",24%,27363,RECIBOS DE NOMINA,Medio B,NO_CLIENTE,0,Bajo,76%,0,225,744,0,0,0,0,0,0,28,Propia,Licenciatura
2.01408E+16,304,Aprobada,CN0,Aprobado,BUENO,49999,9.98345E+14,0,"42,999",14%,24658,PROPIEDAD ACTIVO FIJO,Medio A,CLIENTE_BANCO,33500,Bajo,86%,0,225,750,1,2243,420,0,0,0,56,Hipoteca,Licenciatura
2.01408E+16,100,Aprobada,CN0,Aprobado,BUENO,39999,9.98345E+14,1,"27,199",32%,18388,PROPIEDAD ACTIVO FIJO,Medio A,NO_CLIENTE,0,Mínimo,68%,0,225,752,0,0,0,0,0,0,34,Familiares,Licenciatura
2.01408E+16,166,Aprobada,CN0,Aprobado,BUENO,9899,9.98345E+14,0,"4,356",56%,10134,PROPIEDAD ACTIVO FIJO,Medio A,NO_CLIENTE,0,Mínimo,44%,0,225,766,0,0,0,0,0,0,34,Hipoteca,Preparatoria
2.01408E+16,4641,Aprobada,CN0,Aprobado,BUENO,2999,9.98345E+14,0,"1,260",58%,78510,RECIBOS DE NOMINA,Alto B,NO_CLIENTE,0,Mínimo,42%,0,225,768,0,0,0,0,0,0,28,Propia,Posgrado
2.01408E+16,7720,Aprobada,CN0,Aprobado,REGULAR,10000,9.98345E+14,0,"3,600",64%,0,RECIBOS DE NOMINA,Alto A,CLIENTE_BANCO,0,Mínimo,36%,0,225,774,0,0,0,0,0,0,50,Renta,Licenciatura
2.01408E+16,4436,Aprobada,CN0,Aprobado,REGULAR,35000,9.98345E+14,2,"39,550",-13%,20027,RECIBOS DE NOMINA,Alto B,CLIENTE_BANCO,0,Medio ,113%,0,226,687,0,0,0,0,0,0,29,Familiares,Posgrado
2.01408E+16,601,Aprobada,CN0,Aprobado,BUENO,9899,9.98345E+14,1,"6,632",33%,52839,PROPIEDAD ACTIVO FIJO,Medio A,CLIENTE_BANCO,61000,Bajo,67%,0,226,710,1,44818,1660,0,51653,0,33,Familiares,Posgrado
2.01408E+16,4637,Aprobada,CN0,Aprobado,BUENO,30000,9.98345E+14,2,"23,400",22%,12578,RECIBOS DE NOMINA,Medio B,CLIENTE_BANCO,24500,Bajo,78%,0,226,722,0,0,0,0,0,0,43,Propia,Preparatoria
2.01408E+16,141,Aprobada,CN0,Aprobado,BUENO,56000,9.98345E+14,2,"57,120",-2%,35179,RECIBOS DE NOMINA,Medio A,CLIENTE_BANCO,75300,Bajo,102%,0,226,723,1,15297,852,0,55226,0,25,Hipoteca,Posgrado
2.01408E+16,701,Aprobada,CN0,Aprobado,REGULAR,142000,9.98345E+14,0,"46,860",67%,53141,RECIBOS DE NOMINA,Medio A,CLIENTE_BANCO,181000,Bajo,33%,0,226,727,1,32125,1210,0,2,0,50,Renta,Secundaria
2.01408E+16,9604,Aprobada,CN0,Aprobado,BUENO,50000,9.98345E+14,1,"40,000",20%,12786,RECIBOS DE NOMINA,Medio B,NO_CLIENTE,0,Bajo,80%,0,226,740,0,0,0,0,0,0,48,Renta,Preparatoria
2.01408E+16,610,Aprobada,CN0,Aprobado,BUENO,39999,9.98345E+14,1,"27,599",31%,10551,PROPIEDAD ACTIVO FIJO,Medio A,CLIENTE_BANCO,12500,Bajo,69%,0,226,740,0,0,0,0,0,0,56,Hipoteca,Preparatoria
2.01408E+16,4639,Aprobada,CN0,Aprobado,BUENO,9899,9.98345E+14,1,"11,582",-17%,109152,INVERSIONES,Medio A,CLIENTE_BANCO,10000,Bajo,117%,0,226,740,0,0,0,0,0,0,38,Propia,Posgrado
2.01408E+16,400,Aprobada,CN0,Aprobado,BUENO,1999,9.98345E+14,0,"1,359",32%,9779,RECIBOS DE NOMINA,Alto B,CLIENTE_BANCO,0,Bajo,68%,0,226,742,0,0,0,0,0,0,34,Renta,Preparatoria
2.01408E+16,392,Aprobada,CN0,Aprobado,BUENO,54000,9.98345E+14,1,"42,120",22%,26221,RECIBOS DE NOMINA,Medio B,NO_CLIENTE,0,Bajo,78%,0,226,742,0,0,0,0,0,0,50,Renta,Licenciatura
2.01407E+16,18068,Aprobada,CN0,Aprobado,BUENO,62000,9.98345E+14,0,"47,120",24%,38679,PROPIEDAD ACTIVO FIJO,Medio A,CLIENTE_BANCO,66000,Bajo,76%,0,226,744,0,7552,0,0,0,0,36,Familiares,Preparatoria
2.01408E+16,17,Aprobada,CN0,Aprobado,BUENO,1999,9.98345E+14,0,"1,219",39%,15002,RECIBOS DE NOMINA,Medio B,NO_CLIENTE,0,Bajo,61%,0,226,749,0,0,0,0,0,0,56,Hipoteca,Licenciatura
2.01408E+16,112,Aprobada,CN0,Aprobado,BUENO,49999,9.98345E+14,1,"58,999",-18%,42598,PROPIEDAD ACTIVO FIJO,Medio A,CLIENTE_BANCO,63000,Bajo,118%,0,226,750,1,29346,1720,0,30000,0,25,Familiares,Posgrado
2.01408E+16,458,Aprobada,CN0,Aprobado,BUENO,49999,9.98345E+14,0,"28,499",43%,26440,PROPIEDAD ACTIVO FIJO,Medio A,CLIENTE_BANCO,69000,Mínimo,57%,0,226,753,0,0,0,0,0,0,41,Renta,Preparatoria
2.01406E+16,6579,Aprobada,CN0,Aprobado,BUENO,6700,9.98345E+14,1,"4,221",37%,0,RECIBOS DE NOMINA,Alto B,CLIENTE_BANCO,0,Mínimo,63%,0,226,757,0,0,0,0,0,0,58,Familiares,Licenciatura
2.01408E+16,9402,Aprobada,CN0,Aprobado,BUENO,50000,9.98345E+14,1,"57,500",-15%,11462,RECIBOS DE NOMINA,Medio A,CLIENTE_BANCO,15000,Mínimo,115%,0,226,757,0,11784,0,0,0,0,46,Hipoteca,Licenciatura
2.01408E+16,187,Aprobada,CN0,Aprobado,BUENO,33999,9.98345E+14,0,"17,339",49%,13927,RECIBOS DE NOMINA,Alto A,NO_CLIENTE,0,Mínimo,51%,0,226,759,0,0,0,0,0,0,30,Familiares,Posgrado
2.01408E+16,223,Aprobada,CN0,Aprobado,BUENO,275000,9.98345E+14,2,"181,500",34%,56603,RECIBOS DE NOMINA,Alto B,CLIENTE_BANCO,200000,Mínimo,66%,0,226,762,0,1240,0,0,0,0,36,Propia,Licenciatura
2.01407E+16,14088,Aprobada,CN0,Aprobado,BUENO,26000,9.98345E+14,0,"11,700",55%,11751,PROPIEDAD ACTIVO FIJO,Alto A,NO_CLIENTE,0,Mínimo,45%,0,226,765,0,0,0,0,0,0,29,Hipoteca,Posgrado
2.01408E+16,98,Aprobada,CN0,Aprobado,BUENO,49999,9.98345E+14,0,"22,000",56%,23892,PROPIEDAD ACTIVO FIJO,Medio A,NO_CLIENTE,0,Mínimo,44%,0,226,766,0,0,0,0,0,0,58,Propia,Licenciatura
2.01408E+16,9191,Aprobada,CN0,Aprobado,BUENO,9899,9.98345E+14,0,"9,998",-1%,56464,PROPIEDAD ACTIVO FIJO,Alto A,CLIENTE_BANCO,38000,Mínimo,101%,0,226,766,0,113,0,0,0,0,43,Renta,Posgrado
2.01408E+16,4346,Aprobada,CN0,Aprobado,BUENO,13000,9.98345E+14,1,"5,460",58%,8111,RECIBOS DE NOMINA,Alto A,CLIENTE_BANCO,0,Mínimo,42%,0,226,778,0,0,0,0,0,0,47,Hipoteca,Posgrado
2.01407E+16,14013,Aprobada,CN0,Aprobado,REGULAR,14100,9.98345E+14,0,"2,256",84%,11596,RECIBOS DE NOMINA,Medio A,NO_CLIENTE,0,Mínimo,16%,0,226,794,0,0,0,0,0,0,40,Renta,Posgrado
2.01408E+16,4436,Aprobada,CN0,Aprobado,REGULAR,37000,9.98345E+14,2,"44,400",-20%,18265,RECIBOS DE NOMINA,Medio B,CLIENTE_BANCO,0,Medio ,120%,0,227,680,0,0,0,0,0,0,33,Renta,Preparatoria
2.01407E+16,390,Aprobada,CN0,Aprobado,REGULAR,91000,9.98345E+14,2,"104,650",-15%,36430,RECIBOS DE NOMINA,Medio B,CLIENTE_BANCO,96000,Medio ,115%,0,227,685,1,8026,1200,0,0,0,38,Familiares,Licenciatura
2.01408E+16,430,Aprobada,CN0,Aprobado,REGULAR,1999,9.98345E+14,2,"2,219",-11%,9627,PROPIEDAD ACTIVO FIJO,Alto B,CLIENTE_BANCO,0,Medio ,111%,0,227,689,0,0,0,0,9620,0,27,Familiares,Licenciatura
2.01408E+16,508,Aprobada,CN0,Aprobado,REGULAR,49999,9.98345E+14,2,"55,499",-11%,53901,RECIBOS DE NOMINA,Medio B,CLIENTE_BANCO,0,Medio ,111%,0,227,689,0,0,0,0,0,0,54,Familiares,Posgrado
2.01408E+16,246,Aprobada,CN0,Aprobado,REGULAR,9899,9.98345E+14,1,"7,226",27%,15704,PROPIEDAD ACTIVO FIJO,Medio A,CLIENTE_BANCO,3000,Medio ,73%,0,227,698,1,2442,250,0,0,0,45,Renta,Posgrado
2.01408E+16,4034,Aprobada,CN0,Aprobado,BUENO,16300,9.98345E+14,2,"15,485",5%,18182,RECIBOS DE NOMINA,Medio B,NO_CLIENTE,0,Bajo,95%,0,227,705,0,0,0,0,0,0,26,Propia,Licenciatura
2.01408E+16,976,Aprobada,CN0,Aprobado,BUENO,40000,9.98345E+14,2,"22,400",44%,22077,RECIBOS DE NOMINA,Medio A,CLIENTE_BANCO,29000,Bajo,56%,0,227,714,1,15539,900,0,0,0,39,Familiares,Preparatoria
2.01408E+16,957,Aprobada,CN0,Aprobado,BUENO,4999,9.98345E+14,1,"5,249",-5%,0,INVERSIONES,Medio B,NO_CLIENTE,0,Bajo,105%,0,227,715,0,0,0,0,0,0,56,Hipoteca,Licenciatura
2.01408E+16,468,Aprobada,CN0,Aprobado,BUENO,1999,9.98345E+14,0,"1,879",6%,9507,RECIBOS DE NOMINA,Medio B,NO_CLIENTE,0,Bajo,94%,0,227,716,0,0,0,0,0,0,49,Hipoteca,Posgrado
2.01408E+16,321,Aprobada,CN0,Aprobado,BUENO,4999,9.98345E+14,1,"5,099",-2%,12780,PAGOS PROV SEMESTRALES PF,Alto B,CLIENTE_BANCO,0,Bajo,102%,0,227,718,0,0,0,0,0,0,36,Propia,Posgrado
2.01407E+16,4040,Aprobada,CN0,Aprobado,REGULAR,125000,9.98345E+14,0,"45,000",64%,2617,RECIBOS DE NOMINA,Medio A,CLIENTE_BANCO,13500,Bajo,36%,0,227,723,1,1100,192,0,0,0,31,Propia,Preparatoria
2.01408E+16,4173,Aprobada,CN0,Aprobado,BUENO,49999,9.98345E+14,0,"40,999",18%,41645,PROPIEDAD ACTIVO FIJO,Medio A,CLIENTE_BANCO,82500,Bajo,82%,0,227,723,1,64436,1040,0,102320,0,60,Familiares,Preparatoria
2.01408E+16,115,Aprobada,CN0,Aprobado,REGULAR,49999,9.98345E+14,0,"19,500",61%,16225,PROPIEDAD ACTIVO FIJO,Medio A,CLIENTE_BANCO,214000,Bajo,39%,0,227,733,1,43266,2680,0,0,0,46,Hipoteca,Posgrado
2.01407E+16,9201,Aprobada,CN0,Aprobado,BUENO,6000,9.98345E+14,0,"4,320",28%,0,INVERSIONES,Medio B,CLIENTE_BANCO,0,Bajo,72%,0,227,738,0,0,0,0,0,0,32,Propia,Licenciatura
2.01408E+16,4372,Aprobada,CN0,Aprobado,BUENO,49999,9.98345E+14,1,"46,499",7%,36995,RECIBOS DE NOMINA,Medio A,CLIENTE_BANCO,33500,Bajo,93%,0,227,740,1,17129,420,0,0,0,42,Familiares,Posgrado
2.01408E+16,4221,Aprobada,CN0,Aprobado,BUENO,228000,9.98345E+14,0,"100,320",56%,87099,PROPIEDAD ACTIVO FIJO,Medio A,CLIENTE_BANCO,170000,Bajo,44%,0,227,740,1,7876,2130,0,181992,0,37,Renta,Posgrado
2.01408E+16,7403,Aprobada,CN0,Aprobado,BUENO,198000,9.98345E+14,0,"106,920",46%,51047,RECIBOS DE NOMINA,Medio A,CLIENTE_BANCO,233000,Bajo,54%,0,227,741,1,27853,2920,0,0,0,46,Propia,Posgrado
2.01408E+16,5185,Aprobada,CN0,Aprobado,BUENO,9899,9.98345E+14,2,"5,642",43%,73857,PROPIEDAD ACTIVO FIJO,Alto A,CLIENTE_BANCO,30000,Bajo,57%,0,227,743,0,0,0,0,0,0,44,Hipoteca,Licenciatura
2.01407E+16,9184,Aprobada,CN0,Aprobado,BUENO,15000,9.98345E+14,1,"11,400",24%,0,INVERSIONES,Medio B,CLIENTE_BANCO,0,Bajo,76%,0,227,744,0,0,0,0,0,0,57,Renta,Preparatoria
2.01408E+16,691,Aprobada,CN0,Aprobado,BUENO,10000,9.98345E+14,1,"7,100",29%,13187,RECIBOS DE NOMINA,Alto C,CLIENTE_BANCO,0,Bajo,71%,0,227,749,0,0,0,0,0,0,25,Familiares,Preparatoria
2.01408E+16,4862,Aprobada,CN0,Aprobado,BUENO,40000,9.98345E+14,2,"25,200",37%,3330,RECIBOS DE NOMINA,Medio A,CLIENTE_BANCO,27500,Bajo,63%,0,227,750,0,1209,0,0,0,0,29,Renta,Preparatoria
2.01408E+16,4252,Aprobada,CN0,Aprobado,BUENO,9899,9.98345E+14,1,"4,356",56%,28977,PROPIEDAD ACTIVO FIJO,Alto B,CLIENTE_BANCO,3000,Mínimo,44%,0,227,751,0,0,0,0,0,0,41,Hipoteca,Posgrado
2.01408E+16,7529,Aprobada,CN0,Aprobado,BUENO,49999,9.98345E+14,2,"52,999",-6%,23029,PROPIEDAD ACTIVO FIJO,Alto A,CLIENTE_BANCO,68000,Mínimo,106%,0,227,754,1,4495,850,0,0,0,56,Propia,Posgrado
2.01408E+16,9274,Aprobada,CN0,Aprobado,BUENO,3900,9.98345E+14,1,"2,223",43%,0,RECIBOS DE NOMINA,Medio A,NO_CLIENTE,0,Mínimo,57%,0,227,763,0,0,0,0,2313,0,31,Familiares,Posgrado
2.01408E+16,4382,Aprobada,CN0,Aprobado,BUENO,9899,9.98345E+14,0,"4,158",58%,53357,RECIBOS DE NOMINA,Medio A,CLIENTE_BANCO,0,Mínimo,42%,0,227,768,0,0,0,0,0,0,53,Propia,Posgrado
2.01408E+16,390,Aprobada,CN0,Aprobado,REGULAR,4999,9.98345E+14,0,"1,200",76%,11056,PROPIEDAD ACTIVO FIJO,Medio A,NO_CLIENTE,0,Mínimo,24%,0,227,786,0,0,0,0,0,0,58,Familiares,Preparatoria
2.01408E+16,91,Aprobada,CN0,Aprobado,BUENO,49999,9.98345E+14,2,"39,999",20%,20741,PROPIEDAD ACTIVO FIJO,Medio A,CLIENTE_BANCO,19200,Bajo,80%,0,228,703,0,231,0,0,0,0,47,Propia,Posgrado
2.01408E+16,50007,Aprobada,CN0,Aprobado,BUENO,27000,9.98345E+14,1,"30,510",-13%,10663,RECIBOS DE NOMINA,Medio B,NO_CLIENTE,0,Bajo,113%,0,228,707,0,0,0,0,0,0,53,Renta,Licenciatura
2.01408E+16,4322,Aprobada,CN0,Aprobado,BUENO,4999,9.98345E+14,0,"4,949",1%,30469,INVERSIONES,Alto B,CLIENTE_BANCO,0,Bajo,99%,0,228,711,0,0,0,0,0,0,39,Renta,Licenciatura
2.01408E+16,351,Aprobada,CN0,Aprobado,BUENO,2999,9.98345E+14,0,"2,819",6%,25977,PROPIEDAD ACTIVO FIJO,Alto B,NO_CLIENTE,0,Bajo,94%,0,228,716,0,0,0,0,0,0,42,Hipoteca,Preparatoria
2.01408E+16,4697,Aprobada,CN0,Aprobado,BUENO,50000,9.98345E+14,1,"52,000",-4%,22371,RECIBOS DE NOMINA,Alto B,CLIENTE_BANCO,37000,Bajo,104%,0,228,716,0,5324,0,0,0,0,59,Renta,Preparatoria
2.01408E+16,9601,Aprobada,CN0,Aprobado,BUENO,9899,9.98345E+14,1,"10,196",-3%,15886,RECIBOS DE NOMINA,Alto B,NO_CLIENTE,0,Bajo,103%,0,228,717,0,0,0,0,0,0,52,Familiares,Licenciatura
2.01407E+16,14074,Aprobada,CN0,Aprobado,BUENO,60000,9.98345E+14,2,"47,400",21%,10977,RECIBOS DE NOMINA,Alto B,CLIENTE_BANCO,63500,Bajo,79%,0,228,721,0,0,0,0,0,0,55,Hipoteca,Preparatoria
2.01408E+16,257,Aprobada,CN0,Aprobado,BUENO,49999,9.98345E+14,1,"47,999",4%,9053,PROPIEDAD ACTIVO FIJO,Alto A,CLIENTE_BANCO,13600,Bajo,96%,0,228,721,1,2617,250,0,0,0,29,Propia,Preparatoria
2.01408E+16,14116,Aprobada,CN0,Aprobado,BUENO,40000,9.98345E+14,0,"19,200",52%,13601,RECIBOS DE NOMINA,Medio A,CLIENTE_BANCO,22800,Bajo,48%,0,228,727,1,2700,250,0,0,0,39,Renta,Posgrado
2.01408E+16,403,Aprobada,CN0,Aprobado,BUENO,4999,9.98345E+14,2,"3,599",28%,12149,PROPIEDAD ACTIVO FIJO,Medio B,NO_CLIENTE,0,Bajo,72%,0,228,728,0,0,0,0,0,0,60,Renta,Posgrado
2.01408E+16,290,Aprobada,CN0,Aprobado,BUENO,9899,9.98345E+14,2,"8,315",16%,33786,PROPIEDAD ACTIVO FIJO,Medio A,CLIENTE_BANCO,50000,Bajo,84%,0,228,737,0,13047,0,0,201742,0,26,Hipoteca,Licenciatura
2.01408E+16,508,Aprobada,CN0,Aprobado,REGULAR,2999,9.98345E+14,0,630,79%,3384,PROPIEDAD ACTIVO FIJO,Medio A,CLIENTE_BANCO,5000,Bajo,21%,0,228,737,0,602,0,0,0,0,48,Renta,Licenciatura
2.01408E+16,746,Aprobada,CN0,Aprobado,BUENO,2999,9.98345E+14,1,"3,149",-5%,15207,RECIBOS DE NOMINA,Medio A,CLIENTE_BANCO,11700,Bajo,105%,0,228,740,1,10795,410,0,0,0,31,Propia,Posgrado
2.01408E+16,626,Aprobada,CN0,Aprobado,BUENO,9899,9.98345E+14,2,"10,196",-3%,54021,PROPIEDAD ACTIVO FIJO,Medio A,CLIENTE_BANCO,50000,Bajo,103%,0,228,740,1,1981,630,0,121138,0,38,Renta,Preparatoria
2.01408E+16,577,Aprobada,CN0,Aprobado,REGULAR,49999,9.98345E+14,1,"17,500",65%,18561,PROPIEDAD ACTIVO FIJO,Medio A,CLIENTE_BANCO,66000,Bajo,35%,0,228,740,0,17366,0,0,0,0,51,Renta,Preparatoria
2.01408E+16,4351,Aprobada,CN0,Aprobado,BUENO,1999,9.98345E+14,2,"1,139",43%,22617,PROPIEDAD ACTIVO FIJO,Alto B,CLIENTE_BANCO,0,Bajo,57%,0,228,743,0,0,0,0,0,0,29,Hipoteca,Licenciatura
2.01408E+16,4508,Aprobada,CN0,Aprobado,BUENO,1999,9.98345E+14,2,"1,079",46%,28123,PROPIEDAD ACTIVO FIJO,Medio B,CLIENTE_BANCO,0,Bajo,54%,0,228,746,0,0,0,0,18751,0,31,Familiares,Licenciatura
2.01408E+16,7420,Aprobada,CN0,Aprobado,REGULAR,9899,9.98345E+14,0,"2,475",75%,8963,PAGOS PROV SEMESTRALES PF,Medio A,CLIENTE_BANCO,5000,Mínimo,25%,0,228,757,1,3965,250,0,0,0,42,Familiares,Licenciatura
2.01408E+16,658,Aprobada,CN0,Aprobado,BUENO,1999,9.98345E+14,1,"1,219",39%,15329,PROPIEDAD ACTIVO FIJO,Alto A,CLIENTE_BANCO,0,Mínimo,61%,0,228,759,0,0,0,0,0,0,41,Hipoteca,Preparatoria
2.01406E+16,262,Aprobada,CN0,Aprobado,BUENO,9600,9.98345E+14,0,"4,512",53%,7967,RECIBOS DE NOMINA,Alto B,CLIENTE_BANCO,0,Mínimo,47%,0,228,763,0,0,0,0,0,0,36,Propia,Posgrado
2.01407E+16,7919,Aprobada,CN0,Aprobado,BUENO,6000,9.98345E+14,0,"2,700",55%,0,RECIBOS DE NOMINA,Medio A,NO_CLIENTE,0,Mínimo,45%,0,228,765,0,0,0,0,0,0,49,Familiares,Posgrado
2.01408E+16,624,Aprobada,CN0,Aprobado,BUENO,39999,9.98345E+14,1,"35,599",11%,35633,PROPIEDAD ACTIVO FIJO,Medio A,CLIENTE_BANCO,50000,Mínimo,89%,0,228,766,0,0,0,0,363872,0,35,Propia,Licenciatura
2.01408E+16,7115,Aprobada,CN0,Aprobado,REGULAR,9899,9.98345E+14,0,"1,980",80%,13669,RECIBOS DE NOMINA,Alto B,NO_CLIENTE,0,Mínimo,20%,0,228,790,0,0,0,0,0,0,50,Hipoteca,Licenciatura
2.01408E+16,291,Aprobada,CN0,Aprobado,REGULAR,1999,9.98345E+14,1,500,75%,29921,RECIBOS DE NOMINA,Medio A,NO_CLIENTE,0,Mínimo,25%,0,228,795,0,0,0,0,0,0,40,Propia,Posgrado
2.01408E+16,37,Aprobada,CN0,Aprobado,REGULAR,2999,9.98345E+14,3,"3,539",-18%,16066,INVERSIONES,Alto C,CLIENTE_BANCO,2999,Alto,118%,0,229,499,3,0,0,0,0,0,38,Propia,Licenciatura
2.01408E+16,611,Aprobada,CN0,Aprobado,REGULAR,9899,9.98345E+14,1,"7,622",23%,31206,PROPIEDAD ACTIVO FIJO,Medio A,CLIENTE_BANCO,22000,Medio ,77%,0,229,689,1,382,280,0,0,0,28,Renta,Preparatoria
2.01408E+16,936,Aprobada,CN0,Aprobado,REGULAR,56000,9.98345E+14,0,"15,120",73%,32753,RECIBOS DE NOMINA,Medio A,CLIENTE_BANCO,122999,Medio ,27%,0,229,697,1,97726,4680,0,39890,0,25,Familiares,Secundaria
2.01408E+16,399,Aprobada,CN0,Aprobado,REGULAR,45999,9.98345E+14,2,"46,459",-1%,18144,PROPIEDAD ACTIVO FIJO,Medio B,NO_CLIENTE,0,Medio ,101%,0,229,699,0,0,0,0,0,0,31,Familiares,Licenciatura
2.01408E+16,4308,Aprobada,CN0,Aprobado,BUENO,49999,9.98345E+14,1,"54,999",-10%,70010,RECIBOS DE NOMINA,Alto B,CLIENTE_BANCO,0,Bajo,110%,0,229,710,0,0,0,0,0,0,48,Propia,Posgrado
2.01408E+16,468,Aprobada,CN0,Aprobado,BUENO,1999,9.98345E+14,1,"2,139",-7%,10689,RECIBOS DE NOMINA,Medio B,CLIENTE_BANCO,4000,Bajo,107%,0,229,713,0,260,0,0,0,0,36,Familiares,Posgrado
2.01408E+16,4363,Aprobada,CN0,Aprobado,BUENO,9899,9.98345E+14,0,"8,711",12%,18582,RECIBOS DE NOMINA,Medio A,CLIENTE_BANCO,37700,Bajo,88%,0,229,716,1,26268,1490,0,0,0,40,Familiares,Licenciatura
2.01408E+16,4172,Aprobada,CN0,Aprobado,BUENO,45999,9.98345E+14,1,"39,099",15%,17543,PROPIEDAD ACTIVO FIJO,Medio A,CLIENTE_BANCO,4000,Bajo,85%,0,229,723,1,348,0,0,0,0,29,Propia,Preparatoria
2.01408E+16,160,Aprobada,CN0,Aprobado,REGULAR,9899,9.98345E+14,0,"1,980",80%,21437,PROPIEDAD ACTIVO FIJO,Medio A,CLIENTE_BANCO,20000,Bajo,20%,0,229,727,1,13784,700,0,0,0,56,Propia,Licenciatura
2.01408E+16,398,Aprobada,CN0,Aprobado,BUENO,2999,9.98345E+14,0,"2,219",26%,9504,RECIBOS DE NOMINA,Alto B,CLIENTE_BANCO,0,Bajo,74%,0,229,736,0,0,0,0,8478,0,54,Hipoteca,Posgrado
2.01408E+16,765,Aprobada,CN0,Aprobado,BUENO,54000,9.98345E+14,2,"37,260",31%,30975,RECIBOS DE NOMINA,Medio A,CLIENTE_BANCO,16300,Bajo,69%,0,229,740,0,36,0,0,0,0,47,Propia,Posgrado
2.01408E+16,4376,Aprobada,CN0,Aprobado,BUENO,9899,9.98345E+14,0,"9,800",1%,44731,PROPIEDAD ACTIVO FIJO,Medio A,CLIENTE_BANCO,117000,Bajo,99%,0,229,740,1,9053,1470,0,0,0,25,Renta,Licenciatura
2.01408E+16,4454,Aprobada,CN0,Aprobado,BUENO,49999,9.98345E+14,2,"37,499",25%,45164,PROPIEDAD ACTIVO FIJO,Medio A,CLIENTE_BANCO,106000,Bajo,75%,0,229,740,0,1478,0,0,0,0,29,Propia,Licenciatura
2.01408E+16,133,Aprobada,CN0,Aprobado,BUENO,2999,9.98345E+14,0,"2,069",31%,15802,RECIBOS DE NOMINA,Medio B,NO_CLIENTE,0,Bajo,69%,0,229,741,0,0,0,0,0,0,47,Familiares,Posgrado
2.01408E+16,118,Aprobada,CN0,Aprobado,BUENO,4999,9.98345E+14,0,"3,199",36%,11834,RECIBOS DE NOMINA,Alto B,CLIENTE_BANCO,0,Bajo,64%,0,229,746,0,0,0,0,0,0,50,Familiares,Preparatoria
2.01408E+16,7492,Aprobada,CN0,Aprobado,BUENO,49999,9.98345E+14,2,"25,999",48%,25171,PROPIEDAD ACTIVO FIJO,Medio B,CLIENTE_BANCO,30999,Bajo,52%,0,229,748,1,1737,390,0,0,0,44,Familiares,Licenciatura
2.01408E+16,799,Aprobada,CN0,Aprobado,BUENO,62000,9.98345E+14,1,"37,820",39%,40855,RECIBOS DE NOMINA,Medio A,CLIENTE_BANCO,51000,Mínimo,61%,0,229,759,1,12208,640,0,104212,0,47,Renta,Posgrado
2.01408E+16,7515,Aprobada,CN0,Aprobado,REGULAR,49999,9.98345E+14,0,"10,500",79%,33543,INVERSIONES,Medio A,CLIENTE_BANCO,145500,Mínimo,21%,0,229,760,0,0,0,0,0,0,48,Propia,Preparatoria
2.01408E+16,176,Aprobada,CN0,Aprobado,REGULAR,4999,9.98345E+14,1,"1,550",69%,15541,RECIBOS DE NOMINA,Alto A,CLIENTE_BANCO,0,Mínimo,31%,0,229,789,0,0,0,0,30018,0,48,Renta,Preparatoria
2.01408E+16,174,Aprobada,CN0,Aprobado,REGULAR,30000,9.98345E+14,1,"8,700",71%,55264,RECIBOS DE NOMINA,Alto A,CLIENTE_BANCO,0,Mínimo,29%,0,229,791,0,0,0,0,60432,0,45,Hipoteca,Posgrado
2.01408E+16,810,Aprobada,CN0,Aprobado,REGULAR,9899,9.98345E+14,0,"7,028",29%,17986,RECIBOS DE NOMINA,Medio A,CLIENTE_BANCO,28000,Medio ,71%,0,230,685,1,28025,2470,0,0,0,33,Renta,Preparatoria
2.01408E+16,434,Aprobada,CN0,Aprobado,REGULAR,2999,9.98345E+14,2,"2,969",1%,66033,PROPIEDAD ACTIVO FIJO,Medio A,CLIENTE_BANCO,16500,Medio ,99%,0,230,686,1,13729,820,0,0,0,33,Renta,Preparatoria
2.01408E+16,4198,Aprobada,CN0,Aprobado,BUENO,32000,9.98345E+14,0,"28,800",10%,23072,RECIBOS DE NOMINA,Alto B,CLIENTE_BANCO,0,Bajo,90%,0,230,720,0,0,0,0,0,0,50,Propia,Preparatoria
2.01408E+16,6576,Aprobada,CN0,Aprobado,BUENO,9899,9.98345E+14,0,"7,424",25%,28309,PROPIEDAD ACTIVO FIJO,Medio A,CLIENTE_BANCO,28000,Bajo,75%,0,230,723,1,9909,580,0,0,0,31,Hipoteca,Posgrado
2.01408E+16,7163,Aprobada,CN0,Aprobado,BUENO,9899,9.98345E+14,1,"8,711",12%,13894,PROPIEDAD ACTIVO FIJO,Medio A,CLIENTE_BANCO,17500,Bajo,88%,0,230,723,0,1010,0,0,0,0,47,Hipoteca,Licenciatura
2.01408E+16,991,Aprobada,CN0,Aprobado,BUENO,2999,9.98345E+14,1,"1,440",52%,11805,PROPIEDAD ACTIVO FIJO,Medio A,CLIENTE_BANCO,10200,Bajo,48%,0,230,734,1,698,250,0,0,0,43,Hipoteca,Posgrado
2.01408E+16,4634,Aprobada,CN0,Aprobado,BUENO,4999,9.98345E+14,0,"3,599",28%,25043,RECIBOS DE NOMINA,Alto B,CLIENTE_BANCO,0,Bajo,72%,0,230,738,0,0,0,0,11902,0,27,Familiares,Preparatoria
2.01408E+16,561,Aprobada,CN0,Aprobado,REGULAR,9899,9.98345E+14,0,"3,960",60%,24333,INVERSIONES,Medio A,CLIENTE_BANCO,50000,Bajo,40%,0,230,741,1,12920,690,0,0,0,34,Hipoteca,Posgrado
2.01408E+16,4359,Aprobada,CN0,Aprobado,BUENO,1999,9.98345E+14,1,"1,459",27%,9415,RECIBOS DE NOMINA,Medio B,NO_CLIENTE,0,Bajo,73%,0,230,747,0,0,0,0,0,0,43,Familiares,Posgrado
2.01408E+16,681,Aprobada,CN0,Aprobado,REGULAR,2999,9.98345E+14,0,960,68%,9694,RECIBOS DE NOMINA,Alto B,CLIENTE_BANCO,0,Mínimo,32%,0,230,778,0,0,0,0,40775,0,44,Propia,Posgrado
2.01407E+16,337,Aprobada,CN0,Aprobado,REGULAR,51000,9.98345E+14,0,"14,280",72%,27986,RECIBOS DE NOMINA,Alto A,NO_CLIENTE,0,Mínimo,28%,0,230,782,0,0,0,0,0,0,31,Renta,Licenciatura
2.01407E+16,6472,Aprobada,CN0,Aprobado,REGULAR,96502,9.98345E+14,0,"26,056",73%,46057,RECIBOS DE NOMINA,Medio A,CLIENTE_BANCO,0,Mínimo,27%,0,230,783,0,0,0,0,10420,0,60,Renta,Preparatoria
2.01408E+16,4352,Aprobada,CN0,Aprobado,REGULAR,40999,9.98345E+14,0,"9,430",77%,11372,RECIBOS DE NOMINA,Medio A,NO_CLIENTE,0,Mínimo,23%,0,230,787,0,0,0,0,0,0,59,Renta,Posgrado
2.01408E+16,4481,Aprobada,CN0,Aprobado,REGULAR,49999,9.98345E+14,0,"8,500",83%,43183,INVERSIONES,Medio A,CLIENTE_BANCO,0,Mínimo,17%,0,230,793,0,0,0,0,0,0,27,Renta,Preparatoria
2.01407E+16,7582,Aprobada,CN0,Aprobado,REGULAR,10000,9.98345E+14,3,"10,400",-4%,0,RECIBOS DE NOMINA,Medio B,NO_CLIENTE,10000,Alto,104%,0,231,589,3,0,0,0,27094,0,55,Familiares,Posgrado
2.01408E+16,369,Aprobada,CN0,Aprobado,REGULAR,32000,9.98345E+14,2,"35,840",-12%,19258,RECIBOS DE NOMINA,Medio B,NO_CLIENTE,0,Medio ,112%,0,231,688,0,0,0,0,0,0,59,Propia,Preparatoria
2.01407E+16,951,Aprobada,CN0,Aprobado,BUENO,75000,9.98345E+14,1,"60,000",20%,17553,RECIBOS DE NOMINA,Medio A,CLIENTE_BANCO,90000,Bajo,80%,0,231,703,1,7763,1130,0,68395,0,33,Hipoteca,Licenciatura
2.01408E+16,347,Aprobada,CN0,Aprobado,BUENO,9899,9.98345E+14,2,"10,295",-4%,19599,PROPIEDAD ACTIVO FIJO,Medio A,CLIENTE_BANCO,11800,Bajo,104%,0,231,707,1,2969,250,0,0,0,30,Familiares,Secundaria
2.01408E+16,305,Aprobada,CN0,Aprobado,BUENO,10000,9.98345E+14,1,"8,500",15%,7481,RECIBOS DE NOMINA,Medio A,CLIENTE_BANCO,13000,Bajo,85%,0,231,710,1,10180,570,0,0,0,28,Propia,Posgrado
2.01407E+16,4333,Aprobada,CN0,Aprobado,BUENO,5500,9.98345E+14,0,"4,840",12%,16150,RECIBOS DE NOMINA,Alto B,CLIENTE_BANCO,12000,Bajo,88%,0,231,722,0,0,0,0,69104,0,36,Hipoteca,Preparatoria
2.01408E+16,20136,Aprobada,CN0,Aprobado,BUENO,65000,9.98345E+14,2,"34,450",47%,64586,RECIBOS DE NOMINA,Medio A,CLIENTE_BANCO,369000,Bajo,53%,0,231,723,0,82387,0,0,0,0,32,Hipoteca,Licenciatura
2.01407E+16,9031,Aprobada,CN0,Aprobado,BUENO,23400,9.98345E+14,0,"11,466",51%,12325,RECIBOS DE NOMINA,Medio A,CLIENTE_BANCO,17600,Bajo,49%,0,231,727,0,2386,0,0,0,0,42,Propia,Preparatoria
2.01408E+16,806,Aprobada,CN0,Aprobado,BUENO,95000,9.98345E+14,1,"95,950",-1%,52603,RECIBOS DE NOMINA,Medio A,CLIENTE_BANCO,20000,Bajo,101%,0,231,727,1,9986,440,0,0,0,28,Familiares,Preparatoria
2.01408E+16,5145,Aprobada,CN0,Aprobado,BUENO,9899,9.98345E+14,0,"7,919",20%,36640,PROPIEDAD ACTIVO FIJO,Alto B,CLIENTE_BANCO,0,Bajo,80%,0,231,730,0,0,0,0,0,0,42,Propia,Preparatoria
2.01408E+16,4454,Aprobada,CN0,Aprobado,REGULAR,49999,9.98345E+14,0,"9,000",82%,31858,PROPIEDAD ACTIVO FIJO,Medio A,CLIENTE_BANCO,47000,Bajo,18%,0,231,731,1,9197,620,0,0,0,27,Renta,Preparatoria
2.01407E+16,4663,Aprobada,CN0,Aprobado,BUENO,49999,9.98345E+14,1,"43,499",13%,38741,PROPIEDAD ACTIVO FIJO,Alto B,CLIENTE_BANCO,0,Bajo,87%,0,231,733,0,0,0,0,0,0,52,Hipoteca,Posgrado
2.01408E+16,853,Aprobada,CN0,Aprobado,BUENO,9899,9.98345E+14,1,"8,414",15%,37611,PROPIEDAD ACTIVO FIJO,Medio A,CLIENTE_BANCO,48500,Bajo,85%,0,231,733,1,22447,1450,0,0,0,38,Renta,Licenciatura
2.01408E+16,9431,Aprobada,CN0,Aprobado,BUENO,49999,9.98345E+14,2,"33,499",33%,14751,PROPIEDAD ACTIVO FIJO,Medio B,NO_CLIENTE,0,Bajo,67%,0,231,733,0,0,0,0,0,0,52,Hipoteca,Licenciatura
2.01408E+16,4228,Aprobada,CN0,Aprobado,BUENO,39999,9.98345E+14,2,"24,399",39%,19963,RECIBOS DE NOMINA,Alto B,CLIENTE_BANCO,0,Bajo,61%,0,231,739,0,0,0,0,62136,0,40,Hipoteca,Posgrado
2.01408E+16,298,Aprobada,CN0,Aprobado,REGULAR,101000,9.98345E+14,0,"16,160",84%,54834,RECIBOS DE NOMINA,Medio A,CLIENTE_BANCO,15800,Bajo,16%,0,231,740,0,774,0,0,23233,0,34,Hipoteca,Posgrado
2.01408E+16,269,Aprobada,CN0,Aprobado,BUENO,30000,9.98345E+14,1,"18,900",37%,18547,RECIBOS DE NOMINA,Medio A,CLIENTE_BANCO,10300,Bajo,63%,0,231,740,1,3458,260,0,0,0,38,Hipoteca,Licenciatura
2.01408E+16,968,Aprobada,CN0,Aprobado,REGULAR,9899,9.98345E+14,0,"2,574",74%,37519,PROPIEDAD ACTIVO FIJO,Alto A,CLIENTE_BANCO,13600,Bajo,26%,0,231,744,1,559,250,0,0,0,48,Familiares,Posgrado
2.01408E+16,4266,Aprobada,CN0,Aprobado,BUENO,49999,9.98345E+14,1,"56,999",-14%,18883,RECIBOS DE NOMINA,Medio A,CLIENTE_BANCO,75000,Bajo,114%,0,231,744,1,14705,940,0,0,0,57,Renta,Licenciatura
2.01408E+16,8181,Aprobada,CN0,Aprobado,BUENO,4999,9.98345E+14,1,"3,649",27%,11264,PAGOS PROV SEMESTRALES PF,Medio B,NO_CLIENTE,0,Bajo,73%,0,231,747,0,0,0,0,0,0,45,Familiares,Licenciatura
2.01408E+16,7557,Aprobada,CN0,Aprobado,BUENO,138000,9.98345E+14,2,"78,660",43%,11582,RECIBOS DE NOMINA,Medio A,CLIENTE_BANCO,27500,Bajo,57%,0,231,750,1,2679,350,0,0,0,54,Renta,Posgrado
2.01408E+16,76,Aprobada,CN0,Aprobado,BUENO,49999,9.98345E+14,0,"24,500",51%,21435,PROPIEDAD ACTIVO FIJO,Medio A,CLIENTE_BANCO,34000,Mínimo,49%,0,231,761,0,12849,0,0,0,0,55,Renta,Posgrado
2.01408E+16,980,Aprobada,CN0,Aprobado,BUENO,2999,9.98345E+14,0,"1,260",58%,7030,RECIBOS DE NOMINA,Alto B,CLIENTE_BANCO,0,Mínimo,42%,0,231,768,0,0,0,0,0,0,44,Renta,Posgrado
2.01408E+16,568,Aprobada,CN0,Aprobado,REGULAR,49999,9.98345E+14,0,"14,500",71%,60397,RECIBOS DE NOMINA,Alto A,CLIENTE_BANCO,132000,Mínimo,29%,0,231,781,0,6898,0,0,0,0,42,Hipoteca,Licenciatura
2.01407E+16,11703,Aprobada,CN0,Aprobado,BUENO,10200,9.98345E+14,2,"6,936",32%,12257,RECIBOS DE NOMINA,Alto A,NO_CLIENTE,0,Mínimo,68%,0,231,782,0,0,0,0,0,0,37,Renta,Posgrado
2.01408E+16,4368,Aprobada,CN0,Aprobado,REGULAR,49999,9.98345E+14,0,"12,500",75%,29519,RECIBOS DE NOMINA,Medio A,CLIENTE_BANCO,50000,Mínimo,25%,0,231,785,0,0,0,0,0,0,55,Propia,Secundaria
2.01408E+16,4333,Aprobada,CN0,Aprobado,REGULAR,19500,9.98345E+14,2,"21,450",-10%,11066,RECIBOS DE NOMINA,Alto B,CLIENTE_BANCO,0,Medio ,110%,0,232,690,0,0,0,0,0,0,25,Renta,Licenciatura
2.01408E+16,4100,Aprobada,CN0,Aprobado,REGULAR,5999,9.98345E+14,2,"4,679",22%,17506,PAGOS PROV SEMESTRALES PF,Medio A,CLIENTE_BANCO,15000,Bajo,78%,0,232,700,0,0,0,0,0,0,46,Renta,Licenciatura
2.01408E+16,755,Aprobada,CN0,Aprobado,BUENO,9899,9.98345E+14,1,"5,939",40%,49977,RECIBOS DE NOMINA,Medio A,CLIENTE_BANCO,18000,Bajo,60%,0,232,706,1,10936,650,0,0,0,59,Propia,Licenciatura
2.01408E+16,4062,Aprobada,CN0,Aprobado,BUENO,2999,9.98345E+14,1,"3,149",-5%,17590,RECIBOS DE NOMINA,Medio A,CLIENTE_BANCO,8200,Bajo,105%,0,232,710,1,5453,300,0,0,0,28,Renta,Licenciatura
2.01408E+16,117,Aprobada,CN0,Aprobado,BUENO,50000,9.98345E+14,2,"45,000",10%,27757,RECIBOS DE NOMINA,Medio A,CLIENTE_BANCO,90500,Bajo,90%,0,232,712,1,27125,1700,0,0,0,54,Hipoteca,Licenciatura
2.01408E+16,7511,Aprobada,CN0,Aprobado,BUENO,41000,9.98345E+14,2,"38,540",6%,24671,RECIBOS DE NOMINA,Medio A,CLIENTE_BANCO,34400,Bajo,94%,0,232,723,1,12932,320,0,0,0,38,Hipoteca,Licenciatura
2.01408E+16,7419,Aprobada,CN0,Aprobado,BUENO,66000,9.98345E+14,0,"46,860",29%,52101,RECIBOS DE NOMINA,Medio A,CLIENTE_BANCO,113000,Bajo,71%,0,232,733,1,17239,990,0,40750,0,46,Familiares,Preparatoria
2.01408E+16,50008,Aprobada,CN0,Aprobado,BUENO,19700,9.98345E+14,2,"22,655",-15%,12692,RECIBOS DE NOMINA,Medio A,CLIENTE_BANCO,9900,Bajo,115%,0,232,740,1,7387,420,0,0,0,51,Renta,Preparatoria
2.01407E+16,11703,Aprobada,CN0,Aprobado,REGULAR,50000,9.98345E+14,1,"17,500",65%,71276,RECIBOS DE NOMINA,Medio A,CLIENTE_BANCO,50000,Bajo,35%,0,232,744,0,237,0,0,68040,0,40,Familiares,Licenciatura
2.01408E+16,4648,Aprobada,CN0,Aprobado,BUENO,2999,9.98345E+14,2,"1,619",46%,32207,PROPIEDAD ACTIVO FIJO,Alto B,CLIENTE_BANCO,0,Bajo,54%,0,232,746,0,0,0,0,0,0,34,Propia,Licenciatura
2.01408E+16,327,Aprobada,CN0,Aprobado,BUENO,1999,9.98345E+14,2,"1,039",48%,9276,PROPIEDAD ACTIVO FIJO,Medio B,NO_CLIENTE,0,Bajo,52%,0,232,748,0,0,0,0,0,0,60,Renta,Licenciatura
2.01408E+16,4481,Aprobada,CN0,Aprobado,REGULAR,9899,9.98345E+14,1,"3,861",61%,27172,PROPIEDAD ACTIVO FIJO,Medio A,CLIENTE_BANCO,53000,Bajo,39%,0,232,750,0,18526,0,0,48322,0,39,Propia,Preparatoria
2.01407E+16,721,Aprobada,CN0,Aprobado,BUENO,45000,9.98345E+14,1,"29,700",34%,22852,RECIBOS DE NOMINA,Medio A,CLIENTE_BANCO,0,Mínimo,66%,0,232,754,0,0,0,0,0,0,60,Propia,Posgrado
2.01407E+16,14052,Aprobada,CN0,Aprobado,BUENO,73000,9.98345E+14,2,"54,020",26%,69503,PROPIEDAD ACTIVO FIJO,Alto B,CLIENTE_BANCO,70000,Mínimo,74%,0,232,755,1,25862,970,0,0,0,37,Familiares,Licenciatura
2.01408E+16,8,Aprobada,CN0,Aprobado,BUENO,9899,9.98345E+14,0,"5,048",49%,7438,RECIBOS DE NOMINA,Alto A,CLIENTE_BANCO,0,Mínimo,51%,0,232,759,0,0,0,0,77967,0,25,Renta,Licenciatura
2.01408E+16,4874,Aprobada,CN0,Aprobado,BUENO,9899,9.98345E+14,1,"5,840",41%,51760,PROPIEDAD ACTIVO FIJO,Medio A,CLIENTE_BANCO,83500,Mínimo,59%,0,232,760,0,0,0,0,0,0,37,Hipoteca,Licenciatura
2.01408E+16,4867,Aprobada,CN0,Aprobado,BUENO,49999,9.98345E+14,0,"23,000",54%,33027,RECIBOS DE NOMINA,Alto A,CLIENTE_BANCO,0,Mínimo,46%,0,232,764,0,0,0,0,0,0,57,Renta,Licenciatura
2.01408E+16,4450,Aprobada,CN0,Aprobado,BUENO,1999,9.98345E+14,0,920,54%,6978,PROPIEDAD ACTIVO FIJO,Alto B,CLIENTE_BANCO,0,Mínimo,46%,0,232,764,0,0,0,0,38408,0,60,Propia,Preparatoria
2.01408E+16,7918,Aprobada,CN0,Aprobado,REGULAR,10000,9.98345E+14,0,"4,000",60%,0,RECIBOS DE NOMINA,Medio A,CLIENTE_BANCO,0,Mínimo,40%,0,232,770,0,0,0,0,0,0,25,Familiares,Licenciatura
2.01408E+16,4492,Aprobada,CN0,Aprobado,REGULAR,100000,9.98345E+14,0,"29,000",71%,42009,RECIBOS DE NOMINA,Medio A,CLIENTE_BANCO,0,Mínimo,29%,0,232,781,0,0,0,0,0,0,59,Familiares,Licenciatura
2.01408E+16,166,Aprobada,CN0,Aprobado,REGULAR,38000,9.98345E+14,1,"14,060",63%,24402,RECIBOS DE NOMINA,Alto B,CLIENTE_BANCO,29000,Mínimo,37%,0,232,783,0,16397,0,0,0,0,43,Familiares,Posgrado
2.01408E+16,7502,Aprobada,CN0,Aprobado,BUENO,5600,9.98345E+14,1,"6,608",-18%,6123,RECIBOS DE NOMINA,Alto B,CLIENTE_BANCO,0,Bajo,118%,0,233,702,0,0,0,0,30729,0,29,Hipoteca,Posgrado
2.01408E+16,290,Aprobada,CN0,Aprobado,BUENO,49999,9.98345E+14,2,"48,499",3%,34943,RECIBOS DE NOMINA,Alto A,CLIENTE_BANCO,40000,Bajo,97%,0,233,703,0,0,0,0,0,0,42,Familiares,Preparatoria
2.01408E+16,7996,Aprobada,CN0,Aprobado,BUENO,9899,9.98345E+14,2,"8,216",17%,25682,PROPIEDAD ACTIVO FIJO,Alto B,CLIENTE_BANCO,50000,Bajo,83%,0,233,717,1,1098,630,0,0,0,29,Familiares,Licenciatura
2.01408E+16,173,Aprobada,CN0,Aprobado,REGULAR,9899,9.98345E+14,0,"1,980",80%,17668,PROPIEDAD ACTIVO FIJO,Medio A,CLIENTE_BANCO,15000,Bajo,20%,0,233,723,0,1899,0,0,31627,0,49,Familiares,Posgrado
2.01408E+16,4662,Aprobada,CN0,Aprobado,BUENO,54002,9.98345E+14,1,"43,202",20%,17511,RECIBOS DE NOMINA,Medio A,CLIENTE_BANCO,5500,Bajo,80%,0,233,727,1,3360,300,0,0,0,53,Familiares,Posgrado
2.01408E+16,15028,Aprobada,CN0,Aprobado,BUENO,7900,9.98345E+14,2,"5,293",33%,5869,RECIBOS DE NOMINA,Alto B,CLIENTE_BANCO,0,Bajo,67%,0,233,733,0,0,0,0,43244,0,39,Propia,Preparatoria
2.01408E+16,810,Aprobada,CN0,Aprobado,BUENO,63000,9.98345E+14,2,"70,560",-12%,32826,RECIBOS DE NOMINA,Medio A,CLIENTE_BANCO,14500,Bajo,112%,0,233,740,0,3613,0,0,15772,0,55,Propia,Posgrado
2.01408E+16,274,Aprobada,CN0,Aprobado,BUENO,2999,9.98345E+14,1,"3,179",-6%,6987,RECIBOS DE NOMINA,Medio A,CLIENTE_BANCO,6000,Bajo,106%,0,233,744,1,2763,250,0,0,0,50,Familiares,Licenciatura
2.01408E+16,6674,Aprobada,CN0,Aprobado,BUENO,49999,9.98345E+14,2,"51,499",-3%,84125,PROPIEDAD ACTIVO FIJO,Medio A,CLIENTE_BANCO,105900,Bajo,103%,0,233,750,1,14233,1330,0,0,0,34,Hipoteca,Licenciatura
2.01408E+16,661,Aprobada,CN0,Aprobado,BUENO,49999,9.98345E+14,2,"50,499",-1%,18124,PAGOS PROV SEMESTRALES PF,Medio A,CLIENTE_BANCO,115000,Mínimo,101%,0,233,757,0,91337,0,0,0,0,60,Familiares,Licenciatura
2.01407E+16,24026,Aprobada,CN0,Aprobado,BUENO,11799,9.98345E+14,1,"6,961",41%,10735,PROPIEDAD ACTIVO FIJO,Alto B,NO_CLIENTE,0,Mínimo,59%,0,233,761,0,0,0,0,0,0,40,Hipoteca,Licenciatura
2.01406E+16,4197,Aprobada,CN0,Aprobado,BUENO,5000,9.98345E+14,0,"2,200",56%,2342,RECIBOS DE NOMINA,Medio A,CLIENTE_BANCO,0,Mínimo,44%,0,233,766,0,0,0,0,18050,0,36,Familiares,Preparatoria
2.01407E+16,288,Aprobada,CN0,Aprobado,REGULAR,31000,9.98345E+14,0,"10,850",65%,19067,RECIBOS DE NOMINA,Medio A,CLIENTE_BANCO,0,Mínimo,35%,0,233,775,0,0,0,0,0,0,58,Renta,Preparatoria
2.01406E+16,4257,Aprobada,CN0,Aprobado,REGULAR,31000,9.98345E+14,0,"10,230",67%,17493,RECIBOS DE NOMINA,Alto A,CLIENTE_BANCO,0,Mínimo,33%,0,233,777,0,0,0,0,0,0,28,Propia,Posgrado
2.01408E+16,796,Aprobada,CN0,Aprobado,REGULAR,70000,9.98345E+14,1,"21,700",69%,18988,RECIBOS DE NOMINA,Alto B,CLIENTE_BANCO,64000,Mínimo,31%,0,233,779,0,0,0,0,0,0,51,Propia,Posgrado
2.01407E+16,14052,Aprobada,CN0,Aprobado,REGULAR,13300,9.98345E+14,0,"3,192",76%,7630,PROPIEDAD ACTIVO FIJO,Medio A,NO_CLIENTE,0,Mínimo,24%,0,233,786,0,0,0,0,0,0,52,Propia,Preparatoria
2.01408E+16,4697,Aprobada,CN0,Aprobado,REGULAR,1999,9.98345E+14,0,460,77%,6121,RECIBOS DE NOMINA,Alto A,CLIENTE_BANCO,0,Mínimo,23%,0,233,787,0,0,0,0,0,0,27,Propia,Licenciatura
2.01408E+16,419,Aprobada,CN0,Aprobado,REGULAR,4999,9.98345E+14,2,"5,149",-3%,18244,PROPIEDAD ACTIVO FIJO,Alto B,CLIENTE_BANCO,0,Medio ,103%,0,234,697,0,0,0,0,0,0,60,Renta,Licenciatura
2.01408E+16,396,Aprobada,CN0,Aprobado,BUENO,2999,9.98345E+14,2,"2,759",8%,24709,RECIBOS DE NOMINA,Alto B,CLIENTE_BANCO,0,Bajo,92%,0,234,708,0,0,0,0,0,0,33,Hipoteca,Posgrado
2.01408E+16,302,Aprobada,CN0,Aprobado,BUENO,9899,9.98345E+14,2,"9,107",8%,23244,PROPIEDAD ACTIVO FIJO,Alto A,CLIENTE_BANCO,0,Bajo,92%,0,234,708,0,0,0,0,0,0,40,Hipoteca,Licenciatura
2.01408E+16,7440,Aprobada,CN0,Aprobado,BUENO,49999,9.98345E+14,1,"50,999",-2%,59577,RECIBOS DE NOMINA,Medio A,CLIENTE_BANCO,66500,Bajo,102%,0,234,712,1,41972,2110,0,0,0,52,Propia,Licenciatura
2.01408E+16,253,Aprobada,CN0,Aprobado,BUENO,1999,9.98345E+14,1,"2,059",-3%,8170,RECIBOS DE NOMINA,Alto B,CLIENTE_BANCO,0,Bajo,103%,0,234,717,0,0,0,0,0,0,41,Propia,Licenciatura
2.01408E+16,4330,Aprobada,CN0,Aprobado,BUENO,59000,9.98345E+14,2,"41,300",30%,23623,RECIBOS DE NOMINA,Medio B,NO_CLIENTE,0,Bajo,70%,0,234,730,0,0,0,0,0,0,27,Propia,Licenciatura
2.01408E+16,14091,Aprobada,CN0,Aprobado,BUENO,55000,9.98345E+14,2,"36,850",33%,17976,RECIBOS DE NOMINA,Alto A,CLIENTE_BANCO,0,Bajo,67%,0,234,733,0,0,0,0,0,0,35,Renta,Licenciatura
2.01407E+16,437,Aprobada,CN0,Aprobado,BUENO,34000,9.98345E+14,1,"22,100",35%,19014,RECIBOS DE NOMINA,Medio A,CLIENTE_BANCO,35000,Bajo,65%,0,234,740,1,3678,440,0,154758,0,30,Familiares,Licenciatura
2.01407E+16,9401,Aprobada,CN0,Aprobado,BUENO,200000,9.98345E+14,0,"124,000",38%,102210,RECIBOS DE NOMINA,Medio A,CLIENTE_BANCO,5300,Bajo,62%,0,234,740,1,2144,250,0,0,0,35,Hipoteca,Licenciatura
2.01408E+16,641,Aprobada,CN0,Aprobado,BUENO,49999,9.98345E+14,0,"51,999",-4%,52856,PROPIEDAD ACTIVO FIJO,Medio A,CLIENTE_BANCO,9900,Bajo,104%,0,234,740,0,4378,0,0,119358,0,51,Familiares,Posgrado
2.01408E+16,61,Aprobada,CN0,Aprobado,BUENO,9899,9.98345E+14,1,"4,455",55%,53855,PROPIEDAD ACTIVO FIJO,Medio A,CLIENTE_BANCO,8800,Bajo,45%,0,234,740,1,1281,250,0,0,0,58,Familiares,Licenciatura
2.01408E+16,542,Aprobada,CN0,Aprobado,REGULAR,9899,9.98345E+14,0,"1,782",82%,38747,PROPIEDAD ACTIVO FIJO,Alto A,CLIENTE_BANCO,50000,Bajo,18%,0,234,740,1,708,630,0,0,0,42,Propia,Preparatoria
2.01408E+16,18031,Aprobada,CN0,Aprobado,REGULAR,142000,9.98345E+14,0,"41,180",71%,56573,RECIBOS DE NOMINA,Medio A,CLIENTE_BANCO,58000,Bajo,29%,0,234,740,1,642,222,0,0,0,29,Hipoteca,Licenciatura
2.01408E+16,799,Aprobada,CN0,Aprobado,BUENO,41000,9.98345E+14,1,"16,810",59%,15020,RECIBOS DE NOMINA,Medio A,CLIENTE_BANCO,35500,Bajo,41%,0,234,747,0,148,0,0,0,0,58,Familiares,Posgrado
2.01408E+16,298,Aprobada,CN0,Aprobado,REGULAR,53000,9.98345E+14,0,"12,720",76%,10271,RECIBOS DE NOMINA,Medio A,CLIENTE_BANCO,51000,Bajo,24%,0,234,750,0,1499,0,0,0,0,44,Familiares,Licenciatura
2.01408E+16,6613,Aprobada,CN0,Aprobado,BUENO,9899,9.98345E+14,1,"4,059",59%,33669,RECIBOS DE NOMINA,Alto A,CLIENTE_BANCO,52000,Mínimo,41%,0,234,754,0,5310,0,0,0,0,41,Renta,Licenciatura
2.01408E+16,6619,Aprobada,CN0,Aprobado,BUENO,49999,9.98345E+14,1,"38,499",23%,40069,PROPIEDAD ACTIVO FIJO,Alto B,CLIENTE_BANCO,78000,Mínimo,77%,0,234,757,0,2082,0,0,103528,0,49,Hipoteca,Preparatoria
2.01408E+16,6,Aprobada,CN0,Aprobado,BUENO,49999,9.98345E+14,1,"33,999",32%,33474,RECIBOS DE NOMINA,Medio A,CLIENTE_BANCO,73500,Mínimo,68%,0,234,761,1,19860,920,0,0,0,60,Hipoteca,Preparatoria
2.01408E+16,767,Aprobada,CN0,Aprobado,BUENO,39999,9.98345E+14,1,"28,799",28%,13307,PROPIEDAD ACTIVO FIJO,Medio A,CLIENTE_BANCO,5004,Mínimo,72%,0,234,762,0,0,0,0,0,0,34,Familiares,Posgrado
2.01408E+16,390,Aprobada,CN0,Aprobado,BUENO,280000,9.98345E+14,0,"123,200",56%,106125,PROPIEDAD ACTIVO FIJO,Medio A,CLIENTE_BANCO,0,Mínimo,44%,0,234,766,0,0,0,0,0,0,26,Propia,Licenciatura
2.01408E+16,112,Aprobada,CN0,Aprobado,REGULAR,49999,9.98345E+14,0,"17,000",66%,22179,PROPIEDAD ACTIVO FIJO,Alto A,NO_CLIENTE,0,Mínimo,34%,0,234,776,0,0,0,0,0,0,41,Propia,Preparatoria
2.01408E+16,171,Aprobada,CN0,Aprobado,REGULAR,14000,9.98345E+14,1,"4,760",66%,10828,RECIBOS DE NOMINA,Alto A,CLIENTE_BANCO,0,Mínimo,34%,0,234,786,0,0,0,0,0,0,28,Propia,Preparatoria
2.01408E+16,4165,Aprobada,CN0,Aprobado,REGULAR,2999,9.98345E+14,0,720,76%,12787,RECIBOS DE NOMINA,Medio A,CLIENTE_BANCO,0,Mínimo,24%,0,234,786,0,0,0,0,0,0,45,Familiares,Posgrado
2.01408E+16,7177,Aprobada,CN0,Aprobado,REGULAR,1999,9.98345E+14,0,380,81%,12704,RECIBOS DE NOMINA,Medio A,NO_CLIENTE,0,Mínimo,19%,0,234,791,0,0,0,0,0,0,29,Propia,Preparatoria
2.01408E+16,4436,Aprobada,CN0,Aprobado,REGULAR,40000,9.98345E+14,1,"6,800",83%,29445,RECIBOS DE NOMINA,Alto B,CLIENTE_BANCO,41000,Mínimo,17%,0,234,803,0,0,0,0,0,0,56,Propia,Licenciatura
2.01407E+16,11703,Aprobada,CN0,Aprobado,REGULAR,5800,9.98345E+14,3,"3,944",32%,17449,RECIBOS DE NOMINA,Medio B,CLIENTE_BANCO,47000,Alto,68%,0,235,549,3,4578,0,0,0,0,37,Familiares,Licenciatura
2.01408E+16,255,Aprobada,CN0,Aprobado,REGULAR,49999,9.98345E+14,1,"46,999",6%,44554,PROPIEDAD ACTIVO FIJO,Medio A,CLIENTE_BANCO,16000,Medio ,94%,0,235,673,3,1870,780,0,0,0,47,Propia,Posgrado
2.01408E+16,4663,Aprobada,CN0,Aprobado,REGULAR,49999,9.98345E+14,2,"50,499",-1%,53123,PROPIEDAD ACTIVO FIJO,Alto B,CLIENTE_BANCO,0,Medio ,101%,0,235,699,0,0,0,0,0,0,38,Renta,Posgrado
2.01408E+16,5198,Aprobada,CN0,Aprobado,BUENO,29000,9.98345E+14,0,"25,230",13%,17333,RECIBOS DE NOMINA,Medio A,CLIENTE_BANCO,28000,Bajo,87%,0,235,706,0,19081,0,0,0,0,27,Familiares,Posgrado
2.01408E+16,304,Aprobada,CN0,Aprobado,BUENO,4999,9.98345E+14,0,"4,999",0%,15499,RECIBOS DE NOMINA,Alto B,CLIENTE_BANCO,0,Bajo,100%,0,235,710,0,0,0,0,0,0,42,Familiares,Posgrado
2.01408E+16,203,Aprobada,CN0,Aprobado,REGULAR,49999,9.98345E+14,1,"17,500",65%,24156,PROPIEDAD ACTIVO FIJO,Alto A,CLIENTE_BANCO,66000,Bajo,35%,0,235,714,1,7086,830,0,0,0,31,Propia,Licenciatura
2.01408E+16,4862,Aprobada,CN0,Aprobado,REGULAR,24200,9.98345E+14,0,"8,954",63%,15009,RECIBOS DE NOMINA,Medio A,CLIENTE_BANCO,38700,Bajo,37%,0,235,720,1,5610,490,0,0,0,52,Renta,Posgrado
2.01408E+16,403,Aprobada,CN0,Aprobado,REGULAR,9899,9.98345E+14,1,"1,980",80%,22535,PROPIEDAD ACTIVO FIJO,Medio A,CLIENTE_BANCO,24000,Bajo,20%,0,235,724,1,8647,520,0,0,0,47,Renta,Preparatoria
2.01407E+16,14015,Aprobada,CN0,Aprobado,BUENO,5000,9.98345E+14,2,"3,750",25%,13062,RECIBOS DE NOMINA,Medio B,NO_CLIENTE,0,Bajo,75%,0,235,725,0,0,0,0,0,0,46,Familiares,Licenciatura
2.01408E+16,390,Aprobada,CN0,Aprobado,REGULAR,9899,9.98345E+14,0,"1,782",82%,20062,PROPIEDAD ACTIVO FIJO,Medio A,CLIENTE_BANCO,271000,Bajo,18%,0,235,731,1,2963,2963,0,13763,0,37,Propia,Posgrado
2.01408E+16,643,Aprobada,CN0,Aprobado,BUENO,49999,9.98345E+14,2,"56,999",-14%,17997,PROPIEDAD ACTIVO FIJO,Medio A,CLIENTE_BANCO,100000,Bajo,114%,0,235,740,1,6308,1250,0,13423,0,28,Hipoteca,Licenciatura
2.01408E+16,7529,Aprobada,CN0,Aprobado,BUENO,10000,9.98345E+14,2,"5,200",48%,11741,RECIBOS DE NOMINA,Medio B,NO_CLIENTE,0,Bajo,52%,0,235,748,0,0,0,0,0,0,27,Propia,Licenciatura
2.01408E+16,826,Aprobada,CN0,Aprobado,BUENO,34999,9.98345E+14,1,"21,699",38%,12793,PROPIEDAD ACTIVO FIJO,Alto B,CLIENTE_BANCO,26999,Mínimo,62%,0,235,757,0,1676,0,0,0,0,42,Hipoteca,Posgrado
2.01408E+16,9750,Aprobada,CN0,Aprobado,BUENO,29000,9.98345E+14,1,"18,270",37%,19994,RECIBOS DE NOMINA,Alto A,NO_CLIENTE,0,Mínimo,63%,0,235,757,0,0,0,0,0,0,58,Propia,Posgrado
2.01407E+16,8176,Aprobada,CN0,Aprobado,BUENO,37000,9.98345E+14,0,"17,760",52%,13630,RECIBOS DE NOMINA,Alto A,NO_CLIENTE,0,Mínimo,48%,0,235,762,0,0,0,0,0,0,55,Propia,Posgrado
2.01408E+16,771,Aprobada,CN0,Aprobado,BUENO,1999,9.98345E+14,1,840,58%,13363,RECIBOS DE NOMINA,Medio A,CLIENTE_BANCO,0,Mínimo,42%,0,235,778,0,0,0,0,0,0,56,Renta,Licenciatura
2.01408E+16,9656,Aprobada,CN0,Aprobado,REGULAR,49999,9.98345E+14,0,"9,000",82%,62308,PROPIEDAD ACTIVO FIJO,Medio A,CLIENTE_BANCO,0,Mínimo,18%,0,235,792,0,0,0,0,0,0,27,Propia,Licenciatura
2.01408E+16,6467,Aprobada,CN0,Aprobado,REGULAR,24400,9.98345E+14,2,"26,840",-10%,17057,RECIBOS DE NOMINA,Medio B,NO_CLIENTE,0,Medio ,110%,0,236,690,0,0,0,0,0,0,54,Propia,Licenciatura
2.01407E+16,14086,Aprobada,CN0,Aprobado,REGULAR,11400,9.98345E+14,2,"12,084",-6%,17342,PROPIEDAD ACTIVO FIJO,Medio B,NO_CLIENTE,0,Medio ,106%,0,236,694,0,0,0,0,0,0,28,Hipoteca,Licenciatura
2.01407E+16,204,Aprobada,CN0,Aprobado,REGULAR,26999,9.98345E+14,1,"17,549",35%,41941,RECIBOS DE NOMINA,Medio A,CLIENTE_BANCO,75000,Medio ,65%,0,236,697,1,62833,2360,0,272663,0,32,Propia,Licenciatura
2.01408E+16,520,Aprobada,CN0,Aprobado,BUENO,1999,9.98345E+14,2,"1,959",2%,8512,RECIBOS DE NOMINA,Alto B,CLIENTE_BANCO,0,Bajo,98%,0,236,702,0,0,0,0,19174,0,42,Familiares,Posgrado
2.01408E+16,6615,Aprobada,CN0,Aprobado,BUENO,9899,9.98345E+14,2,"8,612",13%,14467,PROPIEDAD ACTIVO FIJO,Medio B,NO_CLIENTE,0,Bajo,87%,0,236,713,0,0,0,0,0,0,46,Propia,Licenciatura
2.01407E+16,4878,Aprobada,CN0,Aprobado,BUENO,29000,9.98345E+14,0,"27,550",5%,13935,RECIBOS DE NOMINA,Medio B,NO_CLIENTE,0,Bajo,95%,0,236,715,0,0,0,0,0,0,46,Hipoteca,Posgrado
2.01408E+16,44,Aprobada,CN0,Aprobado,BUENO,9899,9.98345E+14,1,"9,899",0%,39910,RECIBOS DE NOMINA,Alto A,CLIENTE_BANCO,34000,Bajo,100%,0,236,720,0,0,0,0,0,0,35,Hipoteca,Preparatoria
2.01408E+16,360,Aprobada,CN0,Aprobado,BUENO,9899,9.98345E+14,1,"4,356",56%,31997,RECIBOS DE NOMINA,Medio A,CLIENTE_BANCO,5700,Bajo,44%,0,236,723,0,113,0,0,101200,0,59,Familiares,Preparatoria
2.01408E+16,4399,Aprobada,CN0,Aprobado,REGULAR,9899,9.98345E+14,1,"3,267",67%,44841,RECIBOS DE NOMINA,Medio A,CLIENTE_BANCO,15000,Bajo,33%,0,236,723,0,2905,0,0,0,0,53,Renta,Preparatoria
2.01407E+16,24032,Aprobada,CN0,Aprobado,BUENO,32000,9.98345E+14,1,"28,800",10%,13453,PROPIEDAD ACTIVO FIJO,Medio B,NO_CLIENTE,0,Bajo,90%,0,236,730,0,0,0,0,0,0,59,Hipoteca,Preparatoria
2.01408E+16,68,Aprobada,CN0,Aprobado,BUENO,1999,9.98345E+14,0,"1,579",21%,10439,RECIBOS DE NOMINA,Medio B,NO_CLIENTE,0,Bajo,79%,0,236,731,0,0,0,0,0,0,54,Renta,Posgrado
2.01408E+16,179,Aprobada,CN0,Aprobado,BUENO,4999,9.98345E+14,2,"3,049",39%,5444,RECIBOS DE NOMINA,Alto B,CLIENTE_BANCO,0,Bajo,61%,0,236,739,0,0,0,0,0,0,33,Hipoteca,Posgrado
2.01408E+16,4735,Aprobada,CN0,Aprobado,BUENO,49999,9.98345E+14,1,"53,999",-8%,41581,RECIBOS DE NOMINA,Medio A,CLIENTE_BANCO,35004,Bajo,108%,0,236,740,1,3738,440,0,103878,0,27,Renta,Preparatoria
2.01408E+16,780,Aprobada,CN0,Aprobado,BUENO,49999,9.98345E+14,1,"44,999",10%,3653,RECIBOS DE NOMINA,Medio A,CLIENTE_BANCO,104500,Bajo,90%,0,236,744,1,8062,1310,0,0,0,28,Familiares,Licenciatura
2.01406E+16,599,Aprobada,CN0,Aprobado,BUENO,26000,9.98345E+14,1,"18,720",28%,21421,RECIBOS DE NOMINA,Alto C,CLIENTE_BANCO,0,Bajo,72%,0,236,748,0,0,0,0,0,0,42,Renta,Licenciatura
2.01408E+16,4160,Aprobada,CN0,Aprobado,BUENO,30000,9.98345E+14,1,"15,300",49%,33813,RECIBOS DE NOMINA,Medio A,CLIENTE_BANCO,0,Mínimo,51%,0,236,769,0,0,0,0,0,0,37,Familiares,Posgrado
2.01407E+16,6547,Aprobada,CN0,Aprobado,REGULAR,49999,9.98345E+14,0,"18,000",64%,24469,PROPIEDAD ACTIVO FIJO,Alto B,CLIENTE_BANCO,24700,Mínimo,36%,0,236,774,0,2653,0,0,0,0,57,Propia,Licenciatura
2.01408E+16,17037,Aprobada,CN0,Aprobado,REGULAR,48000,9.98345E+14,1,"18,720",61%,22699,RECIBOS DE NOMINA,Alto A,NO_CLIENTE,0,Mínimo,39%,0,236,781,0,0,0,0,0,0,38,Hipoteca,Posgrado
2.01406E+16,4376,Aprobada,CN0,Aprobado,REGULAR,21700,9.98345E+14,0,"5,208",76%,18267,RECIBOS DE NOMINA,Medio A,CLIENTE_BANCO,0,Mínimo,24%,0,236,786,0,0,0,0,14962,0,40,Familiares,Preparatoria
2.01406E+16,41,Aprobada,CN0,Aprobado,REGULAR,134000,9.98345E+14,0,"28,140",79%,74181,PROPIEDAD ACTIVO FIJO,Alto C,CLIENTE_BANCO,0,Medio ,21%,0,237,667,2,74343,6880,0,175054,0,50,Familiares,Preparatoria
2.01408E+16,4164,Aprobada,CN0,Aprobado,BUENO,5999,9.98345E+14,2,"5,819",3%,11702,RECIBOS DE NOMINA,Alto B,CLIENTE_BANCO,0,Bajo,97%,0,237,703,0,0,0,0,0,0,43,Hipoteca,Posgrado
2.01408E+16,4160,Aprobada,CN0,Aprobado,BUENO,32000,9.98345E+14,1,"35,200",-10%,27483,RECIBOS DE NOMINA,Medio B,NO_CLIENTE,0,Bajo,110%,0,237,710,0,0,0,0,0,0,35,Hipoteca,Licenciatura
2.01408E+16,4155,Aprobada,CN0,Aprobado,BUENO,1999,9.98345E+14,1,"1,979",1%,4346,RECIBOS DE NOMINA,Alto B,CLIENTE_BANCO,0,Bajo,99%,0,237,721,0,0,0,0,0,0,54,Propia,Licenciatura
2.01408E+16,210,Aprobada,CN0,Aprobado,BUENO,9899,9.98345E+14,0,"10,592",-7%,13222,PROPIEDAD ACTIVO FIJO,Medio A,CLIENTE_BANCO,15000,Bajo,107%,0,237,723,0,0,0,0,0,0,44,Familiares,Posgrado
2.01408E+16,16,Aprobada,CN0,Aprobado,BUENO,149000,9.98345E+14,1,"143,040",4%,20447,RECIBOS DE NOMINA,Alto B,CLIENTE_BANCO,0,Bajo,96%,0,237,724,0,0,0,0,53364,0,58,Hipoteca,Licenciatura
2.01408E+16,922,Aprobada,CN0,Aprobado,BUENO,9899,9.98345E+14,1,"5,147",48%,42254,PROPIEDAD ACTIVO FIJO,Medio A,CLIENTE_BANCO,15500,Bajo,52%,0,237,727,0,5967,0,0,0,0,41,Familiares,Preparatoria
2.01405E+16,336,Aprobada,CN0,Aprobado,BUENO,5000,9.98345E+14,1,"4,300",14%,2805,RECIBOS DE NOMINA,Alto C,CLIENTE_BANCO,0,Bajo,86%,1,237,734,0,0,0,0,0,0,32,Hipoteca,Preparatoria
2.01408E+16,963,Aprobada,CN0,Aprobado,BUENO,9899,9.98345E+14,0,"6,731",32%,31496,PROPIEDAD ACTIVO FIJO,Alto B,CLIENTE_BANCO,0,Bajo,68%,0,237,742,0,0,0,0,402292,0,31,Hipoteca,Preparatoria
2.01408E+16,28,Aprobada,CN0,Aprobado,BUENO,9899,9.98345E+14,1,"6,929",30%,13083,RECIBOS DE NOMINA,Alto A,CLIENTE_BANCO,3000,Bajo,70%,0,237,750,0,0,0,0,0,0,55,Familiares,Posgrado
2.01408E+16,7176,Aprobada,CN0,Aprobado,BUENO,49999,9.98345E+14,0,"24,000",52%,16694,PROPIEDAD ACTIVO FIJO,Medio A,CLIENTE_BANCO,29000,Mínimo,48%,0,237,752,1,52,52,0,0,0,36,Propia,Posgrado
2.01407E+16,19026,Aprobada,CN0,Aprobado,BUENO,49999,9.98345E+14,2,"42,499",15%,26856,RECIBOS DE NOMINA,Medio A,CLIENTE_BANCO,42000,Mínimo,85%,0,237,757,1,5148,530,0,0,0,37,Familiares,Licenciatura
2.01408E+16,4257,Aprobada,CN0,Aprobado,BUENO,9899,9.98345E+14,1,"5,246",47%,24550,PROPIEDAD ACTIVO FIJO,Medio A,CLIENTE_BANCO,30000,Mínimo,53%,0,237,757,1,10873,380,0,0,0,28,Familiares,Posgrado
2.01408E+16,4386,Aprobada,CN0,Aprobado,BUENO,1999,9.98345E+14,1,"1,159",42%,14617,PROPIEDAD ACTIVO FIJO,Alto B,CLIENTE_BANCO,0,Mínimo,58%,0,237,762,0,0,0,0,1696,0,30,Propia,Licenciatura
2.01408E+16,683,Aprobada,CN0,Aprobado,BUENO,46999,9.98345E+14,0,"20,210",57%,18897,PROPIEDAD ACTIVO FIJO,Alto A,NO_CLIENTE,0,Mínimo,43%,0,237,767,0,0,0,0,0,0,40,Propia,Licenciatura
2.01408E+16,405,Aprobada,CN0,Aprobado,REGULAR,35000,9.98345E+14,1,"12,250",65%,29695,RECIBOS DE NOMINA,Medio A,CLIENTE_BANCO,6500,Mínimo,35%,0,237,767,1,1670,250,0,0,0,46,Familiares,Preparatoria
2.01408E+16,7554,Aprobada,CN0,Aprobado,REGULAR,14700,9.98345E+14,1,"4,704",68%,10902,RECIBOS DE NOMINA,Alto B,NO_CLIENTE,0,Mínimo,32%,0,237,788,0,0,0,0,0,0,26,Renta,Preparatoria
2.01408E+16,344,Aprobada,CN0,Aprobado,REGULAR,49999,9.98345E+14,3,"58,499",-17%,26364,PROPIEDAD ACTIVO FIJO,Alto A,CLIENTE_BANCO,30000,Alto,117%,0,238,640,3,3661,380,0,0,0,56,Hipoteca,Posgrado
2.01408E+16,7529,Aprobada,CN0,Aprobado,REGULAR,9899,9.98345E+14,2,"5,048",49%,34907,RECIBOS DE NOMINA,Medio A,CLIENTE_BANCO,16500,Medio ,51%,0,238,675,2,8790,660,0,0,0,41,Renta,Licenciatura
2.01408E+16,4180,Aprobada,CN0,Aprobado,REGULAR,9899,9.98345E+14,1,"9,998",-1%,31661,PROPIEDAD ACTIVO FIJO,Medio A,CLIENTE_BANCO,53800,Medio ,101%,0,238,687,0,49321,0,0,0,0,50,Renta,Posgrado
2.01408E+16,243,Aprobada,CN0,Aprobado,REGULAR,100000,9.98345E+14,2,"55,000",45%,15246,RECIBOS DE NOMINA,Medio A,CLIENTE_BANCO,5600,Medio ,55%,0,238,690,1,5007,350,0,177555,0,37,Hipoteca,Preparatoria
2.01408E+16,7526,Aprobada,CN0,Aprobado,BUENO,49999,9.98345E+14,2,"47,499",5%,19303,PROPIEDAD ACTIVO FIJO,Medio A,CLIENTE_BANCO,25800,Bajo,95%,0,238,705,1,4472,330,0,0,0,51,Renta,Licenciatura
2.01408E+16,118,Aprobada,CN0,Aprobado,BUENO,21999,9.98345E+14,2,"20,239",8%,8947,PROPIEDAD ACTIVO FIJO,Medio B,NO_CLIENTE,0,Bajo,92%,0,238,708,0,0,0,0,0,0,53,Hipoteca,Posgrado
2.01408E+16,4375,Aprobada,CN0,Aprobado,BUENO,49999,9.98345E+14,0,"50,499",-1%,42055,PROPIEDAD ACTIVO FIJO,Medio B,CLIENTE_BANCO,21300,Bajo,101%,0,238,709,0,4404,0,0,0,0,49,Propia,Licenciatura
2.01406E+16,918,Aprobada,CN0,Aprobado,BUENO,9400,9.98345E+14,2,"7,708",18%,7856,PROPIEDAD ACTIVO FIJO,Alto C,CLIENTE_BANCO,0,Bajo,82%,0,238,710,1,3914,250,0,0,0,48,Familiares,Preparatoria
2.01408E+16,7178,Aprobada,CN0,Aprobado,BUENO,49999,9.98345E+14,1,"26,499",47%,31299,PROPIEDAD ACTIVO FIJO,Medio A,CLIENTE_BANCO,18000,Bajo,53%,0,238,710,1,3618,250,0,0,0,41,Hipoteca,Preparatoria
2.01408E+16,123,Aprobada,CN0,Aprobado,BUENO,1999,9.98345E+14,1,"2,079",-4%,22564,RECIBOS DE NOMINA,Alto A,CLIENTE_BANCO,0,Bajo,104%,0,238,716,0,0,0,0,0,0,40,Hipoteca,Licenciatura
2.01408E+16,7153,Aprobada,CN0,Aprobado,BUENO,9899,9.98345E+14,1,"4,455",55%,16589,PROPIEDAD ACTIVO FIJO,Medio A,CLIENTE_BANCO,3000,Bajo,45%,0,238,723,1,2086,250,0,0,0,26,Hipoteca,Preparatoria
2.01408E+16,833,Aprobada,CN0,Aprobado,BUENO,229000,9.98345E+14,0,"169,460",26%,28764,PROPIEDAD ACTIVO FIJO,Medio B,NO_CLIENTE,0,Bajo,74%,0,238,736,0,0,0,0,0,0,42,Propia,Preparatoria
2.01408E+16,678,Aprobada,CN0,Aprobado,BUENO,155002,9.98345E+14,2,"97,651",37%,29134,RECIBOS DE NOMINA,Alto A,CLIENTE_BANCO,30000,Bajo,63%,0,238,737,0,0,0,0,0,0,40,Familiares,Posgrado
2.01408E+16,197,Aprobada,CN0,Aprobado,BUENO,35999,9.98345E+14,1,"15,840",56%,20892,RECIBOS DE NOMINA,Medio A,CLIENTE_BANCO,10500,Bajo,44%,0,238,750,1,7728,390,0,44602,0,44,Familiares,Licenciatura
2.01408E+16,4604,Aprobada,CN0,Aprobado,BUENO,29999,9.98345E+14,2,"17,099",43%,16598,RECIBOS DE NOMINA,Medio A,CLIENTE_BANCO,25000,Bajo,57%,0,238,750,0,542,0,0,0,0,57,Hipoteca,Preparatoria
2.01407E+16,551,Aprobada,CN0,Aprobado,BUENO,14400,9.98345E+14,0,"7,776",46%,7975,RECIBOS DE NOMINA,Alto A,CLIENTE_BANCO,21200,Mínimo,54%,0,238,756,1,283,270,0,0,0,27,Renta,Posgrado
2.01408E+16,422,Aprobada,CN0,Aprobado,BUENO,49999,9.98345E+14,1,"53,999",-8%,26770,RECIBOS DE NOMINA,Alto A,CLIENTE_BANCO,18000,Mínimo,108%,0,238,757,0,0,0,0,0,0,27,Hipoteca,Licenciatura
2.01408E+16,53,Aprobada,CN0,Aprobado,BUENO,251000,9.98345E+14,1,"213,350",15%,52430,PROPIEDAD ACTIVO FIJO,Medio A,CLIENTE_BANCO,169500,Mínimo,85%,0,238,766,0,0,0,0,0,0,36,Propia,Licenciatura
2.01408E+16,247,Aprobada,CN0,Aprobado,REGULAR,1999,9.98345E+14,0,680,66%,12185,RECIBOS DE NOMINA,Alto A,CLIENTE_BANCO,0,Mínimo,34%,0,238,776,0,0,0,0,0,0,54,Familiares,Posgrado
2.01408E+16,343,Aprobada,CN0,Aprobado,REGULAR,4999,9.98345E+14,0,"1,600",68%,21761,RECIBOS DE NOMINA,Medio A,CLIENTE_BANCO,0,Mínimo,32%,0,238,778,0,0,0,0,74361,0,33,Familiares,Posgrado
2.01408E+16,4272,Aprobada,CN0,Aprobado,BUENO,2999,9.98345E+14,2,"2,609",13%,10877,PROPIEDAD ACTIVO FIJO,Medio A,CLIENTE_BANCO,13400,Mínimo,87%,0,238,779,1,100,100,0,0,0,49,Hipoteca,Posgrado
2.01408E+16,4469,Aprobada,CN0,Aprobado,REGULAR,2999,9.98345E+14,1,450,85%,9132,RECIBOS DE NOMINA,Alto B,CLIENTE_BANCO,0,Mínimo,15%,0,238,805,0,0,0,0,0,0,25,Renta,Preparatoria
2.01408E+16,885,Aprobada,CN0,Aprobado,REGULAR,4999,9.98345E+14,2,"5,599",-12%,0,RECIBOS DE NOMINA,Medio B,NO_CLIENTE,0,Medio ,112%,0,239,688,0,0,0,0,0,0,25,Propia,Preparatoria
2.01408E+16,650,Aprobada,CN0,Aprobado,BUENO,26000,9.98345E+14,1,"29,380",-13%,17279,RECIBOS DE NOMINA,Medio B,NO_CLIENTE,0,Bajo,113%,0,239,707,0,0,0,0,0,0,54,Familiares,Posgrado
2.01408E+16,994,Aprobada,CN0,Aprobado,BUENO,30000,9.98345E+14,2,"25,200",16%,16922,RECIBOS DE NOMINA,Alto A,CLIENTE_BANCO,0,Bajo,84%,0,239,716,0,0,0,0,0,0,50,Propia,Preparatoria
2.01408E+16,4351,Aprobada,CN0,Aprobado,BUENO,4999,9.98345E+14,2,"4,149",17%,22863,RECIBOS DE NOMINA,Alto B,CLIENTE_BANCO,0,Bajo,83%,0,239,717,0,0,0,0,0,0,45,Renta,Preparatoria
2.01408E+16,4856,Aprobada,CN0,Aprobado,BUENO,9899,9.98345E+14,0,"9,107",8%,14808,PROPIEDAD ACTIVO FIJO,Medio B,NO_CLIENTE,0,Bajo,92%,0,239,718,0,0,0,0,0,0,52,Propia,Licenciatura
2.01408E+16,240,Aprobada,CN0,Aprobado,BUENO,49999,9.98345E+14,1,"56,999",-14%,45435,PROPIEDAD ACTIVO FIJO,Medio A,CLIENTE_BANCO,50000,Bajo,114%,0,239,720,1,6008,630,0,0,0,31,Renta,Posgrado
2.01408E+16,292,Aprobada,CN0,Aprobado,BUENO,10000,9.98345E+14,1,"8,900",11%,36248,RECIBOS DE NOMINA,Alto B,CLIENTE_BANCO,0,Bajo,89%,0,239,731,0,0,0,0,0,0,58,Propia,Preparatoria
2.01408E+16,195,Aprobada,CN0,Aprobado,BUENO,20001,9.98345E+14,0,"15,201",24%,11950,PROPIEDAD ACTIVO FIJO,Medio A,CLIENTE_BANCO,8000,Bajo,76%,0,239,733,1,1063,250,0,0,0,30,Hipoteca,Posgrado
2.01408E+16,263,Aprobada,CN0,Aprobado,REGULAR,39999,9.98345E+14,0,"10,800",73%,24279,RECIBOS DE NOMINA,Medio A,CLIENTE_BANCO,63000,Bajo,27%,0,239,734,1,2068,790,0,0,0,51,Hipoteca,Preparatoria
2.01408E+16,380,Aprobada,CN0,Aprobado,BUENO,50000,9.98345E+14,1,"25,500",49%,23726,RECIBOS DE NOMINA,Medio A,CLIENTE_BANCO,59499,Bajo,51%,0,239,737,1,32393,1170,0,0,0,28,Renta,Preparatoria
2.01408E+16,7497,Aprobada,CN0,Aprobado,BUENO,49999,9.98345E+14,2,"53,499",-7%,24286,PROPIEDAD ACTIVO FIJO,Medio A,CLIENTE_BANCO,51000,Bajo,107%,0,239,744,0,50051,0,0,0,0,45,Familiares,Posgrado
2.01408E+16,4346,Aprobada,CN0,Aprobado,REGULAR,48000,9.98345E+14,0,"8,640",82%,36623,RECIBOS DE NOMINA,Medio A,CLIENTE_BANCO,41500,Bajo,18%,0,239,744,1,8719,520,0,0,0,26,Renta,Licenciatura
2.01408E+16,105,Aprobada,CN0,Aprobado,REGULAR,87000,9.98345E+14,0,"33,930",61%,33800,RECIBOS DE NOMINA,Alto B,CLIENTE_BANCO,50000,Mínimo,39%,0,239,771,0,0,0,0,0,0,59,Renta,Preparatoria
2.01408E+16,7178,Aprobada,CN0,Aprobado,REGULAR,23799,9.98345E+14,0,"8,092",66%,6197,RECIBOS DE NOMINA,Medio A,NO_CLIENTE,0,Mínimo,34%,0,239,776,0,0,0,0,0,0,48,Propia,Preparatoria
2.01408E+16,18008,Aprobada,CN0,Aprobado,BUENO,81000,9.98345E+14,1,"34,020",58%,24558,RECIBOS DE NOMINA,Alto A,CLIENTE_BANCO,62000,Mínimo,42%,0,239,779,0,0,0,0,0,0,30,Propia,Posgrado
2.01408E+16,4423,Aprobada,CN0,Aprobado,REGULAR,24500,9.98345E+14,1,"8,330",66%,26961,RECIBOS DE NOMINA,Medio A,NO_CLIENTE,0,Mínimo,34%,0,239,786,0,0,0,0,0,0,29,Renta,Preparatoria
2.01408E+16,17,Aprobada,CN0,Aprobado,REGULAR,1999,9.98345E+14,1,400,80%,23902,RECIBOS DE NOMINA,Medio A,CLIENTE_BANCO,0,Mínimo,20%,0,239,800,0,0,0,0,0,0,32,Familiares,Posgrado
2.01408E+16,153,Aprobada,CN0,Aprobado,REGULAR,10000,9.98345E+14,3,"11,800",-18%,12512,RECIBOS DE NOMINA,Alto B,CLIENTE_BANCO,5504,Alto,118%,0,240,578,3,0,0,0,0,0,42,Propia,Licenciatura
2.01408E+16,4228,Aprobada,CN0,Aprobado,REGULAR,100000,9.98345E+14,1,"105,000",-5%,36481,RECIBOS DE NOMINA,Medio A,CLIENTE_BANCO,33000,Medio ,105%,0,240,683,1,3282,420,0,0,0,57,Propia,Preparatoria
2.01408E+16,3,Aprobada,CN0,Aprobado,BUENO,12000,9.98345E+14,1,"13,800",-15%,19273,RECIBOS DE NOMINA,Alto B,CLIENTE_BANCO,0,Bajo,115%,0,240,705,0,0,0,0,0,0,29,Hipoteca,Licenciatura
2.01408E+16,4347,Aprobada,CN0,Aprobado,BUENO,2999,9.98345E+14,1,"3,149",-5%,19237,PROPIEDAD ACTIVO FIJO,Medio B,NO_CLIENTE,0,Bajo,105%,0,240,715,0,0,0,0,0,0,38,Renta,Posgrado
2.01408E+16,4089,Aprobada,CN0,Aprobado,REGULAR,50000,9.98345E+14,1,"12,000",76%,19051,RECIBOS DE NOMINA,Medio A,CLIENTE_BANCO,61000,Bajo,24%,0,240,723,0,402,0,0,0,0,38,Familiares,Licenciatura
2.01408E+16,115,Aprobada,CN0,Aprobado,BUENO,1999,9.98345E+14,1,"1,919",4%,16837,RECIBOS DE NOMINA,Medio B,CLIENTE_BANCO,5000,Bajo,96%,0,240,724,0,0,0,0,0,0,32,Hipoteca,Posgrado
2.01408E+16,67,Aprobada,CN0,Aprobado,BUENO,9899,9.98345E+14,0,"4,257",57%,45136,PROPIEDAD ACTIVO FIJO,Medio A,CLIENTE_BANCO,21500,Bajo,43%,0,240,727,1,2111,250,0,0,0,38,Renta,Licenciatura
2.01408E+16,113,Aprobada,CN0,Aprobado,BUENO,49999,9.98345E+14,1,"45,499",9%,17421,PROPIEDAD ACTIVO FIJO,Alto B,CLIENTE_BANCO,49000,Bajo,91%,0,240,729,0,0,0,0,0,0,57,Hipoteca,Posgrado
2.01407E+16,7602,Aprobada,CN0,Aprobado,BUENO,7000,9.98345E+14,2,"4,900",30%,0,INVERSIONES,Medio B,NO_CLIENTE,0,Bajo,70%,0,240,730,0,0,0,0,0,0,49,Propia,Posgrado
2.01408E+16,123,Aprobada,CN0,Aprobado,BUENO,20800,9.98345E+14,0,"14,560",30%,12057,RECIBOS DE NOMINA,Medio B,NO_CLIENTE,0,Bajo,70%,0,240,740,0,0,0,0,0,0,56,Renta,Posgrado
2.01408E+16,7470,Aprobada,CN0,Aprobado,BUENO,9899,9.98345E+14,2,"11,681",-18%,31807,RECIBOS DE NOMINA,Alto A,CLIENTE_BANCO,55900,Bajo,118%,0,240,740,0,2752,0,0,44100,0,56,Renta,Posgrado
2.01408E+16,229,Aprobada,CN0,Aprobado,BUENO,49999,9.98345E+14,2,"28,499",43%,22384,RECIBOS DE NOMINA,Medio B,NO_CLIENTE,0,Bajo,57%,0,240,743,0,0,0,0,0,0,56,Propia,Preparatoria
2.01408E+16,4699,Aprobada,CN0,Aprobado,BUENO,8999,9.98345E+14,0,"5,129",43%,11079,RECIBOS DE NOMINA,Medio A,NO_CLIENTE,0,Mínimo,57%,0,240,753,0,0,0,0,0,0,39,Renta,Posgrado
2.01407E+16,92,Aprobada,CN0,Aprobado,BUENO,49999,9.98345E+14,1,"30,999",38%,32126,PROPIEDAD ACTIVO FIJO,Medio A,CLIENTE_BANCO,91000,Mínimo,62%,0,240,766,0,0,0,0,0,0,25,Propia,Posgrado
2.01408E+16,162,Aprobada,CN0,Aprobado,BUENO,49999,9.98345E+14,0,"21,000",58%,15003,PROPIEDAD ACTIVO FIJO,Alto A,CLIENTE_BANCO,0,Mínimo,42%,0,240,768,0,0,0,0,208220,0,58,Hipoteca,Preparatoria
2.01408E+16,4503,Aprobada,CN0,Aprobado,REGULAR,4999,9.98345E+14,0,"2,000",60%,7282,RECIBOS DE NOMINA,Alto A,NO_CLIENTE,0,Mínimo,40%,0,240,770,0,0,0,0,0,0,26,Propia,Preparatoria
2.01408E+16,8212,Aprobada,CN0,Aprobado,REGULAR,34000,9.98345E+14,0,"12,580",63%,8651,RECIBOS DE NOMINA,Alto B,CLIENTE_BANCO,0,Mínimo,37%,0,240,773,0,0,0,0,0,0,55,Hipoteca,Preparatoria
2.01408E+16,557,Aprobada,CN0,Aprobado,REGULAR,9899,9.98345E+14,0,"3,663",63%,19339,PROPIEDAD ACTIVO FIJO,Alto B,CLIENTE_BANCO,8100,Mínimo,37%,0,240,773,0,0,0,0,0,0,54,Propia,Posgrado
2.01408E+16,513,Aprobada,CN0,Aprobado,BUENO,29000,9.98345E+14,1,"13,630",53%,11761,RECIBOS DE NOMINA,Medio A,NO_CLIENTE,0,Mínimo,47%,0,240,773,0,0,0,0,0,0,33,Renta,Posgrado
2.01408E+16,44,Aprobada,CN0,Aprobado,REGULAR,9899,9.98345E+14,0,"3,366",66%,32273,RECIBOS DE NOMINA,Medio A,CLIENTE_BANCO,15000,Mínimo,34%,0,240,776,0,0,0,0,0,0,39,Familiares,Preparatoria
2.01408E+16,7589,Aprobada,CN0,Aprobado,REGULAR,15000,9.98345E+14,1,"5,700",62%,0,RECIBOS DE NOMINA,Medio A,NO_CLIENTE,0,Mínimo,38%,0,240,782,0,0,0,0,0,0,43,Familiares,Posgrado
2.01408E+16,4436,Aprobada,CN0,Aprobado,REGULAR,11800,9.98345E+14,0,"4,248",64%,1879,RECIBOS DE NOMINA,Medio A,CLIENTE_BANCO,33000,Medio ,36%,0,241,685,1,7695,1500,0,0,0,41,Propia,Posgrado
2.01408E+16,9604,Aprobada,CN0,Aprobado,BUENO,9899,9.98345E+14,1,"8,414",15%,9014,PROPIEDAD ACTIVO FIJO,Medio A,CLIENTE_BANCO,30000,Bajo,85%,0,241,702,0,1264,0,0,61478,0,57,Propia,Posgrado
2.01408E+16,4498,Aprobada,CN0,Aprobado,BUENO,9899,9.98345E+14,0,"6,236",37%,30361,PROPIEDAD ACTIVO FIJO,Medio A,CLIENTE_BANCO,16500,Bajo,63%,0,241,706,0,6865,0,0,0,0,41,Propia,Licenciatura
2.01408E+16,460,Aprobada,CN0,Aprobado,BUENO,2999,9.98345E+14,1,"3,359",-12%,11189,RECIBOS DE NOMINA,Alto C,CLIENTE_BANCO,0,Bajo,112%,0,241,708,0,0,0,0,0,0,39,Hipoteca,Preparatoria
2.01408E+16,290,Aprobada,CN0,Aprobado,BUENO,4999,9.98345E+14,0,"4,199",16%,9089,RECIBOS DE NOMINA,Alto C,CLIENTE_BANCO,0,Bajo,84%,0,241,726,0,0,0,0,0,0,35,Familiares,Preparatoria
2.01408E+16,520,Aprobada,CN0,Aprobado,BUENO,48999,9.98345E+14,0,"34,789",29%,17829,RECIBOS DE NOMINA,Medio B,CLIENTE_BANCO,24500,Bajo,71%,0,241,739,1,2177,310,0,0,0,34,Familiares,Posgrado
2.01408E+16,4359,Aprobada,CN0,Aprobado,REGULAR,86000,9.98345E+14,1,"22,360",74%,10599,RECIBOS DE NOMINA,Medio A,CLIENTE_BANCO,36000,Bajo,26%,0,241,740,0,1084,0,0,0,0,53,Familiares,Preparatoria
2.01408E+16,122,Aprobada,CN0,Aprobado,BUENO,49999,9.98345E+14,1,"39,499",21%,20351,PROPIEDAD ACTIVO FIJO,Medio B,NO_CLIENTE,0,Bajo,79%,0,241,741,0,0,0,0,0,0,49,Renta,Preparatoria
2.01408E+16,940,Aprobada,CN0,Aprobado,BUENO,44000,9.98345E+14,2,"25,960",41%,14752,PROPIEDAD ACTIVO FIJO,Alto B,CLIENTE_BANCO,0,Bajo,59%,0,241,741,0,0,0,0,0,0,59,Propia,Preparatoria
2.01408E+16,345,Aprobada,CN0,Aprobado,BUENO,49999,9.98345E+14,1,"50,999",-2%,30729,PROPIEDAD ACTIVO FIJO,Medio A,CLIENTE_BANCO,37000,Bajo,102%,0,241,742,0,0,0,0,0,0,49,Familiares,Licenciatura
2.01408E+16,317,Aprobada,CN0,Aprobado,BUENO,9899,9.98345E+14,2,"8,711",12%,15594,PROPIEDAD ACTIVO FIJO,Medio A,CLIENTE_BANCO,15000,Bajo,88%,0,241,744,1,984,250,0,0,0,45,Propia,Licenciatura
2.01408E+16,14009,Aprobada,CN0,Aprobado,BUENO,5500,9.98345E+14,1,"2,365",57%,17237,RECIBOS DE NOMINA,Medio B,NO_CLIENTE,0,Mínimo,43%,0,241,777,0,0,0,0,0,0,50,Hipoteca,Preparatoria
2.01408E+16,50,Aprobada,CN0,Aprobado,REGULAR,45000,9.98345E+14,0,"11,700",74%,15598,RECIBOS DE NOMINA,Alto B,CLIENTE_BANCO,0,Mínimo,26%,0,241,784,0,0,0,0,0,0,54,Familiares,Posgrado
2.01408E+16,422,Aprobada,CN0,Aprobado,REGULAR,49999,9.98345E+14,1,"17,500",65%,25772,RECIBOS DE NOMINA,Alto A,NO_CLIENTE,0,Mínimo,35%,0,241,785,0,0,0,0,0,0,54,Familiares,Licenciatura
2.01408E+16,158,Aprobada,CN0,Aprobado,REGULAR,1999,9.98345E+14,0,400,80%,14380,PROPIEDAD ACTIVO FIJO,Medio A,CLIENTE_BANCO,0,Mínimo,20%,0,241,790,0,0,0,0,0,0,58,Renta,Preparatoria
2.01408E+16,982,Aprobada,CN0,Aprobado,REGULAR,9899,9.98345E+14,0,"1,881",81%,15931,RECIBOS DE NOMINA,Alto B,CLIENTE_BANCO,38000,Mínimo,19%,0,241,791,0,15459,0,0,0,0,56,Hipoteca,Licenciatura
2.01407E+16,11711,Aprobada,CN0,Aprobado,REGULAR,50000,9.98345E+14,2,"56,000",-12%,23129,PROPIEDAD ACTIVO FIJO,Medio B,NO_CLIENTE,0,Medio ,112%,0,242,650,0,0,0,0,0,0,42,Familiares,Licenciatura
2.01408E+16,765,Aprobada,CN0,Aprobado,REGULAR,39999,9.98345E+14,2,"20,399",49%,21749,PROPIEDAD ACTIVO FIJO,Medio A,CLIENTE_BANCO,17700,Medio ,51%,0,242,674,1,17255,850,0,0,0,51,Renta,Preparatoria
2.01408E+16,682,Aprobada,CN0,Aprobado,REGULAR,33999,9.98345E+14,2,"39,099",-15%,14933,RECIBOS DE NOMINA,Medio B,NO_CLIENTE,0,Medio ,115%,0,242,685,0,0,0,0,0,0,39,Renta,Licenciatura
2.01408E+16,6557,Aprobada,CN0,Aprobado,REGULAR,24900,9.98345E+14,2,"27,888",-12%,12434,RECIBOS DE NOMINA,Medio B,CLIENTE_BANCO,5000,Medio ,112%,0,242,688,0,0,0,0,0,0,40,Familiares,Licenciatura
2.01407E+16,20090,Aprobada,CN0,Aprobado,REGULAR,112000,9.98345E+14,2,"117,600",-5%,26035,PAGOS PROV SEMESTRALES PF,Medio B,NO_CLIENTE,0,Medio ,105%,0,242,695,0,0,0,0,0,0,47,Renta,Preparatoria
2.01408E+16,4601,Aprobada,CN0,Aprobado,BUENO,1999,9.98345E+14,1,820,59%,15854,PROPIEDAD ACTIVO FIJO,Medio A,CLIENTE_BANCO,23400,Bajo,41%,0,242,703,0,406,0,0,0,0,27,Propia,Preparatoria
2.01408E+16,7128,Aprobada,CN0,Aprobado,BUENO,9899,9.98345E+14,0,"4,356",56%,44349,PROPIEDAD ACTIVO FIJO,Medio A,CLIENTE_BANCO,82500,Bajo,44%,0,242,704,1,45322,2760,0,206136,0,39,Familiares,Licenciatura
2.01408E+16,4428,Aprobada,CN0,Aprobado,BUENO,9899,9.98345E+14,1,"4,950",50%,121426,PROPIEDAD ACTIVO FIJO,Medio A,CLIENTE_BANCO,25000,Bajo,50%,0,242,711,1,19475,880,0,146708,0,56,Propia,Preparatoria
2.01408E+16,7128,Aprobada,CN0,Aprobado,BUENO,6199,9.98345E+14,1,"6,633",-7%,8929,RECIBOS DE NOMINA,Medio B,CLIENTE_BANCO,15,Bajo,107%,0,242,713,0,0,0,0,0,0,43,Propia,Licenciatura
2.01406E+16,146,Aprobada,CN0,Aprobado,BUENO,7300,9.98345E+14,1,"7,154",2%,4038,RECIBOS DE NOMINA,Alto C,CLIENTE_BANCO,0,Bajo,98%,0,242,722,0,0,0,0,0,0,48,Renta,Licenciatura
2.01408E+16,4689,Aprobada,CN0,Aprobado,BUENO,5999,9.98345E+14,1,"4,679",22%,18693,PROPIEDAD ACTIVO FIJO,Medio A,CLIENTE_BANCO,15000,Bajo,78%,0,242,723,1,10582,340,0,0,0,43,Familiares,Posgrado
2.01408E+16,750,Aprobada,CN0,Aprobado,BUENO,9899,9.98345E+14,1,"8,810",11%,33147,PAGOS PROV SEMESTRALES PF,Alto B,CLIENTE_BANCO,0,Bajo,89%,0,242,731,0,0,0,0,0,0,47,Renta,Licenciatura
2.01407E+16,981,Aprobada,CN0,Aprobado,BUENO,11600,9.98345E+14,0,"8,816",24%,6451,RECIBOS DE NOMINA,Alto C,NO_CLIENTE,0,Bajo,76%,0,242,734,0,0,0,0,0,0,32,Propia,Preparatoria
2.01408E+16,41,Aprobada,CN0,Aprobado,BUENO,1999,9.98345E+14,2,"1,279",36%,7259,RECIBOS DE NOMINA,Alto B,CLIENTE_BANCO,0,Bajo,64%,0,242,736,0,0,0,0,0,0,58,Propia,Posgrado
2.01407E+16,12118,Aprobada,CN0,Aprobado,REGULAR,40000,9.98345E+14,0,"11,200",72%,250000,RECIBOS DE NOMINA,Alto A,CLIENTE_BANCO,200000,Bajo,28%,0,242,740,1,83634,2500,0,0,0,45,Familiares,Licenciatura
2.01408E+16,826,Aprobada,CN0,Aprobado,BUENO,9899,9.98345E+14,2,"5,444",45%,28938,PROPIEDAD ACTIVO FIJO,Alto B,CLIENTE_BANCO,0,Bajo,55%,0,242,745,0,0,0,0,99343,0,51,Propia,Preparatoria
2.01408E+16,624,Aprobada,CN0,Aprobado,REGULAR,144000,9.98345E+14,1,"33,120",77%,37323,RECIBOS DE NOMINA,Medio A,CLIENTE_BANCO,165000,Bajo,23%,0,242,750,1,23300,2070,0,0,0,42,Familiares,Posgrado
2.01408E+16,4874,Aprobada,CN0,Aprobado,REGULAR,49999,9.98345E+14,0,"19,500",61%,32869,RECIBOS DE NOMINA,Alto A,CLIENTE_BANCO,160000,Mínimo,39%,0,242,757,0,7013,0,0,0,0,34,Hipoteca,Preparatoria
2.01408E+16,9141,Aprobada,CN0,Aprobado,BUENO,7000,9.98345E+14,1,"4,410",37%,0,RECIBOS DE NOMINA,Medio A,NO_CLIENTE,0,Mínimo,63%,0,242,757,0,0,0,0,0,0,41,Propia,Licenciatura
2.01408E+16,4082,Aprobada,CN0,Aprobado,REGULAR,34000,9.98345E+14,1,"9,520",72%,9333,RECIBOS DE NOMINA,Medio A,CLIENTE_BANCO,13515,Mínimo,28%,0,242,757,0,2891,0,0,0,0,27,Renta,Preparatoria
2.01408E+16,651,Aprobada,CN0,Aprobado,BUENO,9899,9.98345E+14,0,"5,048",49%,19833,PROPIEDAD ACTIVO FIJO,Medio A,NO_CLIENTE,0,Mínimo,51%,0,242,759,0,0,0,0,0,0,55,Renta,Posgrado
2.01408E+16,7441,Aprobada,CN0,Aprobado,BUENO,44999,9.98345E+14,1,"50,399",-12%,18963,PROPIEDAD ACTIVO FIJO,Alto A,CLIENTE_BANCO,10000,Mínimo,112%,0,242,762,0,0,0,0,7605,0,31,Familiares,Licenciatura
2.01408E+16,8209,Aprobada,CN0,Aprobado,BUENO,4999,9.98345E+14,0,"2,250",55%,13501,PROPIEDAD ACTIVO FIJO,Medio A,CLIENTE_BANCO,0,Mínimo,45%,0,242,765,0,0,0,0,0,0,47,Hipoteca,Posgrado
2.01408E+16,930,Aprobada,CN0,Aprobado,BUENO,49999,9.98345E+14,0,"21,500",57%,56967,PROPIEDAD ACTIVO FIJO,Medio A,CLIENTE_BANCO,0,Mínimo,43%,0,242,767,0,0,0,0,0,0,60,Hipoteca,Preparatoria
2.01408E+16,4082,Aprobada,CN0,Aprobado,BUENO,52000,9.98345E+14,2,"42,120",19%,19181,RECIBOS DE NOMINA,Alto A,CLIENTE_BANCO,24200,Mínimo,81%,0,242,771,0,288,0,0,0,0,38,Renta,Licenciatura
2.01408E+16,7498,Aprobada,CN0,Aprobado,BUENO,49999,9.98345E+14,0,"25,000",50%,20828,PROPIEDAD ACTIVO FIJO,Alto A,CLIENTE_BANCO,15000,Mínimo,50%,0,242,772,0,0,0,0,520,0,54,Renta,Preparatoria
2.01408E+16,9603,Aprobada,CN0,Aprobado,BUENO,12600,9.98345E+14,1,"5,418",57%,7018,RECIBOS DE NOMINA,Medio A,NO_CLIENTE,0,Mínimo,43%,0,242,777,0,0,0,0,0,0,60,Hipoteca,Preparatoria
2.01408E+16,3,Aprobada,CN0,Aprobado,BUENO,23100,9.98345E+14,1,"9,471",59%,12833,RECIBOS DE NOMINA,Medio A,NO_CLIENTE,0,Mínimo,41%,0,242,779,0,0,0,0,0,0,52,Renta,Licenciatura
2.01408E+16,26004,Aprobada,CN0,Aprobado,REGULAR,687000,9.98345E+14,1,"274,800",60%,12281,PAGOS PROV SEMESTRALES PFAE,Alto A,NO_CLIENTE,0,Mínimo,40%,0,242,780,0,0,0,0,0,0,30,Familiares,Preparatoria
2.01408E+16,472,Aprobada,CN0,Aprobado,REGULAR,49999,9.98345E+14,0,"14,500",71%,32652,PROPIEDAD ACTIVO FIJO,Alto A,CLIENTE_BANCO,103000,Mínimo,29%,0,242,781,0,0,0,0,0,0,46,Familiares,Licenciatura
2.01408E+16,4684,Aprobada,CN0,Aprobado,REGULAR,9899,9.98345E+14,0,"1,584",84%,17652,RECIBOS DE NOMINA,Medio A,CLIENTE_BANCO,36000,Medio ,16%,0,243,685,1,26812,1520,0,0,0,27,Propia,Posgrado
2.01408E+16,765,Aprobada,CN0,Aprobado,BUENO,9899,9.98345E+14,1,"11,582",-17%,14352,RECIBOS DE NOMINA,Alto B,CLIENTE_BANCO,0,Bajo,117%,0,243,703,0,0,0,0,0,0,53,Propia,Posgrado
2.01408E+16,4173,Aprobada,CN0,Aprobado,BUENO,49999,9.98345E+14,1,"30,999",38%,31544,PROPIEDAD ACTIVO FIJO,Alto A,CLIENTE_BANCO,59999,Bajo,62%,0,243,717,1,9093,9093,0,0,0,46,Propia,Preparatoria
2.01408E+16,662,Aprobada,CN0,Aprobado,BUENO,16600,9.98345E+14,1,"16,932",-2%,9228,RECIBOS DE NOMINA,Alto C,CLIENTE_BANCO,0,Bajo,102%,0,243,718,0,0,0,0,0,0,56,Hipoteca,Posgrado
2.01408E+16,426,Aprobada,CN0,Aprobado,BUENO,49999,9.98345E+14,1,"44,499",11%,15172,RECIBOS DE NOMINA,Alto B,CLIENTE_BANCO,8100,Bajo,89%,0,243,731,0,0,0,0,0,0,38,Hipoteca,Posgrado
2.01408E+16,447,Aprobada,CN0,Aprobado,BUENO,20699,9.98345E+14,0,"16,145",22%,20984,PAGOS PROV SEMESTRALES PF,Medio B,NO_CLIENTE,0,Bajo,78%,0,243,732,0,0,0,0,0,0,32,Familiares,Posgrado
2.01408E+16,4722,Aprobada,CN0,Aprobado,BUENO,169001,9.98345E+14,1,"163,931",3%,34636,RECIBOS DE NOMINA,Medio A,CLIENTE_BANCO,50000,Bajo,97%,0,243,733,1,1168,630,0,0,0,42,Hipoteca,Licenciatura
2.01408E+16,950,Aprobada,CN0,Aprobado,BUENO,49999,9.98345E+14,0,"26,999",46%,24690,RECIBOS DE NOMINA,Alto A,CLIENTE_BANCO,0,Mínimo,54%,0,243,756,0,0,0,0,0,0,43,Propia,Preparatoria
2.01408E+16,7180,Aprobada,CN0,Aprobado,REGULAR,9899,9.98345E+14,0,"2,871",71%,28647,PROPIEDAD ACTIVO FIJO,Alto A,CLIENTE_BANCO,20200,Mínimo,29%,0,243,781,1,8577,260,0,88774,0,52,Familiares,Preparatoria
2.01408E+16,335,Aprobada,CN0,Aprobado,REGULAR,42000,9.98345E+14,0,"9,240",78%,12371,RECIBOS DE NOMINA,Alto A,CLIENTE_BANCO,0,Mínimo,22%,0,243,788,0,0,0,0,0,0,36,Renta,Licenciatura
2.01408E+16,4029,Aprobada,CN0,Aprobado,REGULAR,2999,9.98345E+14,2,"3,239",-8%,15817,RECIBOS DE NOMINA,Medio B,NO_CLIENTE,0,Medio ,108%,0,244,692,0,0,0,0,0,0,49,Hipoteca,Posgrado
2.01408E+16,487,Aprobada,CN0,Aprobado,BUENO,2999,9.98345E+14,0,"2,909",3%,4038,RECIBOS DE NOMINA,Alto B,CLIENTE_BANCO,8400,Bajo,97%,0,244,713,0,0,0,0,0,0,34,Hipoteca,Posgrado
2.01408E+16,9030,Aprobada,CN0,Aprobado,BUENO,24002,9.98345E+14,1,"25,922",-8%,24063,RECIBOS DE NOMINA,Medio A,CLIENTE_BANCO,15000,Bajo,108%,0,244,723,0,4168,0,0,32624,0,35,Familiares,Licenciatura
2.01408E+16,390,Aprobada,CN0,Aprobado,BUENO,49999,9.98345E+14,0,"40,999",18%,60188,PROPIEDAD ACTIVO FIJO,Medio A,CLIENTE_BANCO,50000,Bajo,82%,0,244,725,1,1170,337,0,0,0,36,Hipoteca,Posgrado
2.01408E+16,7419,Aprobada,CN0,Aprobado,REGULAR,106000,9.98345E+14,0,"36,040",66%,54855,RECIBOS DE NOMINA,Medio A,CLIENTE_BANCO,38000,Bajo,34%,0,244,727,0,1612,0,0,0,0,36,Hipoteca,Licenciatura
2.01408E+16,9639,Aprobada,CN0,Aprobado,REGULAR,39999,9.98345E+14,1,"16,000",60%,21589,PROPIEDAD ACTIVO FIJO,Medio A,CLIENTE_BANCO,63500,Bajo,40%,0,244,734,0,0,0,0,230,0,45,Familiares,Licenciatura
2.01407E+16,11704,Aprobada,CN0,Aprobado,BUENO,45999,9.98345E+14,1,"44,159",4%,20244,RECIBOS DE NOMINA,Medio A,CLIENTE_BANCO,33500,Bajo,96%,0,244,737,1,7267,420,0,0,0,31,Propia,Licenciatura
2.01408E+16,14022,Aprobada,CN0,Aprobado,BUENO,9300,9.98345E+14,1,"7,719",17%,7885,RECIBOS DE NOMINA,Medio B,NO_CLIENTE,0,Bajo,83%,0,244,737,0,0,0,0,0,0,39,Hipoteca,Licenciatura
2.01408E+16,4769,Aprobada,CN0,Aprobado,BUENO,14700,9.98345E+14,2,"8,967",39%,8160,RECIBOS DE NOMINA,Alto C,CLIENTE_BANCO,0,Bajo,61%,0,244,739,0,0,0,0,0,0,44,Hipoteca,Posgrado
2.01408E+16,199,Aprobada,CN0,Aprobado,BUENO,2999,9.98345E+14,1,"1,769",41%,12999,PROPIEDAD ACTIVO FIJO,Medio A,CLIENTE_BANCO,11000,Bajo,59%,0,244,740,0,2519,0,0,0,0,50,Propia,Preparatoria
2.01408E+16,403,Aprobada,CN0,Aprobado,BUENO,94000,9.98345E+14,1,"88,360",6%,20721,RECIBOS DE NOMINA,Medio A,CLIENTE_BANCO,103500,Bajo,94%,0,244,740,1,2275,1070,0,0,0,33,Familiares,Licenciatura
2.01408E+16,570,Aprobada,CN0,Aprobado,BUENO,49999,9.98345E+14,0,"24,500",51%,32450,PROPIEDAD ACTIVO FIJO,Medio A,CLIENTE_BANCO,59500,Bajo,49%,0,244,750,1,483,483,0,0,0,46,Renta,Licenciatura
2.01408E+16,112,Aprobada,CN0,Aprobado,BUENO,1999,9.98345E+14,1,960,52%,16190,RECIBOS DE NOMINA,Alto A,CLIENTE_BANCO,0,Mínimo,48%,0,244,772,0,0,0,0,0,0,52,Hipoteca,Posgrado
2.01407E+16,14089,Aprobada,CN0,Aprobado,BUENO,26999,9.98345E+14,2,"14,579",46%,40798,RECIBOS DE NOMINA,Alto A,CLIENTE_BANCO,0,Mínimo,54%,0,244,780,0,0,0,0,0,0,58,Propia,Preparatoria
2.01408E+16,223,Aprobada,CN0,Aprobado,REGULAR,9899,9.98345E+14,1,"3,069",69%,68806,PROPIEDAD ACTIVO FIJO,Medio A,CLIENTE_BANCO,29000,Mínimo,31%,0,244,789,0,0,0,0,0,0,49,Hipoteca,Preparatoria
2.01408E+16,270,Aprobada,CN0,Aprobado,REGULAR,4999,9.98345E+14,1,750,85%,4833,RECIBOS DE NOMINA,Medio A,CLIENTE_BANCO,0,Mínimo,15%,0,244,805,0,0,0,0,0,0,48,Familiares,Licenciatura
2.01408E+16,4308,Aprobada,CN0,Aprobado,REGULAR,56000,9.98345E+14,0,"21,280",62%,31559,RECIBOS DE NOMINA,Medio A,CLIENTE_BANCO,47800,Medio ,38%,0,245,694,1,16665,1297,0,0,0,59,Familiares,Posgrado
2.01408E+16,4340,Aprobada,CN0,Aprobado,REGULAR,49999,9.98345E+14,0,"8,500",83%,25349,PROPIEDAD ACTIVO FIJO,Medio A,CLIENTE_BANCO,37000,Medio ,17%,0,245,698,0,301,0,0,0,0,41,Familiares,Licenciatura
2.01408E+16,767,Aprobada,CN0,Aprobado,BUENO,94000,9.98345E+14,2,"92,120",2%,37995,RECIBOS DE NOMINA,Alto B,CLIENTE_BANCO,0,Bajo,98%,0,245,702,0,0,0,0,95561,0,37,Familiares,Posgrado
2.01408E+16,9431,Aprobada,CN0,Aprobado,BUENO,24999,9.98345E+14,0,"11,250",55%,32685,RECIBOS DE NOMINA,Medio A,CLIENTE_BANCO,75000,Bajo,45%,0,245,706,1,7496,1080,0,0,0,26,Propia,Preparatoria
2.01408E+16,839,Aprobada,CN0,Aprobado,REGULAR,9899,9.98345E+14,0,"2,871",71%,53954,PROPIEDAD ACTIVO FIJO,Medio A,CLIENTE_BANCO,13200,Bajo,29%,0,245,706,0,479,0,0,0,0,28,Renta,Preparatoria
2.01407E+16,435,Aprobada,CN0,Aprobado,BUENO,38999,9.98345E+14,2,"32,369",17%,2397,PROPIEDAD ACTIVO FIJO,Alto B,CLIENTE_BANCO,0,Bajo,83%,0,245,717,0,0,0,0,0,0,48,Propia,Licenciatura
2.01408E+16,11701,Aprobada,CN0,Aprobado,REGULAR,40000,9.98345E+14,0,"14,000",65%,42216,RECIBOS DE NOMINA,Alto A,CLIENTE_BANCO,663000,Bajo,35%,0,245,727,1,109377,17880,0,0,0,29,Propia,Posgrado
2.01408E+16,5193,Aprobada,CN0,Aprobado,BUENO,15999,9.98345E+14,1,"13,279",17%,11853,RECIBOS DE NOMINA,Alto B,CLIENTE_BANCO,0,Bajo,83%,0,245,737,0,0,0,0,0,0,28,Propia,Licenciatura
2.01408E+16,4228,Aprobada,CN0,Aprobado,BUENO,284000,9.98345E+14,0,"227,200",20%,171596,RECIBOS DE NOMINA,Medio A,CLIENTE_BANCO,68000,Bajo,80%,0,245,737,1,26306,1440,0,172858,0,44,Familiares,Licenciatura
2.01408E+16,290,Aprobada,CN0,Aprobado,BUENO,49999,9.98345E+14,0,"47,499",5%,23832,RECIBOS DE NOMINA,Medio A,CLIENTE_BANCO,129500,Bajo,95%,0,245,737,0,6653,0,0,47776,0,35,Propia,Preparatoria
2.01408E+16,562,Aprobada,CN0,Aprobado,BUENO,49999,9.98345E+14,1,"39,999",20%,22647,PROPIEDAD ACTIVO FIJO,Medio A,CLIENTE_BANCO,53000,Bajo,80%,0,245,738,0,0,0,0,0,0,54,Hipoteca,Preparatoria
2.01408E+16,4408,Aprobada,CN0,Aprobado,BUENO,2999,9.98345E+14,2,"2,969",1%,15152,RECIBOS DE NOMINA,Medio A,CLIENTE_BANCO,15000,Bajo,99%,0,245,740,1,4610,280,0,0,0,34,Familiares,Preparatoria
2.01408E+16,4861,Aprobada,CN0,Aprobado,BUENO,266000,9.98345E+14,2,"297,920",-12%,38485,PROPIEDAD ACTIVO FIJO,Alto A,CLIENTE_BANCO,75000,Bajo,112%,0,245,740,0,36338,0,0,0,0,50,Hipoteca,Licenciatura
2.01408E+16,4194,Aprobada,CN0,Aprobado,REGULAR,9899,9.98345E+14,0,"3,069",69%,21835,PROPIEDAD ACTIVO FIJO,Medio A,CLIENTE_BANCO,10700,Bajo,31%,0,245,740,1,6612,370,0,0,0,38,Hipoteca,Licenciatura
2.01408E+16,836,Aprobada,CN0,Aprobado,REGULAR,143000,9.98345E+14,1,"42,900",70%,52094,RECIBOS DE NOMINA,Medio A,CLIENTE_BANCO,10500,Mínimo,30%,0,245,757,0,0,0,0,38422,0,58,Familiares,Licenciatura
2.01407E+16,844,Aprobada,CN0,Aprobado,BUENO,58000,9.98345E+14,0,"27,840",52%,18545,RECIBOS DE NOMINA,Medio A,NO_CLIENTE,0,Mínimo,48%,0,245,762,0,0,0,0,0,0,46,Hipoteca,Posgrado
2.01408E+16,653,Aprobada,CN0,Aprobado,BUENO,49999,9.98345E+14,0,"31,499",37%,21372,PROPIEDAD ACTIVO FIJO,Alto A,CLIENTE_BANCO,75000,Mínimo,63%,0,245,779,0,0,0,0,0,0,36,Familiares,Preparatoria
2.01408E+16,7496,Aprobada,CN0,Aprobado,REGULAR,42999,9.98345E+14,0,"7,740",82%,15672,RECIBOS DE NOMINA,Medio A,NO_CLIENTE,0,Mínimo,18%,0,245,792,0,0,0,0,0,0,56,Renta,Licenciatura
2.01408E+16,290,Aprobada,CN0,Aprobado,REGULAR,4999,9.98345E+14,0,750,85%,9612,RECIBOS DE NOMINA,Medio A,NO_CLIENTE,0,Mínimo,15%,0,245,795,0,0,0,0,0,0,32,Propia,Licenciatura
2.01408E+16,824,Aprobada,CN0,Aprobado,REGULAR,9899,9.98345E+14,1,"2,970",70%,17973,RECIBOS DE NOMINA,Medio A,CLIENTE_BANCO,25000,Bajo,30%,0,246,711,1,15796,320,0,2,0,30,Renta,Preparatoria
2.01408E+16,7128,Aprobada,CN0,Aprobado,BUENO,49999,9.98345E+14,0,"43,499",13%,33772,PROPIEDAD ACTIVO FIJO,Alto B,CLIENTE_BANCO,0,Bajo,87%,0,246,723,0,0,0,0,0,0,53,Hipoteca,Preparatoria
2.01408E+16,909,Aprobada,CN0,Aprobado,REGULAR,9899,9.98345E+14,1,"1,980",80%,4397,PROPIEDAD ACTIVO FIJO,Medio A,CLIENTE_BANCO,12700,Bajo,20%,0,246,740,0,3131,0,0,0,0,54,Familiares,Posgrado
2.01408E+16,398,Aprobada,CN0,Aprobado,BUENO,9899,9.98345E+14,2,"8,810",11%,32109,RECIBOS DE NOMINA,Medio A,CLIENTE_BANCO,18000,Bajo,89%,0,246,740,0,400,0,0,0,0,48,Familiares,Posgrado
2.01408E+16,53,Aprobada,CN0,Aprobado,BUENO,4999,9.98345E+14,0,"2,999",40%,10577,RECIBOS DE NOMINA,Alto B,CLIENTE_BANCO,0,Bajo,60%,0,246,750,0,0,0,0,0,0,34,Hipoteca,Licenciatura
2.01408E+16,7128,Aprobada,CN0,Aprobado,REGULAR,49999,9.98345E+14,0,"16,500",67%,42467,PROPIEDAD ACTIVO FIJO,Medio A,CLIENTE_BANCO,69500,Bajo,33%,0,246,750,0,1591,0,0,49506,0,30,Renta,Licenciatura
2.01408E+16,349,Aprobada,CN0,Aprobado,BUENO,9999,9.98345E+14,0,"5,699",43%,31236,PROPIEDAD ACTIVO FIJO,Alto A,CLIENTE_BANCO,0,Mínimo,57%,0,246,753,0,0,0,0,0,0,31,Renta,Preparatoria
2.01407E+16,4072,Aprobada,CN0,Aprobado,BUENO,49999,9.98345E+14,2,"58,499",-17%,55707,PROPIEDAD ACTIVO FIJO,Alto A,CLIENTE_BANCO,72500,Mínimo,117%,0,246,761,0,9069,0,0,0,0,27,Familiares,Preparatoria
2.01408E+16,290,Aprobada,CN0,Aprobado,REGULAR,49999,9.98345E+14,0,"18,500",63%,32564,RECIBOS DE NOMINA,Medio A,CLIENTE_BANCO,49999,Mínimo,37%,0,246,773,0,0,0,0,0,0,52,Hipoteca,Licenciatura
2.01408E+16,4333,Aprobada,CN0,Aprobado,BUENO,31999,9.98345E+14,1,"13,760",57%,2397,RECIBOS DE NOMINA,Medio A,CLIENTE_BANCO,0,Mínimo,43%,0,246,777,0,0,0,0,0,0,30,Propia,Preparatoria
2.01408E+16,7619,Aprobada,CN0,Aprobado,REGULAR,10000,9.98345E+14,0,"1,800",82%,0,PROPIEDAD ACTIVO FIJO,Medio A,NO_CLIENTE,0,Mínimo,18%,0,246,792,0,0,0,0,0,0,36,Hipoteca,Posgrado
2.01408E+16,412,Aprobada,CN0,Aprobado,REGULAR,4999,9.98345E+14,0,750,85%,0,RECIBOS DE NOMINA,Alto A,NO_CLIENTE,0,Mínimo,15%,0,246,795,0,0,0,0,0,0,25,Familiares,Licenciatura
2.01408E+16,977,Aprobada,CN0,Aprobado,REGULAR,40000,9.98345E+14,3,"47,200",-18%,26448,RECIBOS DE NOMINA,Medio A,CLIENTE_BANCO,77000,Alto,118%,0,247,640,3,5756,580,0,0,0,60,Hipoteca,Preparatoria
2.01408E+16,7131,Aprobada,CN0,Aprobado,REGULAR,233000,9.98345E+14,2,"181,740",22%,89096,PROPIEDAD ACTIVO FIJO,Medio A,CLIENTE_BANCO,112000,Medio ,78%,0,247,683,0,35544,0,0,0,0,39,Renta,Licenciatura
2.01408E+16,187,Aprobada,CN0,Aprobado,REGULAR,1999,9.98345E+14,2,"2,219",-11%,132682,CTA NOMINA DIGITAL,Alto A,CLIENTE_BANCO,0,Medio ,111%,0,247,689,0,0,0,0,0,0,33,Hipoteca,Posgrado
2.01408E+16,7529,Pendiente,CN0,Aprobado,REGULAR,1,9.98345E+14,2,1,,16130,RECIBOS DE NOMINA,Medio B,NO_CLIENTE,0,Bajo,91%,0,247,700,0,0,0,0,0,0,33,Hipoteca,Licenciatura
2.01408E+16,889,Aprobada,CN0,Aprobado,BUENO,39999,9.98345E+14,2,"30,799",23%,22980,PROPIEDAD ACTIVO FIJO,Medio B,NO_CLIENTE,0,Bajo,77%,0,247,723,0,0,0,0,0,0,38,Hipoteca,Licenciatura
2.01408E+16,197,Aprobada,CN0,Aprobado,BUENO,10000,9.98345E+14,1,"8,400",16%,12084,RECIBOS DE NOMINA,Medio B,CLIENTE_BANCO,11700,Bajo,84%,0,247,736,0,0,0,0,0,0,48,Hipoteca,Posgrado
2.01408E+16,997,Aprobada,CN0,Aprobado,BUENO,4999,9.98345E+14,2,"3,049",39%,21036,PROPIEDAD ACTIVO FIJO,Alto C,CLIENTE_BANCO,0,Bajo,61%,0,247,739,0,0,0,0,0,0,43,Hipoteca,Posgrado
2.01408E+16,730,Aprobada,CN0,Aprobado,BUENO,1999,9.98345E+14,2,"1,199",40%,9495,RECIBOS DE NOMINA,Alto A,CLIENTE_BANCO,0,Bajo,60%,0,247,740,0,0,0,0,0,0,41,Hipoteca,Licenciatura
2.01408E+16,329,Aprobada,CN0,Aprobado,BUENO,27000,9.98345E+14,2,"15,390",43%,15015,RECIBOS DE NOMINA,Alto C,CLIENTE_BANCO,1,Bajo,57%,0,247,743,0,0,0,0,0,0,59,Hipoteca,Posgrado
2.01408E+16,4976,Aprobada,CN0,Aprobado,REGULAR,49999,9.98345E+14,0,"20,000",60%,37562,PROPIEDAD ACTIVO FIJO,Medio A,CLIENTE_BANCO,99000,Bajo,40%,0,247,744,1,30564,1240,0,0,0,38,Hipoteca,Preparatoria
2.01408E+16,9750,Aprobada,CN0,Aprobado,REGULAR,71000,9.98345E+14,0,"19,880",72%,25983,RECIBOS DE NOMINA,Medio A,CLIENTE_BANCO,129000,Bajo,28%,0,247,744,1,1673,340,0,5731,0,46,Renta,Preparatoria
2.01408E+16,5184,Aprobada,CN0,Aprobado,REGULAR,39999,9.98345E+14,1,"9,600",76%,7137,PROPIEDAD ACTIVO FIJO,Medio A,CLIENTE_BANCO,45000,Bajo,24%,0,247,746,0,4681,0,0,0,0,52,Renta,Preparatoria
2.01408E+16,8213,Aprobada,CN0,Aprobado,REGULAR,18299,9.98345E+14,0,"4,758",74%,6053,RECIBOS DE NOMINA,Medio A,CLIENTE_BANCO,23500,Bajo,26%,0,247,750,0,525,0,0,0,0,43,Renta,Posgrado
2.01408E+16,8179,Aprobada,CN0,Aprobado,REGULAR,49999,9.98345E+14,1,"16,500",67%,47716,PROPIEDAD ACTIVO FIJO,Medio A,CLIENTE_BANCO,0,Mínimo,33%,0,247,787,0,0,0,0,0,0,45,Familiares,Posgrado
2.01408E+16,478,Aprobada,CN0,Aprobado,REGULAR,4999,9.98345E+14,0,"1,050",79%,12795,RECIBOS DE NOMINA,Medio A,CLIENTE_BANCO,0,Mínimo,21%,0,247,789,0,0,0,0,0,0,54,Familiares,Secundaria
2.01407E+16,17,Aprobada,CN0,Aprobado,REGULAR,17500,9.98345E+14,0,"3,500",80%,9732,RECIBOS DE NOMINA,Alto A,CLIENTE_BANCO,0,Mínimo,20%,0,247,790,0,0,0,0,0,0,49,Familiares,Preparatoria
2.01408E+16,447,Aprobada,CN0,Aprobado,REGULAR,1999,9.98345E+14,0,320,84%,24915,CTA NOMINA DIGITAL,Medio A,CLIENTE_BANCO,0,Mínimo,16%,0,247,794,0,0,0,0,0,0,56,Renta,Preparatoria
2.01407E+16,11703,Aprobada,CN0,Aprobado,REGULAR,30000,9.98345E+14,3,"18,900",37%,20344,RECIBOS DE NOMINA,Medio B,NO_CLIENTE,18900,Alto,63%,0,248,578,3,0,0,0,0,0,50,Familiares,Posgrado
2.01408E+16,4268,Aprobada,CN0,Aprobado,REGULAR,9899,9.98345E+14,2,"11,483",-16%,28273,RECIBOS DE NOMINA,Alto A,CLIENTE_BANCO,0,Medio ,116%,0,248,684,0,0,0,0,0,0,37,Familiares,Posgrado
2.01408E+16,6578,Aprobada,CN0,Aprobado,BUENO,28999,9.98345E+14,0,"21,169",27%,21917,RECIBOS DE NOMINA,Medio A,CLIENTE_BANCO,5000,Bajo,73%,0,248,702,0,762,0,0,0,0,36,Propia,Licenciatura
2.01408E+16,7556,Aprobada,CN0,Aprobado,BUENO,9899,9.98345E+14,1,"5,345",46%,32898,PROPIEDAD ACTIVO FIJO,Medio A,CLIENTE_BANCO,102200,Bajo,54%,0,248,711,0,9611,0,0,129952,0,37,Familiares,Licenciatura
2.01407E+16,22005,Aprobada,CN0,Aprobado,BUENO,127000,9.98345E+14,1,"127,000",0%,23896,RECIBOS DE NOMINA,Medio B,NO_CLIENTE,0,Bajo,100%,0,248,720,0,0,0,0,0,0,51,Propia,Posgrado
2.01408E+16,4468,Aprobada,CN0,Aprobado,BUENO,73000,9.98345E+14,0,"30,660",58%,31501,RECIBOS DE NOMINA,Medio A,CLIENTE_BANCO,64600,Bajo,42%,0,248,723,1,13753,410,0,56792,0,49,Propia,Preparatoria
2.01408E+16,986,Aprobada,CN0,Aprobado,BUENO,24899,9.98345E+14,1,"20,417",18%,14975,PROPIEDAD ACTIVO FIJO,Medio A,CLIENTE_BANCO,75000,Bajo,82%,0,248,731,1,2112,864,0,0,0,41,Renta,Posgrado
2.01408E+16,4326,Aprobada,CN0,Aprobado,BUENO,9899,9.98345E+14,2,"5,048",49%,42090,PROPIEDAD ACTIVO FIJO,Medio A,CLIENTE_BANCO,20500,Bajo,51%,0,248,740,0,1260,0,0,0,0,28,Hipoteca,Preparatoria
2.01408E+16,285,Aprobada,CN0,Aprobado,REGULAR,9899,9.98345E+14,0,"2,079",79%,15315,PROPIEDAD ACTIVO FIJO,Medio A,CLIENTE_BANCO,17000,Bajo,21%,0,248,740,0,2407,0,0,0,0,34,Familiares,Secundaria
2.01408E+16,662,Aprobada,CN0,Aprobado,BUENO,68000,9.98345E+14,1,"64,600",5%,11090,RECIBOS DE NOMINA,Medio A,CLIENTE_BANCO,5000,Bajo,95%,0,248,740,0,2213,0,0,0,0,31,Propia,Preparatoria
2.01408E+16,4073,Aprobada,CN0,Aprobado,BUENO,9899,9.98345E+14,0,"6,038",39%,13819,PROPIEDAD ACTIVO FIJO,Alto A,CLIENTE_BANCO,17300,Bajo,61%,0,248,744,0,793,0,0,0,0,40,Renta,Preparatoria
2.01408E+16,4170,Aprobada,CN0,Aprobado,BUENO,49999,9.98345E+14,1,"37,499",25%,17650,RECIBOS DE NOMINA,Medio B,NO_CLIENTE,0,Bajo,75%,0,248,745,0,0,0,0,0,0,53,Renta,Posgrado
2.01408E+16,347,Aprobada,CN0,Aprobado,REGULAR,49999,9.98345E+14,0,"8,500",83%,32563,PROPIEDAD ACTIVO FIJO,Medio A,CLIENTE_BANCO,23200,Bajo,17%,0,248,746,1,2875,290,0,0,0,48,Familiares,Posgrado
2.01408E+16,136,Aprobada,CN0,Aprobado,BUENO,49999,9.98345E+14,2,"59,999",-20%,22676,PROPIEDAD ACTIVO FIJO,Medio A,CLIENTE_BANCO,93000,Bajo,120%,0,248,750,1,4656,1170,0,0,0,54,Renta,Preparatoria
2.01408E+16,343,Aprobada,CN0,Aprobado,BUENO,4999,9.98345E+14,0,"2,500",50%,55453,RECIBOS DE NOMINA,Medio A,CLIENTE_BANCO,0,Mínimo,50%,0,248,760,0,0,0,0,0,0,46,Familiares,Posgrado
2.01408E+16,4482,Aprobada,CN0,Aprobado,BUENO,49999,9.98345E+14,2,"42,999",14%,31291,PROPIEDAD ACTIVO FIJO,Alto A,CLIENTE_BANCO,43000,Mínimo,86%,0,248,762,1,765,382,0,0,0,34,Hipoteca,Posgrado
2.01408E+16,21,Aprobada,CN0,Aprobado,REGULAR,100000,9.98345E+14,1,"27,000",73%,17177,RECIBOS DE NOMINA,Alto A,CLIENTE_BANCO,0,Mínimo,27%,0,248,793,0,0,0,0,0,0,26,Familiares,Preparatoria
2.01408E+16,4384,Aprobada,CN0,Aprobado,REGULAR,9899,9.98345E+14,1,"1,980",80%,19171,PROPIEDAD ACTIVO FIJO,Alto A,CLIENTE_BANCO,9600,Mínimo,20%,0,248,800,0,0,0,0,7069,0,45,Renta,Licenciatura
2.01407E+16,949,Aprobada,CN0,Aprobado,BUENO,107000,9.98345E+14,1,"77,040",28%,6641,RECIBOS DE NOMINA,Alto A,CLIENTE_BANCO,15300,Bajo,72%,0,249,723,1,9801,250,0,0,0,32,Renta,Licenciatura
2.01408E+16,5996,Aprobada,CN0,Aprobado,BUENO,33999,9.98345E+14,0,"22,439",34%,12730,RECIBOS DE NOMINA,Medio A,CLIENTE_BANCO,6500,Bajo,66%,0,249,733,1,2211,600,0,0,0,34,Hipoteca,Posgrado
2.01408E+16,497,Aprobada,CN0,Aprobado,BUENO,9899,9.98345E+14,1,"4,257",57%,83663,PROPIEDAD ACTIVO FIJO,Medio A,CLIENTE_BANCO,23000,Bajo,43%,0,249,744,1,11706,290,0,0,0,26,Familiares,Preparatoria
2.01408E+16,253,Aprobada,CN0,Aprobado,BUENO,39999,9.98345E+14,1,"28,399",29%,13031,RECIBOS DE NOMINA,Alto B,CLIENTE_BANCO,0,Bajo,71%,0,249,749,0,0,0,0,0,0,43,Propia,Preparatoria
2.01408E+16,112,Aprobada,CN0,Aprobado,BUENO,49999,9.98345E+14,0,"20,500",59%,40373,PROPIEDAD ACTIVO FIJO,Alto A,CLIENTE_BANCO,32000,Mínimo,41%,0,249,751,1,11852,400,0,0,0,51,Propia,Preparatoria
2.01408E+16,482,Aprobada,CN0,Aprobado,BUENO,49999,9.98345E+14,0,"39,499",21%,33737,PROPIEDAD ACTIVO FIJO,Medio A,CLIENTE_BANCO,39300,Mínimo,79%,0,249,757,1,5327,500,0,0,0,49,Propia,Posgrado
2.01408E+16,223,Aprobada,CN0,Aprobado,REGULAR,2999,9.98345E+14,3,"3,419",-14%,29329,RECIBOS DE NOMINA,Alto B,CLIENTE_BANCO,2999,Alto,114%,0,250,530,3,4235,0,0,0,0,38,Familiares,Preparatoria
2.01408E+16,141,Aprobada,CN0,Aprobado,REGULAR,61000,9.98345E+14,3,"73,200",-20%,33079,RECIBOS DE NOMINA,Medio B,NO_CLIENTE,61000,Alto,120%,0,250,583,3,5323,0,0,0,0,58,Familiares,Posgrado
2.01407E+16,4393,Aprobada,CN0,Aprobado,REGULAR,10600,9.98345E+14,2,"11,236",-6%,10592,RECIBOS DE NOMINA,Alto C,NO_CLIENTE,0,Medio ,106%,0,250,694,0,0,0,0,0,0,42,Hipoteca,Posgrado
2.01408E+16,662,Aprobada,CN0,Aprobado,REGULAR,24600,9.98345E+14,2,"25,830",-5%,13691,RECIBOS DE NOMINA,Alto C,CLIENTE_BANCO,0,Medio ,105%,0,250,695,0,0,0,0,0,0,25,Familiares,Preparatoria
2.01408E+16,997,Aprobada,CN0,Aprobado,BUENO,86000,9.98345E+14,0,"59,340",31%,64546,RECIBOS DE NOMINA,Medio A,CLIENTE_BANCO,97300,Bajo,69%,0,250,727,0,42648,0,0,61955,0,56,Renta,Licenciatura
2.01408E+16,92,Aprobada,CN0,Aprobado,REGULAR,9899,9.98345E+14,1,"2,079",79%,41049,PROPIEDAD ACTIVO FIJO,Medio A,CLIENTE_BANCO,20900,Bajo,21%,0,250,734,0,0,0,0,0,0,28,Renta,Preparatoria
2.01408E+16,7131,Aprobada,CN0,Aprobado,BUENO,49999,9.98345E+14,1,"46,499",7%,31795,PROPIEDAD ACTIVO FIJO,Medio A,CLIENTE_BANCO,25000,Bajo,93%,0,250,740,1,5069,380,0,0,0,58,Renta,Preparatoria
2.01408E+16,396,Aprobada,CN0,Aprobado,REGULAR,49999,9.98345E+14,1,"19,000",62%,57936,RECIBOS DE NOMINA,Medio A,CLIENTE_BANCO,154000,Bajo,38%,0,250,741,1,2341,1188,0,92015,0,59,Propia,Posgrado
2.01408E+16,972,Aprobada,CN0,Aprobado,BUENO,91000,9.98345E+14,2,"95,550",-5%,39212,RECIBOS DE NOMINA,Medio A,CLIENTE_BANCO,60000,Bajo,105%,0,250,744,1,25555,593,0,17595,0,44,Hipoteca,Posgrado
2.01408E+16,290,Aprobada,CN0,Aprobado,REGULAR,49999,9.98345E+14,0,"7,500",85%,59634,RECIBOS DE NOMINA,Medio A,CLIENTE_BANCO,48000,Bajo,15%,0,250,750,0,7061,0,0,0,0,27,Hipoteca,Posgrado
2.01408E+16,9193,Aprobada,CN0,Aprobado,REGULAR,40999,9.98345E+14,0,"9,020",78%,35956,PROPIEDAD ACTIVO FIJO,Medio A,CLIENTE_BANCO,84500,Bajo,22%,0,250,750,1,19078,1060,0,0,0,44,Hipoteca,Preparatoria
2.01408E+16,4878,Aprobada,CN0,Aprobado,BUENO,30000,9.98345E+14,1,"17,400",42%,13393,RECIBOS DE NOMINA,Alto A,NO_CLIENTE,0,Mínimo,58%,0,250,762,0,0,0,0,0,0,37,Propia,Posgrado
2.01407E+16,14065,Aprobada,CN0,Aprobado,REGULAR,28999,9.98345E+14,0,"7,540",74%,11480,PROPIEDAD ACTIVO FIJO,Medio A,NO_CLIENTE,0,Mínimo,26%,0,250,784,0,0,0,0,0,0,44,Propia,Licenciatura
2.01408E+16,4200,Aprobada,CN0,Aprobado,BUENO,34999,9.98345E+14,1,"36,049",-3%,62773,PROPIEDAD ACTIVO FIJO,Medio A,CLIENTE_BANCO,263000,Bajo,103%,0,251,723,1,112491,4580,0,6218,1,33,Familiares,Preparatoria
2.01408E+16,549,Aprobada,CN0,Aprobado,BUENO,45000,9.98345E+14,2,"34,200",24%,17274,RECIBOS DE NOMINA,Alto C,CLIENTE_BANCO,0,Bajo,76%,0,251,724,0,0,0,0,0,0,56,Renta,Preparatoria
2.01408E+16,223,Aprobada,CN0,Aprobado,REGULAR,49999,9.98345E+14,0,"18,000",64%,114900,PROPIEDAD ACTIVO FIJO,Medio A,CLIENTE_BANCO,50000,Bajo,36%,0,251,740,1,3662,630,0,32047,0,54,Propia,Preparatoria
2.01408E+16,4144,Aprobada,CN0,Aprobado,BUENO,318000,9.98345E+14,1,"365,700",-15%,32366,RECIBOS DE NOMINA,Medio A,CLIENTE_BANCO,240000,Bajo,115%,0,251,740,1,31269,790,0,0,0,27,Familiares,Licenciatura
2.01408E+16,961,Aprobada,CN0,Aprobado,REGULAR,49999,9.98345E+14,1,"17,500",65%,37176,RECIBOS DE NOMINA,Alto A,CLIENTE_BANCO,207000,Bajo,35%,0,251,744,1,52719,2590,0,0,0,28,Hipoteca,Licenciatura
2.01408E+16,400,Aprobada,CN0,Aprobado,BUENO,10399,9.98345E+14,0,"4,368",58%,5145,PROPIEDAD ACTIVO FIJO,Medio A,CLIENTE_BANCO,14000,Mínimo,42%,0,251,767,0,553,0,0,0,0,58,Hipoteca,Posgrado
2.01408E+16,480,Aprobada,CN0,Aprobado,REGULAR,9899,9.98345E+14,0,"2,772",72%,15246,PROPIEDAD ACTIVO FIJO,Alto B,CLIENTE_BANCO,10500,Mínimo,28%,0,251,779,0,105,0,0,0,0,51,Hipoteca,Preparatoria
2.01408E+16,4315,Aprobada,CN0,Aprobado,REGULAR,9899,9.98345E+14,2,"9,008",9%,13029,PROPIEDAD ACTIVO FIJO,Medio A,CLIENTE_BANCO,37000,Medio ,91%,0,252,694,0,27309,0,0,0,0,41,Hipoteca,Preparatoria
2.01408E+16,4436,Aprobada,CN0,Aprobado,BUENO,18300,9.98345E+14,2,"18,117",1%,24966,RECIBOS DE NOMINA,Alto B,CLIENTE_BANCO,0,Bajo,99%,0,252,701,0,0,0,0,0,0,52,Familiares,Licenciatura
2.01408E+16,771,Aprobada,CN0,Aprobado,BUENO,1999,9.98345E+14,2,"1,939",3%,23672,RECIBOS DE NOMINA,Alto C,CLIENTE_BANCO,0,Bajo,97%,0,252,703,0,0,0,0,0,0,30,Renta,Posgrado
2.01407E+16,205,Aprobada,CN0,Aprobado,BUENO,26000,9.98345E+14,1,"29,640",-14%,15548,RECIBOS DE NOMINA,Medio B,NO_CLIENTE,0,Bajo,114%,0,252,706,0,0,0,0,0,0,41,Familiares,Licenciatura
2.01408E+16,604,Aprobada,CN0,Aprobado,BUENO,9899,9.98345E+14,0,"8,513",14%,160580,RECIBOS DE NOMINA,Alto B,CLIENTE_BANCO,0,Bajo,86%,0,252,724,0,0,0,0,331589,0,29,Familiares,Licenciatura
2.01408E+16,775,Aprobada,CN0,Aprobado,REGULAR,26999,9.98345E+14,0,"7,830",71%,26991,PROPIEDAD ACTIVO FIJO,Medio A,CLIENTE_BANCO,18500,Bajo,29%,0,252,727,1,8450,400,0,0,0,38,Renta,Preparatoria
2.01408E+16,749,Aprobada,CN0,Aprobado,BUENO,17000,9.98345E+14,1,"15,640",8%,24262,RECIBOS DE NOMINA,Alto C,CLIENTE_BANCO,0,Bajo,92%,0,252,728,0,0,0,0,0,0,35,Hipoteca,Preparatoria
2.01408E+16,8181,Aprobada,CN0,Aprobado,BUENO,102000,9.98345E+14,2,"114,240",-12%,5120,RECIBOS DE NOMINA,Medio A,CLIENTE_BANCO,146000,Bajo,112%,0,252,740,1,5706,1200,0,0,0,42,Familiares,Licenciatura
2.01408E+16,261,Aprobada,CN0,Aprobado,BUENO,42000,9.98345E+14,1,"47,880",-14%,14191,RECIBOS DE NOMINA,Medio A,CLIENTE_BANCO,48000,Bajo,114%,0,252,740,1,15267,600,0,0,0,41,Familiares,Preparatoria
2.01408E+16,487,Aprobada,CN0,Aprobado,BUENO,9899,9.98345E+14,1,"6,632",33%,38664,RECIBOS DE NOMINA,Medio A,CLIENTE_BANCO,0,Mínimo,67%,0,252,753,0,0,0,0,0,0,25,Renta,Posgrado
2.01408E+16,111,Aprobada,CN0,Aprobado,BUENO,9899,9.98345E+14,1,"6,038",39%,37108,PROPIEDAD ACTIVO FIJO,Alto A,CLIENTE_BANCO,0,Mínimo,61%,0,252,759,0,0,0,0,0,0,41,Propia,Preparatoria
2.01408E+16,479,Aprobada,CN0,Aprobado,BUENO,77000,9.98345E+14,0,"31,570",59%,16074,RECIBOS DE NOMINA,Medio A,CLIENTE_BANCO,0,Mínimo,41%,0,252,769,0,0,0,0,64142,0,56,Hipoteca,Posgrado
2.01408E+16,4552,Aprobada,CN0,Aprobado,REGULAR,21600,9.98345E+14,1,"8,424",61%,14291,RECIBOS DE NOMINA,Alto B,CLIENTE_BANCO,0,Mínimo,39%,0,252,781,0,0,0,0,0,0,32,Familiares,Preparatoria
2.01408E+16,4774,Aprobada,CN0,Aprobado,REGULAR,143000,9.98345E+14,3,"168,740",-18%,20976,RECIBOS DE NOMINA,Alto A,CLIENTE_BANCO,75000,Alto,118%,0,253,603,3,7775,940,0,0,0,46,Familiares,Licenciatura
2.01408E+16,435,Aprobada,CN0,Aprobado,REGULAR,49999,9.98345E+14,2,"55,499",-11%,19080,PROPIEDAD ACTIVO FIJO,Medio B,NO_CLIENTE,0,Medio ,111%,0,253,689,0,0,0,0,0,0,38,Hipoteca,Preparatoria
2.01408E+16,561,Aprobada,CN0,Aprobado,BUENO,29000,9.98345E+14,0,"30,740",-6%,21865,RECIBOS DE NOMINA,Medio A,CLIENTE_BANCO,7500,Bajo,106%,0,253,740,1,761,250,0,80851,0,60,Renta,Posgrado
2.01408E+16,4302,Aprobada,CN0,Aprobado,REGULAR,56000,9.98345E+14,0,"9,520",83%,20110,RECIBOS DE NOMINA,Medio A,CLIENTE_BANCO,61000,Mínimo,17%,0,253,753,0,0,0,0,0,0,31,Familiares,Licenciatura
2.01408E+16,322,Aprobada,CN0,Aprobado,BUENO,39999,9.98345E+14,0,"39,999",0%,26106,PROPIEDAD ACTIVO FIJO,Medio B,CLIENTE_BANCO,28000,Mínimo,100%,0,253,754,0,2710,0,0,15878,0,31,Hipoteca,Preparatoria
2.01408E+16,4634,Aprobada,CN0,Aprobado,BUENO,39999,9.98345E+14,1,"23,999",40%,18392,RECIBOS DE NOMINA,Medio A,CLIENTE_BANCO,0,Mínimo,60%,0,253,760,0,0,0,0,0,0,57,Familiares,Licenciatura
2.01408E+16,4862,Aprobada,CN0,Aprobado,BUENO,131000,9.98345E+14,1,"111,350",15%,17127,RECIBOS DE NOMINA,Alto B,CLIENTE_BANCO,37500,Mínimo,85%,0,253,772,1,4486,122,0,0,0,44,Hipoteca,Licenciatura
2.01408E+16,4173,Aprobada,CN0,Aprobado,BUENO,21899,9.98345E+14,1,"9,198",58%,18459,RECIBOS DE NOMINA,Alto B,NO_CLIENTE,0,Mínimo,42%,0,253,778,0,0,0,0,0,0,48,Hipoteca,Posgrado
2.01408E+16,584,Aprobada,CN0,Aprobado,BUENO,256000,9.98345E+14,1,"204,800",20%,37052,PROPIEDAD ACTIVO FIJO,Alto A,CLIENTE_BANCO,50000,Bajo,80%,0,254,724,0,1869,0,0,0,0,37,Hipoteca,Licenciatura
2.01408E+16,4411,Aprobada,CN0,Aprobado,BUENO,49999,9.98345E+14,2,"31,999",36%,21814,PROPIEDAD ACTIVO FIJO,Medio A,CLIENTE_BANCO,75000,Bajo,64%,0,254,734,0,0,0,0,0,0,52,Renta,Posgrado
2.01406E+16,465,Aprobada,CN0,Aprobado,BUENO,28000,9.98345E+14,1,"23,800",15%,18471,PROPIEDAD ACTIVO FIJO,Alto C,CLIENTE_BANCO,0,Bajo,85%,0,254,740,1,11366,1577,0,37342,0,31,Hipoteca,Posgrado
2.01408E+16,4864,Aprobada,CN0,Aprobado,BUENO,64000,9.98345E+14,1,"58,240",9%,45802,RECIBOS DE NOMINA,Medio A,CLIENTE_BANCO,298500,Bajo,91%,0,254,744,1,591,591,0,96056,0,51,Familiares,Preparatoria
2.01408E+16,6616,Aprobada,CN0,Aprobado,BUENO,87000,9.98345E+14,0,"75,690",13%,32526,RECIBOS DE NOMINA,Medio A,CLIENTE_BANCO,31000,Bajo,87%,0,254,750,1,909,390,0,0,0,27,Familiares,Preparatoria
2.01408E+16,4766,Aprobada,CN0,Aprobado,BUENO,33999,9.98345E+14,0,"19,379",43%,17242,PAGOS PROV SEMESTRALES PF,Medio A,NO_CLIENTE,0,Mínimo,57%,0,254,753,0,0,0,0,0,0,48,Renta,Licenciatura
2.01407E+16,11718,Aprobada,CN0,Aprobado,BUENO,28000,9.98345E+14,0,"14,000",50%,17978,PROPIEDAD ACTIVO FIJO,Alto A,NO_CLIENTE,0,Mínimo,50%,0,254,760,0,0,0,0,0,0,53,Hipoteca,Posgrado
2.01407E+16,14030,Aprobada,CN0,Aprobado,REGULAR,18400,9.98345E+14,1,"4,968",73%,7242,RECIBOS DE NOMINA,Medio A,NO_CLIENTE,0,Mínimo,27%,0,254,793,0,0,0,0,0,0,45,Renta,Licenciatura
2.01408E+16,650,Aprobada,CN0,Aprobado,BUENO,2999,9.98345E+14,1,"3,239",-8%,21305,PAGOS PROV SEMESTRALES PF,Medio A,CLIENTE_BANCO,34000,Bajo,108%,0,255,733,1,754,372,0,0,0,29,Familiares,Licenciatura
2.01408E+16,261,Aprobada,CN0,Aprobado,BUENO,17700,9.98345E+14,2,"15,576",12%,8983,RECIBOS DE NOMINA,Medio A,CLIENTE_BANCO,16200,Bajo,88%,0,255,740,1,6052,250,0,0,0,38,Propia,Preparatoria
2.01408E+16,4602,Aprobada,CN0,Aprobado,REGULAR,9899,9.98345E+14,0,"3,465",65%,14685,RECIBOS DE NOMINA,Medio A,CLIENTE_BANCO,0,Mínimo,35%,0,255,775,0,0,0,0,0,0,33,Familiares,Licenciatura
2.01408E+16,303,Aprobada,CN0,Aprobado,REGULAR,49999,9.98345E+14,0,"15,500",69%,73699,PROPIEDAD ACTIVO FIJO,Alto B,CLIENTE_BANCO,50000,Mínimo,31%,0,255,779,0,0,0,0,107673,0,40,Propia,Preparatoria
2.01408E+16,290,Aprobada,CN0,Aprobado,REGULAR,49999,9.98345E+14,1,"16,500",67%,37631,PROPIEDAD ACTIVO FIJO,Alto A,CLIENTE_BANCO,69000,Mínimo,33%,0,255,787,0,0,0,0,0,0,34,Hipoteca,Preparatoria
2.01407E+16,14062,Aprobada,CN0,Aprobado,REGULAR,21000,9.98345E+14,3,"23,940",-14%,7643,RECIBOS DE NOMINA,Medio B,NO_CLIENTE,21000,Alto,114%,0,256,602,3,0,0,0,0,0,38,Renta,Licenciatura
2.01408E+16,4314,Aprobada,CN0,Aprobado,BUENO,50000,9.98345E+14,2,"38,000",24%,26208,RECIBOS DE NOMINA,Medio A,CLIENTE_BANCO,27500,Bajo,76%,0,256,716,1,11366,830,0,9041,0,43,Hipoteca,Posgrado
2.01408E+16,4977,Aprobada,CN0,Aprobado,BUENO,49999,9.98345E+14,1,"53,499",-7%,24843,INVERSIONES,Medio A,CLIENTE_BANCO,14300,Bajo,107%,0,256,723,1,9194,550,0,6119,0,50,Hipoteca,Posgrado
2.01408E+16,36,Aprobada,CN0,Aprobado,BUENO,1999,9.98345E+14,1,"1,759",12%,11414,RECIBOS DE NOMINA,Alto A,CLIENTE_BANCO,0,Bajo,88%,0,256,732,0,0,0,0,0,0,43,Hipoteca,Licenciatura
2.01408E+16,4148,Aprobada,CN0,Aprobado,REGULAR,38000,9.98345E+14,1,"7,220",81%,27338,RECIBOS DE NOMINA,Medio A,CLIENTE_BANCO,171000,Bajo,19%,0,256,733,1,59475,1420,0,0,0,37,Propia,Posgrado
2.01408E+16,7123,Aprobada,CN0,Aprobado,BUENO,39999,9.98345E+14,1,"28,399",29%,26633,PROPIEDAD ACTIVO FIJO,Medio A,CLIENTE_BANCO,54018,Bajo,71%,0,256,740,0,4470,0,0,0,0,59,Propia,Posgrado
2.01407E+16,14052,Aprobada,CN0,Aprobado,BUENO,32000,9.98345E+14,1,"24,960",22%,23290,PROPIEDAD ACTIVO FIJO,Alto A,CLIENTE_BANCO,0,Bajo,78%,0,256,742,0,0,0,0,0,0,53,Hipoteca,Posgrado
2.01408E+16,4073,Aprobada,CN0,Aprobado,BUENO,49999,9.98345E+14,0,"38,999",22%,25122,PROPIEDAD ACTIVO FIJO,Medio A,CLIENTE_BANCO,89000,Bajo,78%,0,256,744,1,1385,926,0,0,0,55,Familiares,Preparatoria
2.01408E+16,4260,Aprobada,CN0,Aprobado,BUENO,49999,9.98345E+14,0,"21,000",58%,33083,PROPIEDAD ACTIVO FIJO,Medio A,CLIENTE_BANCO,142500,Bajo,42%,0,256,750,0,10137,0,0,0,0,43,Hipoteca,Licenciatura
2.01408E+16,861,Aprobada,CN0,Aprobado,REGULAR,63000,9.98345E+14,0,"23,940",62%,54315,RECIBOS DE NOMINA,Medio A,CLIENTE_BANCO,75000,Mínimo,38%,0,256,756,1,0,0,0,0,0,46,Hipoteca,Licenciatura
2.01408E+16,131,Aprobada,CN0,Aprobado,REGULAR,49999,9.98345E+14,0,"20,000",60%,18820,INVERSIONES,Medio A,CLIENTE_BANCO,0,Mínimo,40%,0,256,770,0,0,0,0,0,0,52,Propia,Licenciatura
2.01408E+16,913,Aprobada,CN0,Aprobado,BUENO,9899,9.98345E+14,0,"7,424",25%,36677,PROPIEDAD ACTIVO FIJO,Alto A,CLIENTE_BANCO,33500,Mínimo,75%,0,256,772,0,567,0,0,0,0,35,Renta,Posgrado
2.01408E+16,4432,Aprobada,CN0,Aprobado,BUENO,71000,9.98345E+14,0,"30,530",57%,35663,RECIBOS DE NOMINA,Medio A,CLIENTE_BANCO,5000,Mínimo,43%,0,256,772,0,0,0,0,0,0,59,Renta,Posgrado
2.01408E+16,8196,Aprobada,CN0,Aprobado,BUENO,24700,9.98345E+14,1,"11,115",55%,13732,RECIBOS DE NOMINA,Alto A,CLIENTE_BANCO,0,Mínimo,45%,0,256,775,0,0,0,0,0,0,41,Propia,Posgrado
2.01407E+16,4577,Aprobada,CN0,Aprobado,REGULAR,19500,9.98345E+14,0,"5,070",74%,10841,RECIBOS DE NOMINA,Alto B,CLIENTE_BANCO,0,Mínimo,26%,0,256,784,0,0,0,0,0,0,35,Hipoteca,Posgrado
2.01408E+16,289,Aprobada,CN0,Aprobado,REGULAR,11500,9.98345E+14,1,"3,335",71%,6396,RECIBOS DE NOMINA,Medio A,CLIENTE_BANCO,0,Mínimo,29%,0,256,791,0,0,0,0,0,0,57,Hipoteca,Preparatoria
2.01408E+16,100,Aprobada,CN0,Aprobado,BUENO,40999,9.98345E+14,1,"43,049",-5%,12186,RECIBOS DE NOMINA,Alto B,CLIENTE_BANCO,73500,Bajo,105%,0,257,715,0,0,0,0,0,0,51,Propia,Preparatoria
2.01408E+16,7128,Aprobada,CN0,Aprobado,REGULAR,9899,9.98345E+14,0,"1,584",84%,25004,PROPIEDAD ACTIVO FIJO,Medio A,CLIENTE_BANCO,20000,Bajo,16%,0,257,727,0,751,0,0,0,0,57,Propia,Licenciatura
2.01408E+16,7557,Aprobada,CN0,Aprobado,BUENO,49999,9.98345E+14,0,"24,000",52%,24400,RECIBOS DE NOMINA,Alto B,CLIENTE_BANCO,0,Mínimo,48%,0,257,762,0,0,0,0,0,0,39,Renta,Posgrado
2.01407E+16,9750,Aprobada,CN0,Aprobado,REGULAR,10500,9.98345E+14,0,"2,940",72%,10471,RECIBOS DE NOMINA,Alto A,CLIENTE_BANCO,0,Mínimo,28%,0,257,782,0,0,0,0,0,0,55,Renta,Licenciatura
2.01407E+16,13010,Aprobada,CN0,Aprobado,REGULAR,9900,9.98345E+14,0,"2,673",73%,10103,RECIBOS DE NOMINA,Alto B,CLIENTE_BANCO,0,Mínimo,27%,0,257,783,0,0,0,0,0,0,60,Hipoteca,Preparatoria
2.01408E+16,173,Aprobada,CN0,Aprobado,REGULAR,9899,9.98345E+14,1,"1,485",85%,13617,RECIBOS DE NOMINA,Alto B,CLIENTE_BANCO,13000,Mínimo,15%,0,257,805,0,0,0,0,0,0,30,Hipoteca,Licenciatura
2.01408E+16,885,Aprobada,CN0,Aprobado,BUENO,49999,9.98345E+14,2,"35,999",28%,20617,PROPIEDAD ACTIVO FIJO,Medio A,CLIENTE_BANCO,84000,Bajo,72%,0,258,706,1,3565,1050,0,0,0,41,Familiares,Licenciatura
2.01408E+16,913,Aprobada,CN0,Aprobado,BUENO,49999,9.98345E+14,2,"56,999",-14%,42002,RECIBOS DE NOMINA,Medio A,CLIENTE_BANCO,12000,Bajo,114%,0,258,727,1,5098,300,0,103416,0,29,Propia,Posgrado
2.01408E+16,290,Aprobada,CN0,Aprobado,BUENO,9899,9.98345E+14,0,"7,919",20%,32633,PROPIEDAD ACTIVO FIJO,Medio A,CLIENTE_BANCO,54000,Bajo,80%,0,258,737,1,2858,680,0,0,0,50,Propia,Preparatoria
2.01408E+16,8213,Aprobada,CN0,Aprobado,BUENO,49999,9.98345E+14,2,"38,999",22%,26892,RECIBOS DE NOMINA,Alto A,CLIENTE_BANCO,68000,Mínimo,78%,0,258,756,0,0,0,0,0,0,40,Renta,Posgrado
2.01408E+16,9436,Aprobada,CN0,Aprobado,BUENO,31999,9.98345E+14,0,"23,999",25%,11507,RECIBOS DE NOMINA,Medio A,CLIENTE_BANCO,6000,Mínimo,75%,0,258,757,1,1135,250,0,0,0,52,Renta,Posgrado
2.01408E+16,653,Aprobada,CN0,Aprobado,BUENO,49999,9.98345E+14,1,"25,999",48%,22837,PROPIEDAD ACTIVO FIJO,Medio B,CLIENTE_BANCO,0,Mínimo,52%,0,258,768,0,0,0,0,0,0,34,Hipoteca,Posgrado
2.01408E+16,8176,Aprobada,CN0,Aprobado,REGULAR,1999,9.98345E+14,2,"2,199",-10%,9251,RECIBOS DE NOMINA,Alto A,CLIENTE_BANCO,0,Medio ,110%,0,259,690,0,0,0,0,64070,0,42,Hipoteca,Preparatoria
2.01408E+16,995,Aprobada,CN0,Aprobado,BUENO,49999,9.98345E+14,2,"55,999",-12%,63598,PROPIEDAD ACTIVO FIJO,Medio A,CLIENTE_BANCO,6800,Bajo,112%,0,259,736,0,0,0,0,0,0,40,Hipoteca,Licenciatura
2.01408E+16,112,Aprobada,CN0,Aprobado,BUENO,9899,9.98345E+14,1,"6,533",34%,42055,PROPIEDAD ACTIVO FIJO,Medio A,CLIENTE_BANCO,62000,Bajo,66%,0,259,744,1,9074,2410,0,27057,0,44,Hipoteca,Preparatoria
2.01408E+16,284,Aprobada,CN0,Aprobado,REGULAR,49999,9.98345E+14,0,"18,500",63%,42581,PROPIEDAD ACTIVO FIJO,Medio A,CLIENTE_BANCO,12000,Bajo,37%,0,259,750,1,3527,250,0,15691,0,28,Familiares,Licenciatura
2.01408E+16,602,Aprobada,CN0,Aprobado,BUENO,49999,9.98345E+14,1,"34,999",30%,66784,PROPIEDAD ACTIVO FIJO,Medio A,CLIENTE_BANCO,17000,Mínimo,70%,0,259,757,0,0,0,0,0,0,30,Propia,Licenciatura
2.01408E+16,147,Aprobada,CN0,Aprobado,BUENO,49999,9.98345E+14,1,"55,999",-12%,19662,PROPIEDAD ACTIVO FIJO,Alto B,CLIENTE_BANCO,0,Bajo,112%,0,260,708,0,0,0,0,0,0,60,Propia,Posgrado
2.01408E+16,4482,Aprobada,CN0,Aprobado,BUENO,15400,9.98345E+14,2,"12,628",18%,11408,RECIBOS DE NOMINA,Alto B,CLIENTE_BANCO,0,Bajo,82%,0,260,718,0,0,0,0,0,0,48,Familiares,Posgrado
2.01408E+16,253,Aprobada,CN0,Aprobado,BUENO,4999,9.98345E+14,1,"4,149",17%,20242,PAGOS PROV SEMESTRALES PF,Alto A,CLIENTE_BANCO,0,Bajo,83%,0,260,737,0,0,0,0,0,0,39,Propia,Licenciatura
2.01408E+16,4595,Aprobada,CN0,Aprobado,REGULAR,45999,9.98345E+14,1,"9,200",80%,17982,PROPIEDAD ACTIVO FIJO,Medio A,CLIENTE_BANCO,4002,Bajo,20%,0,260,740,1,162,162,0,0,0,48,Hipoteca,Preparatoria
2.01408E+16,390,Aprobada,CN0,Aprobado,BUENO,49999,9.98345E+14,1,"42,499",15%,34312,PROPIEDAD ACTIVO FIJO,Medio A,CLIENTE_BANCO,9600,Bajo,85%,0,260,744,0,689,0,0,0,0,46,Hipoteca,Licenciatura
2.01407E+16,12119,Aprobada,CN0,Aprobado,BUENO,231000,9.98345E+14,2,"189,420",18%,45412,PROPIEDAD ACTIVO FIJO,Alto A,CLIENTE_BANCO,0,Mínimo,82%,0,260,760,0,0,0,0,0,0,34,Hipoteca,Posgrado
2.01408E+16,928,Aprobada,CN0,Aprobado,REGULAR,4999,9.98345E+14,0,750,85%,11293,RECIBOS DE NOMINA,Alto B,CLIENTE_BANCO,0,Mínimo,15%,0,260,795,0,0,0,0,0,0,34,Hipoteca,Preparatoria
2.01408E+16,5983,Aprobada,CN0,Aprobado,REGULAR,12600,9.98345E+14,0,"6,174",51%,17993,RECIBOS DE NOMINA,Medio A,CLIENTE_BANCO,7000,Medio ,49%,0,261,699,0,4237,0,0,0,0,58,Renta,Posgrado
2.01408E+16,4593,Aprobada,CN0,Aprobado,BUENO,4999,9.98345E+14,1,"5,899",-18%,43792,RECIBOS DE NOMINA,Alto C,CLIENTE_BANCO,0,Bajo,118%,0,261,702,0,0,0,0,0,0,27,Propia,Licenciatura
2.01408E+16,4779,Aprobada,CN0,Aprobado,BUENO,45000,9.98345E+14,2,"29,700",34%,9511,RECIBOS DE NOMINA,Alto C,CLIENTE_BANCO,0,Bajo,66%,0,261,734,0,0,0,0,0,0,60,Familiares,Preparatoria
2.01408E+16,317,Aprobada,CN0,Aprobado,BUENO,1999,9.98345E+14,0,"1,359",32%,10410,RECIBOS DE NOMINA,Medio B,NO_CLIENTE,0,Bajo,68%,0,261,742,0,0,0,0,0,0,57,Propia,Posgrado
2.01408E+16,4173,Aprobada,CN0,Aprobado,BUENO,49999,9.98345E+14,2,"49,999",0%,16071,PROPIEDAD ACTIVO FIJO,Medio A,CLIENTE_BANCO,82500,Bajo,100%,0,261,750,1,3940,1040,0,0,0,56,Propia,Preparatoria
2.01408E+16,4384,Aprobada,CN0,Aprobado,BUENO,50000,9.98345E+14,1,"29,500",41%,10108,RECIBOS DE NOMINA,Alto B,CLIENTE_BANCO,0,Mínimo,59%,0,261,761,0,0,0,0,0,0,60,Renta,Preparatoria
2.01408E+16,216,Aprobada,CN0,Aprobado,REGULAR,49999,9.98345E+14,1,"13,000",74%,17107,RECIBOS DE NOMINA,Medio B,NO_CLIENTE,0,Mínimo,26%,0,261,794,0,0,0,0,0,0,30,Propia,Preparatoria
2.01408E+16,7115,Aprobada,CN0,Aprobado,REGULAR,13900,9.98345E+14,1,"2,641",81%,7715,RECIBOS DE NOMINA,Medio A,CLIENTE_BANCO,0,Mínimo,19%,0,261,801,0,0,0,0,0,0,38,Familiares,Posgrado
2.01408E+16,462,Aprobada,CN0,Aprobado,REGULAR,1999,9.98345E+14,2,"1,999",0%,13892,RECIBOS DE NOMINA,Alto C,CLIENTE_BANCO,0,Bajo,100%,0,262,700,0,0,0,0,0,0,38,Renta,Posgrado
2.01408E+16,197,Aprobada,CN0,Aprobado,REGULAR,39999,9.98345E+14,0,"14,400",64%,23038,RECIBOS DE NOMINA,Medio A,CLIENTE_BANCO,20300,Bajo,36%,0,262,711,0,1192,0,0,0,0,41,Renta,Secundaria
2.01408E+16,7465,Aprobada,CN0,Aprobado,BUENO,49999,9.98345E+14,2,"43,999",12%,16860,PROPIEDAD ACTIVO FIJO,Medio A,CLIENTE_BANCO,15000,Bajo,88%,0,262,740,0,1382,0,0,0,0,33,Familiares,Preparatoria
2.01408E+16,6458,Aprobada,CN0,Aprobado,BUENO,49999,9.98345E+14,1,"23,500",53%,36396,RECIBOS DE NOMINA,Alto A,CLIENTE_BANCO,38000,Bajo,47%,0,262,750,0,26250,0,0,0,0,50,Familiares,Preparatoria
2.01408E+16,4073,Aprobada,CN0,Aprobado,REGULAR,1999,9.98345E+14,0,740,63%,15380,RECIBOS DE NOMINA,Alto A,CLIENTE_BANCO,0,Mínimo,37%,0,262,773,0,0,0,0,0,0,45,Familiares,Preparatoria
2.01408E+16,17,Aprobada,CN0,Aprobado,REGULAR,1999,9.98345E+14,0,300,85%,24675,RECIBOS DE NOMINA,Medio A,CLIENTE_BANCO,0,Mínimo,15%,0,262,795,0,0,0,0,0,0,58,Hipoteca,Licenciatura
2.01408E+16,262,Aprobada,CN0,Aprobado,BUENO,45000,9.98345E+14,1,"47,700",-6%,12515,RECIBOS DE NOMINA,Alto C,CLIENTE_BANCO,0,Bajo,106%,0,263,714,0,0,0,0,0,0,52,Familiares,Licenciatura
2.01408E+16,278,Aprobada,CN0,Aprobado,REGULAR,9899,9.98345E+14,0,"1,782",82%,171596,PROPIEDAD ACTIVO FIJO,Alto A,CLIENTE_BANCO,5000,Bajo,18%,0,263,720,1,763,250,0,0,0,34,Hipoteca,Licenciatura
2.01408E+16,4183,Aprobada,CN0,Aprobado,BUENO,39999,9.98345E+14,1,"30,799",23%,15829,PROPIEDAD ACTIVO FIJO,Alto A,CLIENTE_BANCO,10300,Bajo,77%,0,263,727,1,4994,260,0,47275,0,42,Renta,Preparatoria
2.01408E+16,4792,Aprobada,CN0,Aprobado,BUENO,16300,9.98345E+14,0,"13,040",20%,26655,RECIBOS DE NOMINA,Alto B,CLIENTE_BANCO,10500,Bajo,80%,0,263,730,0,0,0,0,82422,0,38,Familiares,Posgrado
2.01408E+16,4424,Aprobada,CN0,Aprobado,BUENO,19100,9.98345E+14,0,"8,595",55%,10605,RECIBOS DE NOMINA,Alto C,CLIENTE_BANCO,50000,Bajo,45%,0,263,737,1,3227,300,0,18357,0,41,Hipoteca,Posgrado
2.01408E+16,774,Aprobada,CN0,Aprobado,REGULAR,49999,9.98345E+14,0,"19,500",61%,31435,PROPIEDAD ACTIVO FIJO,Medio A,CLIENTE_BANCO,10400,Mínimo,39%,0,263,756,0,0,0,0,0,0,34,Renta,Posgrado
2.01406E+16,937,Aprobada,CN0,Aprobado,REGULAR,47000,9.98345E+14,0,"12,220",74%,26025,RECIBOS DE NOMINA,Medio A,CLIENTE_BANCO,0,Mínimo,26%,0,263,784,1,0,0,0,0,0,28,Propia,Posgrado
2.01408E+16,5194,Aprobada,CN0,Aprobado,BUENO,49999,9.98345E+14,1,"57,999",-16%,34670,PROPIEDAD ACTIVO FIJO,Medio A,CLIENTE_BANCO,15000,Mínimo,116%,0,264,757,0,552,0,0,0,0,49,Familiares,Licenciatura
2.01408E+16,682,Aprobada,CN0,Aprobado,REGULAR,9899,9.98345E+14,1,"1,782",82%,28091,RECIBOS DE NOMINA,Alto B,CLIENTE_BANCO,8500,Mínimo,18%,0,264,802,0,0,0,0,0,0,27,Hipoteca,Preparatoria
2.01408E+16,4144,Aprobada,CN0,Aprobado,BUENO,203000,9.98345E+14,2,"223,300",-10%,74955,PROPIEDAD ACTIVO FIJO,Medio A,CLIENTE_BANCO,40004,Bajo,110%,0,265,740,1,13687,510,0,0,0,52,Renta,Preparatoria
2.01408E+16,4460,Aprobada,CN0,Aprobado,BUENO,49999,9.98345E+14,2,"42,999",14%,31734,PROPIEDAD ACTIVO FIJO,Medio A,CLIENTE_BANCO,86500,Bajo,86%,0,265,750,1,9254,1090,0,123476,0,34,Hipoteca,Preparatoria
2.01407E+16,117,Aprobada,CN0,Aprobado,BUENO,83000,9.98345E+14,0,"70,550",15%,30566,RECIBOS DE NOMINA,Medio A,CLIENTE_BANCO,23000,Mínimo,85%,0,265,766,0,0,0,0,0,0,33,Renta,Licenciatura
2.01408E+16,192,Aprobada,CN0,Aprobado,REGULAR,49999,9.98345E+14,0,"14,500",71%,59329,DECLARACION ANUAL PFAE,Alto A,CLIENTE_BANCO,48000,Mínimo,29%,0,265,767,0,4354,0,0,0,0,43,Hipoteca,Licenciatura
2.01408E+16,855,Aprobada,CN0,Aprobado,REGULAR,49999,9.98345E+14,1,"16,000",68%,31118,PROPIEDAD ACTIVO FIJO,Alto A,CLIENTE_BANCO,0,Mínimo,32%,0,265,788,0,0,0,0,0,0,31,Renta,Posgrado
2.01408E+16,9196,Aprobada,CN0,Aprobado,REGULAR,57000,9.98345E+14,2,"66,120",-16%,31558,RECIBOS DE NOMINA,Alto C,CLIENTE_BANCO,0,Medio ,116%,0,266,684,0,0,0,0,0,0,27,Propia,Preparatoria
2.01408E+16,678,Aprobada,CN0,Aprobado,BUENO,94000,9.98345E+14,2,"61,100",35%,57284,RECIBOS DE NOMINA,Alto B,CLIENTE_BANCO,30000,Bajo,65%,0,266,735,0,0,0,0,185171,0,48,Renta,Preparatoria
2.01408E+16,4364,Aprobada,CN0,Aprobado,BUENO,49999,9.98345E+14,0,"34,499",31%,34052,RECIBOS DE NOMINA,Alto B,CLIENTE_BANCO,0,Bajo,69%,0,266,741,0,0,0,0,0,0,29,Propia,Preparatoria
2.01408E+16,28,Aprobada,CN0,Aprobado,REGULAR,4999,9.98345E+14,1,"1,850",63%,12645,RECIBOS DE NOMINA,Medio A,CLIENTE_BANCO,0,Mínimo,37%,0,266,783,0,0,0,0,0,0,60,Renta,Preparatoria
2.01408E+16,4361,Aprobada,CN0,Aprobado,REGULAR,13000,9.98345E+14,2,"14,690",-13%,10186,RECIBOS DE NOMINA,Alto C,CLIENTE_BANCO,1,Medio ,113%,0,267,687,0,0,0,0,0,0,38,Renta,Posgrado
2.01408E+16,729,Aprobada,CN0,Aprobado,BUENO,4999,9.98345E+14,2,"2,799",44%,27855,RECIBOS DE NOMINA,Alto C,CLIENTE_BANCO,0,Bajo,56%,0,267,744,0,0,0,0,0,0,45,Propia,Posgrado
2.01408E+16,261,Aprobada,CN0,Aprobado,REGULAR,23000,9.98345E+14,2,"25,300",-10%,12772,RECIBOS DE NOMINA,Alto C,CLIENTE_BANCO,0,Medio ,110%,0,268,690,0,0,0,0,0,0,53,Hipoteca,Licenciatura
2.01408E+16,7557,Aprobada,CN0,Aprobado,BUENO,47001,9.98345E+14,0,"46,531",1%,28415,PROPIEDAD ACTIVO FIJO,Medio A,CLIENTE_BANCO,15400,Mínimo,99%,0,269,757,1,6533,250,0,0,0,41,Renta,Licenciatura
2.01408E+16,619,Aprobada,CN0,Aprobado,BUENO,49999,9.98345E+14,0,"23,000",54%,18249,PROPIEDAD ACTIVO FIJO,Medio B,NO_CLIENTE,0,Mínimo,46%,0,269,764,0,0,0,0,0,0,45,Familiares,Posgrado
2.01408E+16,734,Aprobada,CN0,Aprobado,BUENO,1999,9.98345E+14,0,860,57%,10447,PROPIEDAD ACTIVO FIJO,Alto A,CLIENTE_BANCO,13700,Bajo,43%,0,270,703,0,151,0,0,2647,0,36,Renta,Posgrado
2.01408E+16,4182,Aprobada,CN0,Aprobado,BUENO,275000,9.98345E+14,2,"247,500",10%,16333,PROPIEDAD ACTIVO FIJO,Alto A,CLIENTE_BANCO,293000,Bajo,90%,0,270,710,0,0,0,0,0,0,25,Propia,Posgrado
2.01408E+16,460,Aprobada,CN0,Aprobado,BUENO,4999,9.98345E+14,1,"4,899",2%,10307,RECIBOS DE NOMINA,Alto C,CLIENTE_BANCO,0,Bajo,98%,0,271,722,0,0,0,0,0,0,54,Hipoteca,Preparatoria
2.01408E+16,6578,Aprobada,CN0,Aprobado,BUENO,9899,9.98345E+14,0,"8,414",15%,16336,PROPIEDAD ACTIVO FIJO,Alto A,CLIENTE_BANCO,15000,Bajo,85%,0,271,723,1,2595,250,0,0,0,35,Renta,Preparatoria
2.01408E+16,4430,Aprobada,CN0,Aprobado,REGULAR,150000,9.98345E+14,0,"30,000",80%,41236,RECIBOS DE NOMINA,Medio A,CLIENTE_BANCO,161500,Bajo,20%,0,271,741,0,2577,0,0,0,0,36,Familiares,Preparatoria
2.01408E+16,384,Aprobada,CN0,Aprobado,BUENO,49999,9.98345E+14,0,"23,500",53%,11533,PROPIEDAD ACTIVO FIJO,Medio A,CLIENTE_BANCO,54000,Bajo,47%,0,272,714,0,0,0,0,0,0,54,Propia,Licenciatura
2.01408E+16,701,Aprobada,CN0,Aprobado,BUENO,20100,9.98345E+14,1,"13,869",31%,11170,RECIBOS DE NOMINA,Medio A,CLIENTE_BANCO,0,Mínimo,69%,0,273,751,0,0,0,0,0,0,44,Familiares,Licenciatura
2.01408E+16,653,Aprobada,CN0,Aprobado,BUENO,25999,9.98345E+14,2,"14,819",43%,2405,DECLARACION ANUAL PFAE,Alto B,CLIENTE_BANCO,0,Bajo,57%,0,274,743,0,0,0,0,0,0,28,Renta,Preparatoria
2.01408E+16,290,Aprobada,CN0,Aprobado,BUENO,49999,9.98345E+14,2,"27,999",44%,40223,RECIBOS DE NOMINA,Medio A,CLIENTE_BANCO,118000,Mínimo,56%,0,275,757,1,20444,1480,0,0,0,35,Renta,Preparatoria
2.01408E+16,153,Aprobada,CN0,Aprobado,BUENO,1999,9.98345E+14,2,"1,899",5%,8273,RECIBOS DE NOMINA,Alto C,CLIENTE_BANCO,0,Bajo,95%,0,276,705,0,0,0,0,0,0,50,Propia,Posgrado
2.01408E+16,422,Aprobada,CN0,Aprobado,BUENO,4999,9.98345E+14,1,"5,749",-15%,22237,RECIBOS DE NOMINA,Alto C,CLIENTE_BANCO,0,Bajo,115%,0,276,705,0,0,0,0,0,0,34,Propia,Licenciatura
2.01408E+16,771,Aprobada,CN0,Aprobado,BUENO,1999,9.98345E+14,0,"1,239",38%,17851,RECIBOS DE NOMINA,Alto C,CLIENTE_BANCO,0,Bajo,62%,0,276,748,0,0,0,0,0,0,59,Renta,Licenciatura
2.01408E+16,4082,Aprobada,CN0,Aprobado,BUENO,27000,9.98345E+14,1,"27,270",-1%,14200,RECIBOS DE NOMINA,Medio A,CLIENTE_BANCO,11700,Bajo,101%,0,276,750,1,1619,250,0,0,0,55,Propia,Posgrado
2.01408E+16,372,Aprobada,CN0,Aprobado,REGULAR,1999,9.98345E+14,0,780,61%,14886,RECIBOS DE NOMINA,Medio A,CLIENTE_BANCO,0,Mínimo,39%,0,276,771,0,0,0,0,0,0,31,Renta,Preparatoria
2.01407E+16,11753,Aprobada,CN0,Aprobado,REGULAR,49999,9.98345E+14,0,"18,000",64%,34258,PROPIEDAD ACTIVO FIJO,Alto B,CLIENTE_BANCO,0,Mínimo,36%,0,276,774,0,0,0,0,125129,0,27,Propia,Posgrado
2.01408E+16,4319,Aprobada,CN0,Aprobado,BUENO,45000,9.98345E+14,1,"46,800",-4%,10021,RECIBOS DE NOMINA,Alto C,CLIENTE_BANCO,0,Bajo,104%,0,277,716,0,0,0,0,0,0,46,Hipoteca,Posgrado
2.01408E+16,390,Aprobada,CN0,Aprobado,REGULAR,275000,9.98345E+14,0,"104,500",62%,43708,PROPIEDAD ACTIVO FIJO,Alto A,CLIENTE_BANCO,170000,Mínimo,38%,0,277,779,0,0,0,0,0,0,56,Familiares,Preparatoria
2.01408E+16,302,Aprobada,CN0,Aprobado,BUENO,9899,9.98345E+14,0,"5,246",47%,17486,PROPIEDAD ACTIVO FIJO,Alto A,CLIENTE_BANCO,0,Mínimo,53%,0,278,757,0,0,0,0,0,0,54,Hipoteca,Preparatoria
2.01408E+16,4320,Aprobada,CN0,Aprobado,BUENO,267000,9.98345E+14,0,"128,160",52%,56134,RECIBOS DE NOMINA,Alto A,CLIENTE_BANCO,300000,Bajo,48%,0,279,740,1,13806,3760,0,0,0,27,Familiares,Preparatoria
2.01408E+16,241,Aprobada,CN0,Aprobado,BUENO,49999,9.98345E+14,1,"51,499",-3%,96689,RECIBOS DE NOMINA,Medio A,CLIENTE_BANCO,99500,Bajo,103%,0,282,750,1,46686,1250,0,0,0,44,Familiares,Preparatoria
2.01408E+16,525,Aprobada,CN0,Aprobado,BUENO,130000,9.98345E+14,2,"130,000",0%,34524,RECIBOS DE NOMINA,Medio A,CLIENTE_BANCO,55000,Mínimo,100%,0,283,767,1,3528,690,0,0,0,29,Familiares,Posgrado
2.01408E+16,4339,Aprobada,CN0,Aprobado,BUENO,2999,9.98345E+14,1,"3,479",-16%,16677,RECIBOS DE NOMINA,Alto C,CLIENTE_BANCO,0,Bajo,116%,0,287,704,0,0,0,0,0,0,49,Propia,Preparatoria
2.01406E+16,302,Aprobada,CN0,Aprobado,BUENO,206000,9.98345E+14,0,"119,480",42%,114210,PROPIEDAD ACTIVO FIJO,Alto C,CLIENTE_BANCO,0,Bajo,58%,0,288,731,1,3949,1320,0,0,0,58,Renta,Licenciatura
2.01408E+16,497,Aprobada,CN0,Aprobado,REGULAR,49999,9.98345E+14,0,"18,500",63%,49269,PROPIEDAD ACTIVO FIJO,Medio A,CLIENTE_BANCO,81000,Mínimo,37%,0,288,767,1,4467,1020,0,0,0,34,Renta,Posgrado
2.01408E+16,520,Aprobada,CN0,Aprobado,BUENO,1999,9.98345E+14,0,"1,299",35%,15561,RECIBOS DE NOMINA,Alto C,CLIENTE_BANCO,0,Bajo,65%,0,291,745,0,0,0,0,0,0,58,Renta,Preparatoria
2.01407E+16,22042,Aprobada,CN0,Aprobado,REGULAR,235000,9.98345E+14,0,"91,650",61%,4961,PROPIEDAD ACTIVO FIJO,Alto A,CLIENTE_BANCO,102000,Mínimo,39%,0,292,757,0,14565,0,0,0,0,60,Familiares,Preparatoria
2.01408E+16,525,Aprobada,CN0,Aprobado,BUENO,150000,9.98345E+14,1,"123,000",18%,44968,RECIBOS DE NOMINA,Alto A,CLIENTE_BANCO,189500,Bajo,82%,0,297,740,1,138509,560,0,0,0,57,Renta,Licenciatura
